commodity,total,mapped,top_origins,regions
TEA,9295628,9295628,China 4835358; Bengal 2071964; Bengal And Burmah 1025005; Ceylon 950597; Hong Kong 103951; Holland 87547,China & Japan 4942929; India & Southeast Asia 4138903; Europe 184279; Mediterranean & Levant 13507; North America 11683; Australasia & Pacific 3810; South America 438; Africa 78
FRUIT,1450574,1450574,Spain 442898; Greece 294834; Turkey 151400; France 95074; United States Of America 76659; Portugal 72670,Europe 815870; Mediterranean & Levant 470277; North America 117235; China & Japan 20595; Australasia & Pacific 8725; Caribbean & Central America 7985; South America 5120; India & Southeast Asia 4314; Africa 453
SILK MANUFACTURES,1353445,1219737,France 555000; Belgium 379048; Holland 216097; British East Indies 19456; China 11672; United States Of America 8490,Europe 1153671; Unmapped 133708; China & Japan 21796; India & Southeast Asia 21658; North America 15734; South America 4859; Australasia & Pacific 1186; Caribbean & Central America 770; Mediterranean & Levant 62
"SKINS, FURS AND PELTS",1143301,1143301,Cape Of Good Hope 143973; United States Of America 107809; Argentine Republic 99836; New Zealand 83731; France 79449; British Possessions In South Africa 55783,Africa 228742; Europe 226837; Australasia & Pacific 224827; North America 173628; South America 128381; India & Southeast Asia 104425; China & Japan 37625; Mediterranean & Levant 18828; Caribbean & Central America 8
HEMP,1105023,1105023,Philippine Islands 351834; Germany 143482; Italy 142553; Russia 133047; Philippine And Ladrone Islands 90757; Hong Kong 64649,India & Southeast Asia 493596; Europe 436495; China & Japan 71810; Australasia & Pacific 44274; North America 21113; Africa 19004; Caribbean & Central America 17978; Mediterranean & Levant 753
WOOL,999785,999785,New South Wales 173632; New Zealand 126592; Victoria 115083; Cape Of Good Hope 60934; British Possessions In South Africa 54360; France 51195,Australasia & Pacific 572323; Europe 147055; Africa 126095; Mediterranean & Levant 60524; India & Southeast Asia 51498; South America 37266; North America 2465; China & Japan 2453; Caribbean & Central America 106
WOOLLEN MANUFACTURES,877427,877427,France 715779; Holland 67180; Germany 35906; Belgium 25091; United States Of America (Atlantic) 13969; Australasia 2937,Europe 848107; North America 16963; South America 3321; Australasia & Pacific 2946; India & Southeast Asia 2512; China & Japan 1255; Africa 1083; Caribbean & Central America 734; Mediterranean & Levant 507
RICE,628582,628582,Bengal And Burmah 416384; Bengal 54514; Madras 39488; Holland 27495; Burmah 26143; Japan 19166,India & Southeast Asia 564262; Europe 43182; China & Japan 19750; Mediterranean & Levant 651; North America 396; Africa 316; South America 25
ZINC AND ZINC ORE,563093,563093,Germany 163152; Holland 143113; Belgium 91719; France 34269; Bengal 24249; Italy 17245,Europe 461569; India & Southeast Asia 48934; North America 20867; Mediterranean & Levant 12956; Australasia & Pacific 6434; Africa 3519; Caribbean & Central America 3094; China & Japan 2971; South America 2749
SPICES,535607,535607,British East Indies 182536; Straits Settlements 154017; British West India Islands 53812; Ceylon 27252; Holland 20059; Bombay 12986,India & Southeast Asia 402363; Caribbean & Central America 53955; Europe 29020; Africa 24382; China & Japan 18704; North America 6557; Mediterranean & Levant 414; South America 140; Australasia & Pacific 72
WINE,502999,502999,France 232539; Portugal 112416; Spain 108496; Holland 25402; Italy 8765; Germany 4829,Europe 495304; Australasia & Pacific 4902; North America 881; Africa 716; Mediterranean & Levant 663; India & Southeast Asia 447; South America 51; China & Japan 28; Caribbean & Central America 7
IRON AND STEEL,494247,494247,Spain 186188; Sweden 107599; Holland 65482; Belgium 42050; United States Of America 23764; Germany 18662,Europe 444002; North America 27436; Mediterranean & Levant 18462; Australasia & Pacific 2295; India & Southeast Asia 996; China & Japan 723; South America 190; Africa 83; Caribbean & Central America 60
"SILK, RAW AND THROWN",477111,477111,France 212336; China 73228; Bengal 26827; Argentine Republic 23235; Holland 21853; Belgium 19242,Europe 276789; China & Japan 107241; India & Southeast Asia 42190; South America 38513; Caribbean & Central America 10243; Mediterranean & Levant 1095; North America 885; Australasia & Pacific 152; Africa 3
TALLOW and STEARINE,467084,467084,Australasia 174050; United States Of America 119467; Argentine Republic 58719; Uruguay 48567; France 26786; Russia 18298,Australasia & Pacific 178889; North America 121125; South America 107353; Europe 59674; India & Southeast Asia 19; China & Japan 19; Africa 5; Mediterranean & Levant 0
SPIRITS,463185,463185,British Guiana 164975; British West India Islands 164141; Holland 42183; United States Of America 18229; France 11180; Mauritius 10460,Caribbean & Central America 174064; South America 169752; Europe 71226; North America 27327; Africa 12443; China & Japan 2506; Australasia & Pacific 2466; India & Southeast Asia 2285; Mediterranean & Levant 1116
HAMS,381460,381460,United States Of America 354438; Canada 26122; Germany 385; Denmark 312; Spain 137; Belgium 67,North America 380560; Europe 900
COFFEE,347196,347196,Brazil 60948; Central America 56537; Ceylon 53670; Madras 46780; United States Of America 24470; Bombay 17862,India & Southeast Asia 123845; Caribbean & Central America 97921; South America 62237; Europe 29076; North America 24470; Africa 8248; Mediterranean & Levant 953; China & Japan 446
WOOLLEN YARN,339187,339187,Belgium 164857; France 95523; Germany 68621; Holland 3164; Denmark 2351; Egypt 1005,Europe 336723; Mediterranean & Levant 1129; Australasia & Pacific 710; South America 283; North America 214; India & Southeast Asia 129
EMBROIDERY AND NEEDLEWORK,265905,231456,France 137462; Belgium 65034; Holland 12391; Turkey 4959; Portugal 4899; Germany 4082,Europe 223867; Unmapped 34449; Mediterranean & Levant 4959; China & Japan 1421; India & Southeast Asia 1174; Africa 24; North America 11
FISH,257671,257671,Holland 67709; United States Of America 47552; France 46184; Norway 30297; Canada 24852; British West India Islands 11192,Europe 172653; North America 72980; Caribbean & Central America 11218; Australasia & Pacific 753; South America 33; India & Southeast Asia 25; Africa 10; Mediterranean & Levant 0
SUGAR,250910,250910,Germany 79607; France 40824; Holland 17917; British West India Islands 15973; Java 14054; Belgium 12995,Europe 152564; South America 29837; India & Southeast Asia 27170; Caribbean & Central America 24811; Africa 5117; North America 4202; Australasia & Pacific 3471; Mediterranean & Levant 2214; China & Japan 1525
"COTTON, RAW",232782,232782,United States Of America 128710; Egypt 56966; United States Of America (Atlantic) 27102; Bombay 7216; Brazil 3597; Madras 1986,North America 155854; Mediterranean & Levant 57460; India & Southeast Asia 11570; South America 5594; Europe 1646; Caribbean & Central America 215; China & Japan 182; Africa 143; Australasia & Pacific 118
GOODS UNENUMERATED,231212,163621,Germany 29815; Belgium 22413; France 21394; United States Of America 18013; Russia (Northern Ports) 15722; Holland 15566,Europe 135756; Unmapped 67591; North America 18574; South America 4783; China & Japan 3947; Caribbean & Central America 306; Mediterranean & Levant 256
"LACE, and Articles thereof",195716,195716,France 130600; Holland 46922; Belgium 15995; Germany 2068; Denmark 128; British East Indies 2,Europe 195713; India & Southeast Asia 2; Mediterranean & Levant 0
CHEMICAL MANUFACTURES AND PRODUCTS,192958,192958,France 43960; Germany 43496; Holland 38186; Italy 25241; Chile 13719; United States Of America 7644,Europe 166152; South America 14911; North America 7741; India & Southeast Asia 1951; Mediterranean & Levant 1612; China & Japan 399; Australasia & Pacific 181; Caribbean & Central America 10
HATS OR BONNETS,160544,160544,United States Of America 56633; British East Indies 38819; Mexico 25749; Madagascar 13205; Mauritius 10301; Philippine Islands 6012,North America 56633; India & Southeast Asia 44831; Caribbean & Central America 25749; Africa 23506; Europe 4558; China & Japan 3769; Mediterranean & Levant 1497
DRUGS,150433,150433,Turkey 19256; Madras 18012; Ceylon 16708; Asiatic 11629; Bombay 10113; Holland 8753,India & Southeast Asia 63920; Europe 30632; Mediterranean & Levant 24123; South America 13482; China & Japan 9934; North America 4842; Africa 2071; Caribbean & Central America 1418; Australasia & Pacific 10
LEATHER AND LEATHER MANUFACTURES,149924,149924,France 43018; Holland 34048; United States Of America 30752; Belgium 24916; Germany 9129; Denmark 2738,Europe 115359; North America 33139; Mediterranean & Levant 362; Africa 324; Australasia & Pacific 290; South America 266; India & Southeast Asia 133; Caribbean & Central America 47; China & Japan 3
FARINACEOUS SUBSTANCES,135872,135872,Germany 32252; Holland 17854; Burmah 17756; Cape Of Good Hope 12630; British East Indies 9217; United States Of America 8968,Europe 67434; India & Southeast Asia 39061; Africa 13017; North America 10590; Caribbean & Central America 3940; China & Japan 618; Mediterranean & Levant 613; South America 553; Australasia & Pacific 47
"HIDES, RAW",129953,129953,Bengal 40249; United States Of America 10596; Straits Settlements 7708; Bengal And Burmah 7220; Germany 7156; British Possessions In South Africa 6648,India & Southeast Asia 67748; Europe 22908; Africa 16506; North America 11021; Australasia & Pacific 4051; South America 3262; China & Japan 3010; Caribbean & Central America 785; Mediterranean & Levant 661
LIQUORICE,108331,108331,Italy 55259; Turkey 29475; Russia 10294; France 8819; Spain 3532; United States Of America 600,Europe 78250; Mediterranean & Levant 29475; North America 600; India & Southeast Asia 6
OIL,84246,84246,United States Of America 25725; Italy 8146; Lagos 6718; Russia (Northern Ports) 4610; Ceylon 4209; France 4024,North America 28285; Europe 27381; Africa 13981; India & Southeast Asia 8293; Mediterranean & Levant 4216; Australasia & Pacific 1236; China & Japan 360; South America 297; Caribbean & Central America 197
"PAINTERS' Colours and Pigments, Unenumerated",81726,75675,Holland 31020; Belgium 17537; Germany 15034; France 7956; United States Of America 1797; Spain 779,Europe 73137; Unmapped 6051; North America 1828; India & Southeast Asia 300; Mediterranean & Levant 268; China & Japan 77; Australasia & Pacific 52; Caribbean & Central America 11; South America 2
TOBACCO,79464,79464,United States Of America 58246; Holland 10992; Turkey 1917; Germany 1562; Egypt 1404; France 1231,North America 58280; Europe 14666; Mediterranean & Levant 3375; China & Japan 1802; India & Southeast Asia 1030; Caribbean & Central America 154; South America 82; Australasia & Pacific 54; Africa 21
GLASS,76922,76922,Belgium 38696; Germany 18746; France 8613; Holland 6969; Sweden 885; Australia 568,Europe 74503; North America 848; Australasia & Pacific 645; Africa 309; India & Southeast Asia 272; South America 140; Caribbean & Central America 83; Mediterranean & Levant 66; China & Japan 57
FLAX,72864,72864,Russia 44239; Belgium 18009; Holland 6489; Germany 2654; France 927; United States Of America 361,Europe 72318; North America 520; Mediterranean & Levant 26
DYE STUFFS AND DYE WOODS,62866,2546,France 745; Bombay 423; Mexico 223; United States Of America 203; Holland 174; Madras 126,Unmapped 60320; Europe 1201; India & Southeast Asia 640; Caribbean & Central America 315; North America 279; Mediterranean & Levant 72; Africa 27; South America 10; China & Japan 0; Australasia & Pacific 0
TIN,55710,55710,Straits Settlements 40157; New South Wales 6709; Victoria 2410; Chile 2394; Bombay 1477; Queensland 532,India & Southeast Asia 41993; Australasia & Pacific 9885; South America 2764; Europe 889; China & Japan 139; North America 30; Africa 9
BRISTLES,55455,55455,Russia 19382; Germany 10719; China 7289; Holland 5379; Denmark 4351; France 1751,Europe 43385; China & Japan 8493; India & Southeast Asia 1511; Australasia & Pacific 1249; North America 736; South America 70; Mediterranean & Levant 10
FEATHERS AND DOWN,49706,49706,France 13813; British Possessions In South Africa 12549; Germany 6861; Holland 4475; China 2274; British East Indies 1700,Europe 27773; Africa 12753; China & Japan 2812; India & Southeast Asia 1843; North America 1605; South America 1320; Caribbean & Central America 811; Mediterranean & Levant 493; Australasia & Pacific 296
CAOUTCHOU,47929,47929,Brazil 25709; The Gold Coast 3530; Germany 3104; Straits Settlements 1755; Lagos 1673; France 1554,South America 27474; Europe 8173; Africa 7928; India & Southeast Asia 2240; North America 1734; Caribbean & Central America 349; Australasia & Pacific 27; Mediterranean & Levant 5
"FLOWERS, Artificial",45501,45501,France 39127; Holland 5268; Germany 843; Belgium 263; United States Of America 1; Canada 0,Europe 45500; North America 1
"COPPER, Ore of",42062,42062,United States Of America 7746; Chile 5700; Sweden 5378; France 4594; Cape Of Good Hope 3896; Greece 2878,Europe 15647; North America 8116; South America 7181; Africa 3896; Australasia & Pacific 3654; Mediterranean & Levant 2990; China & Japan 350; Caribbean & Central America 137; India & Southeast Asia 91
COCOA,39722,39722,British West India Islands 14964; Portugal 5090; Ceylon 4209; Ecuador 4077; France 3806; Brazil 2551,Caribbean & Central America 15757; Europe 12332; South America 6861; India & Southeast Asia 4243; North America 319; Africa 210
SALTPETRE,33397,33397,Bengal And Burmah 9461; Germany 8641; Holland 4911; British India 2594; Belgium 1899; United States Of America 1685,Europe 17558; India & Southeast Asia 13444; North America 1845; Australasia & Pacific 281; China & Japan 79; South America 79; Mediterranean & Levant 73; Caribbean & Central America 37
JUTE,31056,31056,Bengal 30934; China 33; Germany 28; Madras 15; France 14; Aden 11,India & Southeast Asia 30961; Europe 45; China & Japan 33; Africa 16; North America 1
LEAD,28006,0,,Unmapped 28006
"SUGAR. Refined, or rendered by any process equal thereto, in Lumps and Leaves",26968,0,,Unmapped 26968
"PICTURES AND DRAWINGS, by hand",26888,0,,Unmapped 26888
ICE,25545,0,,Unmapped 25545
"ORE, Unenumerated",24146,0,,Unmapped 24146
BOOKS,20559,0,,Unmapped 20559
MEAL AND FLOUR,19067,0,,Unmapped 19067
SPONGE,17564,0,,Unmapped 17564
CHICORY,16452,0,,Unmapped 16452
"CORDAGE, TWINE, AND CABLE YARN",14641,0,,Unmapped 14641
SAGO,14578,0,,Unmapped 14578
STRAW PLAITING,13975,0,,Unmapped 13975
JUTE YARN,13249,0,,Unmapped 13249
CLOCKS AND WATCHES,13059,13059,France 9630; Belgium 2286; United States Of America 827; Germany 219; Holland 64; Australasia 26,Europe 12198; North America 827; Australasia & Pacific 26; Mediterranean & Levant 5; India & Southeast Asia 3
LINEN,12245,0,,Unmapped 12245
GUM,9416,9416,France 2284; Egypt 1205; Persia 1153; Asiatic 1059; Austrian Territories 831; Morocco 692,Europe 3736; Mediterranean & Levant 3510; India & Southeast Asia 1604; Africa 506; Australasia & Pacific 24; South America 22; North America 11; China & Japan 2
PAPER,9156,9156,Holland 2086; Germany 1597; Sweden 898; Belgium 886; Norway 684; Philippine And Ladrone Islands 587,Europe 7470; India & Southeast Asia 630; North America 597; Mediterranean & Levant 372; China & Japan 47; Africa 18; South America 11; Caribbean & Central America 9; Australasia & Pacific 2
"DYE STUFFS (other than Dye Woods), and Substances used in Tanning and Dyeing, viz.",8855,0,,Unmapped 8855
"FRUIT AND VEGETABLES, PRESERVED IN SUGAR",8150,0,,Unmapped 8150
CORN AND GRAIN,7806,0,,Unmapped 7806
"COALS, CULM, CINDERS AND SHALE",6845,0,,Unmapped 6845
"VEGETABLES, RAW",6501,0,,Unmapped 6501
BUTTER,6131,6131,France 2574; Holland 1326; Denmark 894; Germany 491; Belgium 299; Canada 231,Europe 5690; North America 441
BEADS,6004,0,,Unmapped 6004
"ETHER, SULPHURIC",5759,0,,Unmapped 5759
"PETROLEUM, Illuminating",5701,0,,Unmapped 5701
CORK,4942,4942,Holland 902; United States Of America 887; France 823; Germany 640; Belgium 563; Bengal 280,Europe 3495; North America 943; India & Southeast Asia 287; China & Japan 154; Mediterranean & Levant 42; Caribbean & Central America 16; Australasia & Pacific 3; South America 1
"CHINAWARE OR PORCELAIN, AND EARTHENWARE",4822,0,,Unmapped 4822
ONIONS,4786,4786,Spain 1856; Egypt 1277; Holland 666; France 315; Belgium 261; Portugal 201,Europe 3477; Mediterranean & Levant 1309
SEEDS,4500,4500,France 1621; Bengal 1151; Bombay 506; Holland 396; Russia 225; Germany 203,Europe 2534; India & Southeast Asia 1671; South America 203; North America 43; Mediterranean & Levant 31; Australasia & Pacific 9; Caribbean & Central America 7; China & Japan 1; Africa 1
OLEO-MARGARINE OR OLEO OIL,4378,0,,Unmapped 4378
TOYS,4241,4241,Germany 2405; Holland 893; France 466; Belgium 248; Canary Islands 120; Spain 54,Europe 4204; North America 18; China & Japan 13; Africa 6
TAN,4096,0,,Unmapped 4096
MINERAL WATER,3591,0,,Unmapped 3591
WOOD AND TIMBER,3462,3462,Sweden 687; Russia 668; Canada 623; United States Of America 453; Norway 238; France 179,Europe 2035; North America 1208; India & Southeast Asia 95; Australasia & Pacific 48; Caribbean & Central America 36; Africa 33; South America 6; Mediterranean & Levant 1; China & Japan 0
"ANIMALS, LIVING",3061,0,,Unmapped 3061
"METAL: Leaf, not Gold",2694,0,,Unmapped 2694
FURNITURE AND HARDWOODS,2642,2642,Canada 700; Russia 533; Sweden 472; Norway 234; United States Of America 190; Germany 183,Europe 1531; North America 890; Caribbean & Central America 134; India & Southeast Asia 64; South America 13; Mediterranean & Levant 7; Africa 2
SALT,2494,0,,Unmapped 2494
"MEAT, Preserved, otherwise than by Salting",2347,0,,Unmapped 2347
"ARMS: Swords, Cutlasses, Matchets, and Bayonets",2137,0,,Unmapped 2137
"BUTTONS AND STUDS, not of Metal",1836,0,,Unmapped 1836
ARMS AND AMMUNITION,1443,0,,Unmapped 1443
"PLANTS, SHRUBS, TREES, AND FLOWER ROOTS",1302,0,,Unmapped 1302
BEEF,1046,0,,Unmapped 1046
"METHYLIC ALCOHOL, not purified so as to be potable",1035,0,,Unmapped 1035
"CORN, GRAIN, MEAL AND FLOUR",909,909,United States Of America 323; Russia 144; Germany 104; France 58; Bengal And Burmah 54; Canada 51,North America 376; Europe 368; India & Southeast Asia 75; Mediterranean & Levant 72; South America 11; Australasia & Pacific 6
RAGS and other Materials used for making Paper,867,0,,Unmapped 867
PLATINA,816,0,,Unmapped 816
PAPER-MAKING MATERIALS,350,0,,Unmapped 350
"WOOLLEN RAGS, applicable to other uses than manure, torn up or not",258,0,,Unmapped 258
GOLD'd),200,0,,Unmapped 200
HAIR,118,0,,Unmapped 118
RABBITS,40,0,,Unmapped 40
