gold_commodity,year,unit,gold_total,note
Alkali,1871,CWTS (Hundredweights),99985,name-matched(exact) but absent in 1871
Almonds,1871,CWTS (Hundredweights),72899,name-matched(exact) but absent in 1871
Aniline,1886,None,0,name-matched(exact) but absent in 1886
Animal Oil,1871,CWTS (Hundredweights),32821,name-matched(subset) but absent in 1871
Animals Unenumerated,1871,None,0,name-matched(exact) but absent in 1871
Arms and Ammunition Gunpowder,1881,CWTS (Hundredweights),10437,name-matched(subset) but absent in 1881
"Art, Works of, other than Pictures",1871,None,0,name-matched(exact) but absent in 1871
"Art, Works of, other than Pictures",1881,None,0,name-matched(exact) but absent in 1881
Asphalt or Bitumen,1871,Tons,14430,name-matched(exact) but absent in 1871
Asphalt or Bitumen,1876,Tons,22902,name-matched(exact) but absent in 1876
Asphalt or Bitumen,1881,Tons,18818,name-matched(exact) but absent in 1881
Bacon,1871,CWTS (Hundredweights),1028385,name-matched(exact) but absent in 1871
Bacon,1881,CWTS (Hundredweights),3876053,name-matched(exact) but absent in 1881
Bark For Tanners and Dyers Use,1871,CWTS (Hundredweights),415598,name-matched(subset) but absent in 1871
Bark For Tanners and Dyers Use,1881,CWTS (Hundredweights),325442,name-matched(subset) but absent in 1881
Bark For Tanners and Dyers Use,1891,CWTS (Hundredweights),489846,name-matched(subset) but absent in 1891
Bark Of other sorts,1871,CWTS (Hundredweights),29525,name-matched(exact) but absent in 1871
Bark Peruvian,1871,CWTS (Hundredweights),21043,name-matched(exact) but absent in 1871
Bark Peruvian,1876,CWTS (Hundredweights),26021,name-matched(exact) but absent in 1876
Bark Peruvian,1881,CWTS (Hundredweights),125358,name-matched(exact) but absent in 1881
Barley,1871,CWTS (Hundredweights),8569012,name-matched(exact) but absent in 1871
Barley meal,1871,CWTS (Hundredweights),600,name-matched(exact) but absent in 1871
Beads Unenumerated,1871,Lbs. (Pounds),108631,name-matched(exact) but absent in 1871
Beads of Glass,1871,Lbs. (Pounds),2095610,name-matched(subset) but absent in 1871
Beads of Glass,1881,Lbs. (Pounds),1613771,name-matched(subset) but absent in 1881
Bean meal,1871,CWTS (Hundredweights),768,name-matched(exact) but absent in 1871
Beans,1871,CWTS (Hundredweights),2990745,name-matched(exact) but absent in 1871
Beef Fresh or Slightly Salted,1871,CWTS (Hundredweights),22004,name-matched(subset) but absent in 1871
Beef Preserved not by Salting,1896,CWTS (Hundredweights),401961,name-matched(exact) but absent in 1896
Beef Salted,1871,CWTS (Hundredweights),280075,name-matched(subset) but absent in 1871
Beer and Ale Mum and Spruce,1881,Barrels,1932,name-matched(subset) but absent in 1881
Beer and Ale Mum and Spruce,1886,Barrels,1501,name-matched(subset) but absent in 1886
Beer and Ale Spruce,1871,Barrels,1820,name-matched(subset) but absent in 1871
Beer and Ale of other Sorts,1871,Barrels,2444,name-matched(exact) but absent in 1871
Beer and Ale of other Sorts,1881,Barrels,12013,name-matched(exact) but absent in 1881
Beer and Ale of other Sorts,1886,Barrels,23235,name-matched(exact) but absent in 1886
Bones (except Whalefins),1871,Tons,7979,name-matched(subset) but absent in 1871
Bones (except Whalefins),1881,Tons,6297,name-matched(subset) but absent in 1881
Bones (except Whalefins),1886,Tons,9496,name-matched(subset) but absent in 1886
Bones for manure,1871,Tons,92878,name-matched(exact) but absent in 1871
Bones for manure,1876,Tons,85129,name-matched(exact) but absent in 1876
Books,1871,CWTS (Hundredweights),14507,name-matched(exact) but absent in 1871
"Brass, Bronze, and Metal, Bronzed or Lacquered",1871,CWTS (Hundredweights),8030,name-matched(exact) but absent in 1871
"Brass, Bronze, and Metal, Bronzed or Lacquered",1881,CWTS (Hundredweights),8521,name-matched(exact) but absent in 1881
"Brass, Bronze, and Metal, Bronzed or Lacquered",1886,CWTS (Hundredweights),11670,name-matched(exact) but absent in 1886
"Brass, Bronze, and Metal, Bronzed or Lacquered",1891,CWTS (Hundredweights),18485,name-matched(exact) but absent in 1891
"Brass, Bronze, and Metal, Bronzed or Lacquered",1896,CWTS (Hundredweights),40850,name-matched(exact) but absent in 1896
Brimstone,1871,CWTS (Hundredweights),935131,name-matched(exact) but absent in 1871
Brimstone,1876,CWTS (Hundredweights),876490,name-matched(exact) but absent in 1876
Bristles,1871,Lbs. (Pounds),2915837,name-matched(exact) but absent in 1871
Buckwheat,1871,CWTS (Hundredweights),79592,name-matched(exact) but absent in 1871
Buckwheat meal,1871,CWTS (Hundredweights),37,name-matched(exact) but absent in 1871
Butter,1871,CWTS (Hundredweights),1334783,name-matched(exact) but absent in 1871
"Buttons and Studs, not of Metal",1871,None,0,name-matched(exact) but absent in 1871
"Buttons and Studs, not of Metal",1876,None,0,name-matched(exact) but absent in 1876
Calves,1871,Number,40139,name-matched(exact) but absent in 1871
Candles Other Kinds,1871,CWTS (Hundredweights),5979,name-matched(exact) but absent in 1871
Candles Stearine,1871,CWTS (Hundredweights),83236,name-matched(subset) but absent in 1871
Cannon and Mortars,1871,Number,39,name-matched(exact) but absent in 1871
Cannon and Mortars,1891,Number,0,name-matched(exact) but absent in 1891
Cannon and Mortars,1896,Number,0,name-matched(exact) but absent in 1896
Cannon and Mortars Mounted or Accompanied with Carriages,1881,CWTS (Hundredweights),61,name-matched(exact) but absent in 1881
Cannon and Mortars not Mounted or Accompanied with Carriages,1881,CWTS (Hundredweights),98,name-matched(exact) but absent in 1881
Caoutchouc,1871,CWTS (Hundredweights),161085,name-matched(exact) but absent in 1871
Caoutchouc,1891,CWTS (Hundredweights),278837,name-matched(exact) but absent in 1891
Caoutchouc Manufactures of,1871,Lbs. (Pounds),581815,name-matched(exact) but absent in 1871
Caoutchouc Manufactures of,1876,Lbs. (Pounds),871630,name-matched(exact) but absent in 1876
Caoutchouc Manufactures of,1881,Lbs. (Pounds),1114763,name-matched(exact) but absent in 1881
Caoutchouc Manufactures of,1891,Lbs. (Pounds),3180198,name-matched(exact) but absent in 1891
Caoutchouc Manufactures of,1896,Lbs. (Pounds),4365472,name-matched(exact) but absent in 1896
Cheese,1871,CWTS (Hundredweights),1216400,name-matched(exact) but absent in 1871
Cheese Imitation,1891,CWTS (Hundredweights),100,name-matched(exact) but absent in 1891
Chemical Essential or Perfumed Oils,1871,Lbs. (Pounds),530401,name-matched(subset) but absent in 1871
Chemical Manufactures and Products,1871,None,0,name-matched(exact) but absent in 1871
Chemical Manufactures and Products,1886,None,0,name-matched(exact) but absent in 1886
Chemical Manufactures and Products,1891,None,0,name-matched(exact) but absent in 1891
Chemical Manufactures and Products,1896,None,0,name-matched(exact) but absent in 1896
Chicory Raw or Kiln-Dried,1871,CWTS (Hundredweights),77375,name-matched(subset) but absent in 1871
Chicory Raw or Kiln-Dried,1881,CWTS (Hundredweights),137495,name-matched(subset) but absent in 1881
Chicory Raw or Kiln-Dried,1886,CWTS (Hundredweights),112467,name-matched(subset) but absent in 1886
Chicory Roasted or Ground,1871,Lbs. (Pounds),134816,name-matched(subset) but absent in 1871
Chicory Roasted or Ground,1881,Lbs. (Pounds),886684,name-matched(subset) but absent in 1881
Chicory Roasted or Ground,1886,Lbs. (Pounds),442635,name-matched(subset) but absent in 1886
China or Porcelain Ware,1871,CWTS (Hundredweights),27200,name-matched(exact) but absent in 1871
China or Porcelain and Earthenware,1886,CWTS (Hundredweights),157043,name-matched(exact) but absent in 1886
China or Porcelain and Earthenware,1891,CWTS (Hundredweights),208633,name-matched(exact) but absent in 1891
Chloral Hydrate,1886,Lbs. (Pounds),21077,name-matched(exact) but absent in 1886
Chloroform,1886,Lbs. (Pounds),3824,name-matched(exact) but absent in 1886
Clocks,1871,Number,325507,name-matched(exact) but absent in 1871
Clocks,1891,Number,0,name-matched(exact) but absent in 1891
Clocks,1896,Number,0,name-matched(exact) but absent in 1896
Clover and Grass Seeds,1871,CWTS (Hundredweights),340506,name-matched(subset) but absent in 1871
Coal Tar Dyes Unenumerated,1886,None,0,name-matched(exact) but absent in 1886
"Coals, Culm, or Cinders",1871,Tons,1314,name-matched(exact) but absent in 1871
Cochineal,1871,CWTS (Hundredweights),55429,name-matched(exact) but absent in 1871
Cocoa,1871,Lbs. (Pounds),17368302,name-matched(exact) but absent in 1871
Cocoa,1886,Lbs. (Pounds),25363443,name-matched(exact) but absent in 1886
Cocoa Husks and Shells,1871,CWTS (Hundredweights),10534,name-matched(subset) but absent in 1871
Cocoa Husks and Shells,1886,CWTS (Hundredweights),3211,name-matched(subset) but absent in 1886
Cocoa Paste or Chocolate,1871,Lbs. (Pounds),78501,name-matched(subset) but absent in 1871
Cocoa or Chocolate ground prepared or in anyway manufactured,1886,Lbs. (Pounds),1331904,name-matched(exact) but absent in 1886
Cocoa or Chocolate ground prepared or in anyway manufactured,1891,Lbs. (Pounds),2748383,name-matched(exact) but absent in 1891
Cocoa or Chocolate ground prepared or in anyway manufactured,1896,Lbs. (Pounds),3794422,name-matched(exact) but absent in 1896
Cocoa-nut Oil,1871,CWTS (Hundredweights),190492,name-matched(subset) but absent in 1871
Coffee,1886,CWTS (Hundredweights),1006543,name-matched(exact) but absent in 1886
Coffee Raw,1891,CWTS (Hundredweights),726868,name-matched(exact) but absent in 1891
Coffee and Chicory mixed,1886,Lbs. (Pounds),135193,name-matched(exact) but absent in 1886
Collodion,1876,Gallons,105,name-matched(exact) but absent in 1876
Collodion,1886,Gallons,582,name-matched(exact) but absent in 1886
Copper Manufactures Unenumerated including Copper Coin,1871,None,0,name-matched(exact) but absent in 1871
Copper Manufactures Unenumerated including Copper Coin,1891,None,0,name-matched(exact) but absent in 1891
Copper Manufactures Unenumerated including Copper Coin,1896,None,0,name-matched(exact) but absent in 1896
Copper Old (fit only to be re-manufactured from 1876 onward),1871,Tons,708,no name match
Copper Old (fit only to be re-manufactured from 1876 onward),1876,Tons,2646,no name match
Copper Old (fit only to be re-manufactured from 1876 onward),1881,Tons,2314,no name match
Copper Old (fit only to be re-manufactured from 1876 onward),1886,Tons,2041,no name match
Copper Old (fit only to be re-manufactured from 1876 onward),1891,Tons,2237,no name match
Copper Old (fit only to be re-manufactured from 1876 onward),1896,Tons,4197,no name match
Copper Ore,1871,Tons,46335,name-matched(exact) but absent in 1871
Copper Ore,1876,Tons,74979,name-matched(exact) but absent in 1876
Copper Ore,1881,Tons,102805,name-matched(exact) but absent in 1881
Copper Regulus (and Precipitate from 1886 onward),1871,Tons,30100,name-matched(subset) but absent in 1871
Copper Regulus (and Precipitate from 1886 onward),1886,Tons,67528,name-matched(subset) but absent in 1886
Copper Regulus (and Precipitate from 1886 onward),1891,Tons,123337,name-matched(subset) but absent in 1891
Copper Regulus (and Precipitate from 1886 onward),1896,Tons,90799,name-matched(subset) but absent in 1896
Copper Unwrought,1891,Tons,41311,name-matched(subset) but absent in 1891
Copper Unwrought and part Wrought,1871,Tons,32167,name-matched(subset) but absent in 1871
"Cordage, Twine, and Cable Yarn",1871,None,0,name-matched(exact) but absent in 1871
Cork Manufactured,1871,Lbs. (Pounds),4917547,name-matched(subset) but absent in 1871
Cork Unmanufactured,1871,Tons,7256,name-matched(subset) but absent in 1871
Cotton Manufactures Other than Muslins,1871,Pieces,293527,name-matched(subset) but absent in 1871
Cotton Manufactures Piece Goods of India and China,1871,Pieces,39518,name-matched(subset) but absent in 1871
Cotton Manufactures Piece Goods of Other Countries Hosiery of all sorts,1871,None,0,name-matched(subset) but absent in 1871
Cotton Manufactures Piece Goods of Other Countries Unenumerated,1871,None,0,name-matched(subset) but absent in 1871
Cotton Manufactures Piece Goods of other Countries Muslins,1871,Pieces,75752,name-matched(subset) but absent in 1871
Cotton Manufactures Piece Goods of other Countries Muslins,1876,Pieces,1745,name-matched(subset) but absent in 1876
Cotton Manufactures Piece Goods of other Countries Muslins,1886,Pieces,2182674,name-matched(subset) but absent in 1886
Cotton Manufactures Piece Goods of other Countries Muslins,1891,Pieces,287247,name-matched(subset) but absent in 1891
"Cotton Raw, and Waste of",1871,CWTS (Hundredweights),15876248,name-matched(subset) but absent in 1871
Cotton Seeds,1871,Tons,172163,name-matched(subset) but absent in 1871
"Cotton Yarn, and Waste of",1871,Lbs. (Pounds),1671962,name-matched(subset) but absent in 1871
Cow Ox Bull or Elk Hair,1871,CWTS (Hundredweights),87492,name-matched(subset) but absent in 1871
Cows,1871,Number,73339,name-matched(exact) but absent in 1871
Currants,1881,CWTS (Hundredweights),1189830,name-matched(exact) but absent in 1881
Currants Dried,1871,CWTS (Hundredweights),1052025,name-matched(subset) but absent in 1871
Cutch,1871,Tons,5339,name-matched(subset) but absent in 1871
Cutch,1876,Tons,4805,name-matched(subset) but absent in 1876
Cutch,1881,Tons,8947,name-matched(subset) but absent in 1881
Drugs Unenumerated,1871,None,0,name-matched(exact) but absent in 1871
Drugs Unenumerated,1891,None,0,name-matched(exact) but absent in 1891
Dye Stuffs Alizarine and Alizarine Dyes,1886,None,0,name-matched(subset) but absent in 1886
Dye Stuffs Alizarine and Alizarine Dyes,1891,None,0,name-matched(subset) but absent in 1891
Dye Stuffs Alizarine and Alizarine Dyes,1896,None,0,name-matched(subset) but absent in 1896
Dye Stuffs Bark,1886,CWTS (Hundredweights),390738,name-matched(subset) but absent in 1886
Dye Stuffs Bark,1891,CWTS (Hundredweights),489846,name-matched(subset) but absent in 1891
Dye Stuffs Bark,1896,CWTS (Hundredweights),309614,name-matched(subset) but absent in 1896
Dye Stuffs Unenumerated,1871,CWTS (Hundredweights),234548,name-matched(exact) but absent in 1871
Dye Stuffs Unenumerated,1881,CWTS (Hundredweights),159897,name-matched(exact) but absent in 1881
Dye Stuffs Unenumerated,1886,CWTS (Hundredweights),289064,name-matched(exact) but absent in 1886
Dye Stuffs Unenumerated,1891,CWTS (Hundredweights),248104,name-matched(exact) but absent in 1891
Dye Stuffs Unenumerated,1896,CWTS (Hundredweights),167385,name-matched(exact) but absent in 1896
Dye Stuffs and Substances used in Tanning Extracts,1896,None,0,name-matched(subset) but absent in 1896
Dye Woods Logwood,1871,Tons,39346,name-matched(subset) but absent in 1871
Dye Woods Logwood,1876,Tons,64215,name-matched(subset) but absent in 1876
Dye Woods Logwood,1881,Tons,60643,name-matched(subset) but absent in 1881
Dye Woods Logwood,1891,Tons,54913,name-matched(subset) but absent in 1891
Dye Woods Unenumerated,1871,Tons,23397,name-matched(exact) but absent in 1871
Dye Woods Unenumerated,1876,Tons,24855,name-matched(exact) but absent in 1876
Dye Woods Unenumerated,1881,Tons,27272,name-matched(exact) but absent in 1881
Dye Woods Unenumerated,1891,Tons,15881,name-matched(exact) but absent in 1891
"Earthenware, not being China or Porcelain Ware",1871,CWTS (Hundredweights),10640,name-matched(exact) but absent in 1871
Eggs,1871,Great Hundreds,3337275,name-matched(exact) but absent in 1871
Embroidery and Needlework,1871,None,0,name-matched(exact) but absent in 1871
Esparto and other Vegetable Fibres for making Paper,1871,Tons,144411,name-matched(subset) but absent in 1871
Essence of Spruce,1871,None,0,name-matched(subset) but absent in 1871
Ether Acetic,1891,Lbs. (Pounds),1351,name-matched(subset) but absent in 1891
Ether Butyric,1891,Gallons,286,name-matched(subset) but absent in 1891
Ether Sulphuric,1876,Gallons,2649,name-matched(subset) but absent in 1876
Ether Sulphuric,1891,Gallons,2825,name-matched(subset) but absent in 1891
Ethyl Iodide of,1876,Gallons,5,name-matched(exact) but absent in 1876
Extract of Bark or Other Vegetable Substance for Tanning or Dyeing,1871,None,0,name-matched(subset) but absent in 1871
Extracts Unenumerated,1871,None,0,name-matched(exact) but absent in 1871
Extracts Unenumerated,1876,None,0,name-matched(exact) but absent in 1876
Farinaceous Substances and Manufactures thereof,1871,None,0,name-matched(exact) but absent in 1871
Farinaceous Substances and Manufactures thereof,1886,None,0,name-matched(exact) but absent in 1886
Farinaceous Substances and Manufactures thereof,1891,None,0,name-matched(exact) but absent in 1891
Feathers Ornamental,1871,Lbs. (Pounds),172402,name-matched(subset) but absent in 1871
Feathers for Beds,1871,CWTS (Hundredweights),15500,name-matched(subset) but absent in 1871
Feathers for Beds,1881,CWTS (Hundredweights),26636,name-matched(subset) but absent in 1881
Figs Dried,1871,CWTS (Hundredweights),90790,name-matched(subset) but absent in 1871
Figs and Fig Cake,1881,CWTS (Hundredweights),138225,name-matched(exact) but absent in 1881
Figs and Fig Cake,1886,CWTS (Hundredweights),114253,name-matched(exact) but absent in 1886
Figs and Fig Cake,1891,CWTS (Hundredweights),133928,name-matched(exact) but absent in 1891
Fish Cured or Salted,1871,CWTS (Hundredweights),404479,name-matched(subset) but absent in 1871
Fish Fresh Not of British Taking,1871,CWTS (Hundredweights),200851,name-matched(subset) but absent in 1871
Fish Fresh Not of British Taking,1876,CWTS (Hundredweights),267708,name-matched(subset) but absent in 1876
Fish Fresh Not of British Taking,1881,CWTS (Hundredweights),535753,name-matched(subset) but absent in 1881
Fish Fresh Not of British Taking,1886,CWTS (Hundredweights),853917,name-matched(subset) but absent in 1886
Fish Fresh Not of British Taking,1891,CWTS (Hundredweights),195736,name-matched(subset) but absent in 1891
Flax Dressed,1871,CWTS (Hundredweights),130586,name-matched(subset) but absent in 1871
Flax Dressed,1876,CWTS (Hundredweights),23487,name-matched(subset) but absent in 1876
Flax Dressed,1881,CWTS (Hundredweights),11845,name-matched(subset) but absent in 1881
Flax Rough or Undressed,1871,CWTS (Hundredweights),2011896,name-matched(subset) but absent in 1871
Flaxseed and Linseed,1871,Qrs. (Quarters),1310147,name-matched(exact) but absent in 1871
Flint Glass,1871,CWTS (Hundredweights),65985,name-matched(exact) but absent in 1871
Flint Glass,1881,CWTS (Hundredweights),73908,name-matched(exact) but absent in 1881
Flowers Artificial,1871,None,0,name-matched(exact) but absent in 1871
Fresh Herrings,1891,CWTS (Hundredweights),671945,name-matched(exact) but absent in 1891
Fruit Dried unenumerated,1871,Bushels,71440,name-matched(subset) but absent in 1871
Fruit Dried unenumerated,1876,Bushels,191774,name-matched(subset) but absent in 1876
Fruit Dried unenumerated,1881,Bushels,284213,name-matched(subset) but absent in 1881
Fruit Dried unenumerated,1886,Bushels,222556,name-matched(subset) but absent in 1886
Fruit Dried unenumerated,1896,Bushels,309456,name-matched(subset) but absent in 1896
Fruit Preserved without Sugar Unenumerated,1871,Lbs. (Pounds),2769609,name-matched(exact) but absent in 1871
Fruit Preserved without Sugar Unenumerated,1876,Lbs. (Pounds),11989173,name-matched(exact) but absent in 1876
Fruit Preserved without Sugar Unenumerated,1881,Lbs. (Pounds),19401186,name-matched(exact) but absent in 1881
Fruit Preserved without Sugar Unenumerated,1891,Lbs. (Pounds),38182759,name-matched(exact) but absent in 1891
Fruit Preserved without sugar not dried,1896,Lbs. (Pounds),62986516,name-matched(subset) but absent in 1896
Fruit Raw or otherwise not described,1871,Bushels,1128568,name-matched(subset) but absent in 1871
Galls,1871,CWTS (Hundredweights),14932,name-matched(exact) but absent in 1871
Galls,1886,CWTS (Hundredweights),36222,name-matched(exact) but absent in 1886
Gambier,1871,Tons,25207,name-matched(exact) but absent in 1871
Ginger Raw,1871,CWTS (Hundredweights),32723,name-matched(subset) but absent in 1871
Ginger Spice,1891,CWTS (Hundredweights),17436,name-matched(subset) but absent in 1891
"Glass Manufactures, Unenumerated",1871,CWTS (Hundredweights),105293,name-matched(exact) but absent in 1871
"Glass Manufactures, Unenumerated",1876,CWTS (Hundredweights),257457,name-matched(exact) but absent in 1876
"Glass Manufactures, Unenumerated",1881,CWTS (Hundredweights),472558,name-matched(exact) but absent in 1881
"Glass Manufactures, Unenumerated",1891,CWTS (Hundredweights),1333086,name-matched(exact) but absent in 1891
"Glass Manufactures, Unenumerated",1896,CWTS (Hundredweights),752553,name-matched(exact) but absent in 1896
"Glass Plate, whether Silvered or not",1871,CWTS (Hundredweights),37900,name-matched(subset) but absent in 1871
Glucose,1876,CWTS (Hundredweights),221495,name-matched(exact) but absent in 1876
Glucose,1881,CWTS (Hundredweights),399648,name-matched(exact) but absent in 1881
Goats Wool or Hair,1871,Lbs. (Pounds),8815364,name-matched(exact) but absent in 1871
Gold Leave,1871,Number,22286388,name-matched(subset) but absent in 1871
"Gold Ore of, or Ore of which the greater part in Value is Gold",1871,Tons,131,name-matched(exact) but absent in 1871
Goods Unenumerated Manufactured,1871,None,0,name-matched(subset) but absent in 1871
Goods Unenumerated Manufactured,1876,None,0,name-matched(subset) but absent in 1876
Goods Unenumerated Manufactured,1881,None,0,name-matched(subset) but absent in 1881
Goods Unenumerated Manufactured,1886,None,0,name-matched(subset) but absent in 1886
Goods Unenumerated Unmanufactured,1871,None,0,name-matched(subset) but absent in 1871
Goods Unenumerated Unmanufactured,1881,None,0,name-matched(subset) but absent in 1881
Goods Unenumerated Unmanufactured,1886,None,0,name-matched(subset) but absent in 1886
Goods Unenumerated Unmanufactured,1896,None,0,name-matched(subset) but absent in 1896
Guano,1871,Tons,178808,name-matched(exact) but absent in 1871
Gum Arabic,1871,CWTS (Hundredweights),76136,name-matched(exact) but absent in 1871
Gum Arabic,1876,CWTS (Hundredweights),49305,name-matched(exact) but absent in 1876
Gum Arabic,1881,CWTS (Hundredweights),101130,name-matched(exact) but absent in 1881
Gum Arabic,1891,CWTS (Hundredweights),62352,name-matched(exact) but absent in 1891
Gum Arabic,1896,CWTS (Hundredweights),80506,name-matched(exact) but absent in 1896
Gum Kowrie,1871,CWTS (Hundredweights),85779,name-matched(subset) but absent in 1871
Gum Kowrie,1876,CWTS (Hundredweights),38200,name-matched(subset) but absent in 1876
"Gum Lac, Seed, Shell, Stick, and Dye",1871,CWTS (Hundredweights),60665,name-matched(subset) but absent in 1871
Gum Unenumerated,1871,CWTS (Hundredweights),95426,name-matched(exact) but absent in 1871
"Gunstocks in the rough, or Wood",1871,CWTS (Hundredweights),20138,name-matched(exact) but absent in 1871
Gutta Percha Manufactures of,1871,CWTS (Hundredweights),145,name-matched(exact) but absent in 1871
Gutta Percha Manufactures of,1876,CWTS (Hundredweights),82,name-matched(exact) but absent in 1876
Gutta Percha Manufactures of,1881,CWTS (Hundredweights),221,name-matched(exact) but absent in 1881
Gutta Percha Manufactures of,1886,CWTS (Hundredweights),78,name-matched(exact) but absent in 1886
Gutta Percha Manufactures of,1891,CWTS (Hundredweights),150,name-matched(exact) but absent in 1891
Gutta Percha Raw,1871,CWTS (Hundredweights),26211,name-matched(subset) but absent in 1871
Gutta Percha Raw,1876,CWTS (Hundredweights),21577,name-matched(subset) but absent in 1876
Gutta Percha Raw,1881,CWTS (Hundredweights),68445,name-matched(subset) but absent in 1881
Hair Manufactures of Goats Hair or Wool,1871,None,0,name-matched(exact) but absent in 1871
Hair Manufactures of Hair not being of Goats Hair or Wool,1871,None,0,name-matched(exact) but absent in 1871
Hair Manufactures of Hair not being of Goats Hair or Wool,1886,None,0,name-matched(exact) but absent in 1886
Hair Manufactures of Hair not being of Goats Hair or Wool,1891,None,0,name-matched(exact) but absent in 1891
Hair Manufactures of Hair not being of Goats Hair or Wool,1896,None,0,name-matched(exact) but absent in 1896
Hair Unenumerated,1871,None,0,name-matched(exact) but absent in 1871
Hair Unenumerated,1876,None,0,name-matched(exact) but absent in 1876
Hams,1871,CWTS (Hundredweights),65453,name-matched(exact) but absent in 1871
Hams,1881,CWTS (Hundredweights),751431,name-matched(exact) but absent in 1881
Hats and Bonnets of Felt,1871,Number,172437,name-matched(subset) but absent in 1871
Hats and Bonnets of Felt,1876,Number,409347,name-matched(subset) but absent in 1876
Hats and Bonnets of Felt,1881,Number,550346,name-matched(subset) but absent in 1881
Hats and Bonnets of Felt,1886,Number,728139,name-matched(subset) but absent in 1886
Hats and Bonnets of Felt,1891,Number,835979,name-matched(subset) but absent in 1891
Hats and Bonnets of Straw,1871,Lbs. (Pounds),138334,name-matched(subset) but absent in 1871
Hats and Bonnets of Straw,1876,Lbs. (Pounds),478480,name-matched(subset) but absent in 1876
Hats and Bonnets of Straw,1881,Lbs. (Pounds),256909,name-matched(subset) but absent in 1881
Hats and Bonnets of other Material,1876,Number,198108,name-matched(subset) but absent in 1876
Hats and Bonnets of other Material,1881,Number,1440704,name-matched(subset) but absent in 1881
Hats and Bonnets of other Material,1886,Number,3603765,name-matched(subset) but absent in 1886
Hats and Bonnets of other Material,1891,Number,1494522,name-matched(subset) but absent in 1891
Hemp Dressed,1871,CWTS (Hundredweights),30740,name-matched(subset) but absent in 1871
Hemp Dressed,1876,CWTS (Hundredweights),86322,name-matched(subset) but absent in 1876
Hemp Dressed,1881,CWTS (Hundredweights),50623,name-matched(subset) but absent in 1881
Hemp Dressed or Undressed,1891,CWTS (Hundredweights),1947408,name-matched(exact) but absent in 1891
Hemp Rough or Undressed,1871,CWTS (Hundredweights),1191173,name-matched(subset) but absent in 1871
Hemp Tow or Codilla of Hemp,1871,CWTS (Hundredweights),73899,name-matched(subset) but absent in 1871
Hemp Tow or Codilla of Hemp,1881,CWTS (Hundredweights),115591,name-matched(subset) but absent in 1881
Hemp Tow or Codilla of Hemp,1896,CWTS (Hundredweights),5200,name-matched(subset) but absent in 1896
Hides Tanned Tawed Curried or Dressed (except Russia Hides),1871,Lbs. (Pounds),2469975,name-matched(subset) but absent in 1871
Hides Tanned not otherwise Dressed,1871,Lbs. (Pounds),15069179,name-matched(subset) but absent in 1871
Hides Untanned Dry,1871,CWTS (Hundredweights),604302,name-matched(subset) but absent in 1871
Hides Untanned Wet,1871,CWTS (Hundredweights),682387,name-matched(subset) but absent in 1871
"Hides Varnished, Japanned or Enamelled",1871,Lbs. (Pounds),516317,name-matched(subset) but absent in 1871
Hops,1871,CWTS (Hundredweights),218664,name-matched(exact) but absent in 1871
Hops,1876,CWTS (Hundredweights),167366,name-matched(exact) but absent in 1876
Horns Tips and Pieces of Horns and Hoofs,1871,Tons,5700,name-matched(exact) but absent in 1871
Horse Hair,1871,CWTS (Hundredweights),21365,name-matched(subset) but absent in 1871
Horses,1871,Number,3448,name-matched(exact) but absent in 1871
Ice,1871,Tons,95956,name-matched(exact) but absent in 1871
Indian Corn or Maize,1871,CWTS (Hundredweights),16825023,name-matched(exact) but absent in 1871
Indigo,1871,CWTS (Hundredweights),106307,name-matched(exact) but absent in 1871
Ink,1871,None,0,name-matched(exact) but absent in 1871
Iron Bars,1871,Tons,74329,name-matched(subset) but absent in 1871
Iron Bars,1891,Tons,77427,name-matched(subset) but absent in 1891
Iron Manufactures Girders Beams and Pillars,1891,Tons,74035,name-matched(subset) but absent in 1891
Iron Manufactures Unenumerated,1886,CWTS (Hundredweights),3537652,name-matched(subset) but absent in 1886
Iron Ore Including Chrome,1871,Tons,324034,name-matched(subset) but absent in 1871
Iron Ore Including Chrome,1876,Tons,672235,name-matched(subset) but absent in 1876
Iron Ore Including Chrome,1881,Tons,2450698,name-matched(subset) but absent in 1881
Iron Ore Including Chrome,1886,Tons,2878469,name-matched(subset) but absent in 1886
Iron Ore Including Chrome,1891,Tons,3180543,name-matched(subset) but absent in 1891
Iron Pig and Puddled,1871,Tons,55637,name-matched(subset) but absent in 1871
Iron Steel Unwrought,1871,Tons,7610,name-matched(subset) but absent in 1871
Iron and Steel Old Broken,1871,Tons,8836,name-matched(exact) but absent in 1871
Iron and Steel Old Broken,1891,Tons,13073,name-matched(exact) but absent in 1891
Iron and Steel Wrought or Manufactured,1871,CWTS (Hundredweights),440611,name-matched(subset) but absent in 1871
"Iron and Steel, Manufactures of, Unenumerated",1891,CWTS (Hundredweights),3100882,name-matched(exact) but absent in 1891
Isinglass,1871,CWTS (Hundredweights),4266,name-matched(exact) but absent in 1871
Ivory (Elephant Sea Cow Sea Horse or Sea Moose Teeth),1881,CWTS (Hundredweights),12377,name-matched(exact) but absent in 1881
Jute,1871,CWTS (Hundredweights),3454120,name-matched(exact) but absent in 1871
Jute Yarn and Waste of Jute,1871,Lbs. (Pounds),3197053,name-matched(subset) but absent in 1871
Jute Yarn and Waste of Jute,1891,Lbs. (Pounds),3021391,name-matched(subset) but absent in 1891
Lace Machine or Imitation Lace,1871,None,0,name-matched(exact) but absent in 1871
Lace Pillow Lace,1871,None,0,name-matched(exact) but absent in 1871
Lace and Articles thereof Cotton,1896,None,0,name-matched(subset) but absent in 1896
Lace and Articles thereof Other Materials,1896,None,0,name-matched(subset) but absent in 1896
Lace and Articles thereof Silk,1896,None,0,name-matched(subset) but absent in 1896
Lard,1871,CWTS (Hundredweights),177568,name-matched(exact) but absent in 1871
Lead Manufactures Unenumerated,1871,CWTS (Hundredweights),6347,name-matched(subset) but absent in 1871
Lead Ore,1871,Tons,20860,name-matched(subset) but absent in 1871
Lead Pig and Sheet,1871,Tons,64908,name-matched(subset) but absent in 1871
Leather Manufactures Boots and Shoes,1871,Dozen Pairs,44229,name-matched(subset) but absent in 1871
Leather Manufactures Gloves,1871,Dozen Pairs,1114193,name-matched(subset) but absent in 1871
Leather Manufactures Gloves,1876,Dozen Pairs,1497437,name-matched(subset) but absent in 1876
Leather Manufactures Manufactures Unenumerated,1871,None,0,name-matched(exact) but absent in 1871
Leather Manufactures Manufactures Unenumerated,1876,None,0,name-matched(exact) but absent in 1876
Leather Undressed,1891,Lbs. (Pounds),78016789,name-matched(exact) but absent in 1891
Leather Undressed,1896,Lbs. (Pounds),99613224,name-matched(exact) but absent in 1896
Leather Varnished,1891,Lbs. (Pounds),540939,no name match
Lemons and Oranges,1871,Bushels,2376831,name-matched(exact) but absent in 1871
Linen Manufactures,1871,None,0,name-matched(exact) but absent in 1871
Linen Manufactures,1881,None,0,name-matched(exact) but absent in 1881
Linen Manufactures,1886,None,0,name-matched(exact) but absent in 1886
Linen Manufactures,1891,None,0,name-matched(exact) but absent in 1891
Linen Manufactures,1896,None,0,name-matched(exact) but absent in 1896
Linen Yarn,1881,Lbs. (Pounds),4664358,name-matched(exact) but absent in 1881
Linen Yarn,1891,Lbs. (Pounds),19130076,name-matched(exact) but absent in 1891
Linen Yarn,1896,Lbs. (Pounds),20069122,name-matched(exact) but absent in 1896
Linen Yarn (including Linen Yarn Waste),1871,Lbs. (Pounds),4913697,name-matched(exact) but absent in 1871
Linen and Cotton Rags,1871,Tons,26868,name-matched(exact) but absent in 1871
Linen and Cotton Rags,1886,Tons,36604,name-matched(exact) but absent in 1886
Liquorice,1871,CWTS (Hundredweights),19607,name-matched(exact) but absent in 1871
Madder,1871,CWTS (Hundredweights),93624,name-matched(exact) but absent in 1871
Madder Garancine,1871,CWTS (Hundredweights),27738,name-matched(subset) but absent in 1871
Madder Garancine,1876,CWTS (Hundredweights),15398,name-matched(subset) but absent in 1876
Madder Munjeet,1871,CWTS (Hundredweights),932,name-matched(subset) but absent in 1871
Madder Munjeet,1876,CWTS (Hundredweights),419,name-matched(subset) but absent in 1876
Madder Munjeet,1881,CWTS (Hundredweights),64,name-matched(subset) but absent in 1881
Madder Root,1871,CWTS (Hundredweights),154801,name-matched(subset) but absent in 1871
Madder Root,1876,CWTS (Hundredweights),33824,name-matched(subset) but absent in 1876
Madder and Madder Root,1891,CWTS (Hundredweights),11477,name-matched(subset) but absent in 1891
"Mahogany - Furniture, Hardwoods or Veneers",1871,Tons,29335,name-matched(exact) but absent in 1871
"Mahogany - Furniture, Hardwoods or Veneers",1876,Tons,52461,name-matched(exact) but absent in 1876
"Mahogany - Furniture, Hardwoods or Veneers",1886,Tons,48732,name-matched(exact) but absent in 1886
"Mahogany - Furniture, Hardwoods or Veneers",1891,Tons,48021,name-matched(exact) but absent in 1891
"Mahogany - Furniture, Hardwoods or Veneers",1896,Tons,53772,name-matched(exact) but absent in 1896
Maize or Indian Corn Meal,1871,CWTS (Hundredweights),9697,name-matched(exact) but absent in 1871
Maize or Indian Corn Meal,1881,CWTS (Hundredweights),25137,name-matched(exact) but absent in 1881
Malt,1876,Qrs. (Quarters),3,name-matched(exact) but absent in 1876
Manganese Ore,1871,Tons,29982,name-matched(exact) but absent in 1871
Manure Unenumerated,1871,Tons,80264,name-matched(exact) but absent in 1871
Maps and Charts,1871,Number,5902,name-matched(exact) but absent in 1871
Mares,1891,Number,3298,name-matched(exact) but absent in 1891
Meal Unenumerated,1896,CWTS (Hundredweights),536647,name-matched(exact) but absent in 1896
Meal and Flour Unenumerated,1871,CWTS (Hundredweights),3909,name-matched(subset) but absent in 1871
Meat Preserved not Salted,1871,CWTS (Hundredweights),254833,name-matched(subset) but absent in 1871
Meat Unenumerated Salted or Fresh,1876,CWTS (Hundredweights),92556,name-matched(subset) but absent in 1876
Meat not Otherwise Described,1871,CWTS (Hundredweights),42340,name-matched(subset) but absent in 1871
Meat unenumerated Preserved otherwise than by Salting Other Sorts,1891,CWTS (Hundredweights),156953,name-matched(subset) but absent in 1891
Meat unenumerated Preserved otherwise than by Salting Other Sorts,1896,CWTS (Hundredweights),177238,name-matched(subset) but absent in 1896
Metal Bell,1871,Tons,4,name-matched(subset) but absent in 1871
Metal Bell,1876,Tons,1,name-matched(subset) but absent in 1876
"Metal Bell Leaf, not Gold",1871,Packets of 250 Leaves,225315,name-matched(subset) but absent in 1871
Metal Old other than Iron or Copper for re-manufacture,1871,Tons,2698,name-matched(subset) but absent in 1871
Metal Unenumerated Wrought,1871,Tons,536,name-matched(subset) but absent in 1871
Metal Unenumerated unwrought,1871,Tons,430,name-matched(subset) but absent in 1871
Metal Unenumerated unwrought,1876,Tons,1918,name-matched(subset) but absent in 1876
Metal Unenumerated unwrought,1886,Tons,3137,name-matched(subset) but absent in 1886
Metal Unenumerated unwrought,1891,Tons,1637,name-matched(subset) but absent in 1891
Metal Unenumerated unwrought,1896,Tons,2469,name-matched(subset) but absent in 1896
Milk Condensed,1896,CWTS (Hundredweights),611335,name-matched(exact) but absent in 1896
Molasses,1871,CWTS (Hundredweights),628163,name-matched(exact) but absent in 1871
Musical Instruments,1871,None,0,name-matched(exact) but absent in 1871
Muskets Rifles and Guns of any other Sort and Pistols,1871,Number,177607,name-matched(exact) but absent in 1871
Muskets Rifles and Guns of any other Sort and Pistols,1881,Number,139118,name-matched(exact) but absent in 1881
Muskets Rifles and Guns of any other Sort and Pistols,1886,Number,870935,name-matched(exact) but absent in 1886
Muskets Rifles and Guns of any other Sort and Pistols,1891,Number,0,name-matched(exact) but absent in 1891
Mutton Preserved not by Salting,1896,CWTS (Hundredweights),122551,name-matched(subset) but absent in 1896
Mutton Unenumerated Preserved otherwise than by Salting,1891,CWTS (Hundredweights),65073,name-matched(subset) but absent in 1891
Myrabolans,1871,CWTS (Hundredweights),145450,name-matched(exact) but absent in 1871
Myrabolans,1881,CWTS (Hundredweights),290691,name-matched(exact) but absent in 1881
Myrabolans,1886,CWTS (Hundredweights),632265,name-matched(exact) but absent in 1886
Myrabolans,1891,CWTS (Hundredweights),516107,name-matched(exact) but absent in 1891
Myrabolans,1896,CWTS (Hundredweights),521956,name-matched(exact) but absent in 1896
Naphtha,1871,Gallons,1985845,name-matched(exact) but absent in 1871
Naphtha,1891,Gallons,157419,name-matched(exact) but absent in 1891
Nitre Cubic,1871,CWTS (Hundredweights),1451520,name-matched(exact) but absent in 1871
None,1871,CWTS (Hundredweights),444584,no name match
None,1876,CWTS (Hundredweights),301579,no name match
None,1881,CWTS (Hundredweights),372105,no name match
None,1886,CWTS (Hundredweights),290320,no name match
None,1891,CWTS (Hundredweights),205808,no name match
None,1896,CWTS (Hundredweights),19100,no name match
Nuts and Kernels for expressing Oil,1871,Tons,31126,name-matched(subset) but absent in 1871
Nuts and Kernels for expressing Oil,1876,Tons,31471,name-matched(subset) but absent in 1876
Nuts and Kernels for expressing Oil,1881,Tons,38173,name-matched(subset) but absent in 1881
Oatmeal,1871,CWTS (Hundredweights),3335,name-matched(exact) but absent in 1871
Oats,1871,CWTS (Hundredweights),10911186,name-matched(exact) but absent in 1871
Oil Seed,1896,Tons,33616,name-matched(exact) but absent in 1896
Oil Seed Cakes,1871,Tons,162804,name-matched(exact) but absent in 1871
Oil Unenumerated,1871,None,0,name-matched(exact) but absent in 1871
Olive Oil,1871,Tuns (whale oil),38281,name-matched(subset) but absent in 1871
Onions,1871,Bushels,917283,name-matched(exact) but absent in 1871
Onions,1881,Bushels,2701019,name-matched(exact) but absent in 1881
Onions,1886,Bushels,3633587,name-matched(exact) but absent in 1886
Onions,1891,Bushels,4281046,name-matched(exact) but absent in 1891
Onions,1896,Bushels,6086905,name-matched(exact) but absent in 1896
Opium,1871,Lbs. (Pounds),591466,name-matched(exact) but absent in 1871
Ordinance Stores Explosives and Ammunition Unenumerated,1876,None,0,name-matched(subset) but absent in 1876
Ordnance Stores and Ammunition Unenumerated,1871,None,0,name-matched(subset) but absent in 1871
Ore Unenumerated,1871,Tons,9608,name-matched(exact) but absent in 1871
Other Materials and Pulp of Rags and of Wood for Making Paper,1891,Tons,37099,name-matched(subset) but absent in 1891
Other Nuts used as Fruit,1871,None,0,name-matched(exact) but absent in 1871
Other Nuts used as Fruit,1876,None,0,name-matched(exact) but absent in 1876
Other Nuts used as Fruit,1881,None,0,name-matched(exact) but absent in 1881
Oxen and Bulls,1871,Number,135133,name-matched(exact) but absent in 1871
Painters Colours Manufactured,1871,None,0,name-matched(subset) but absent in 1871
Painters Colours Unmanufactured,1871,None,0,name-matched(subset) but absent in 1871
Palm Oil,1871,CWTS (Hundredweights),1047882,name-matched(subset) but absent in 1871
Paper Brown and Waste Unenumerated,1876,None,0,name-matched(subset) but absent in 1876
Paper Hangings,1871,CWTS (Hundredweights),5151,name-matched(subset) but absent in 1871
Paper Millboard and Pasteboard,1871,CWTS (Hundredweights),213937,name-matched(subset) but absent in 1871
Paper Unenumerated,1871,None,0,name-matched(exact) but absent in 1871
Paper and Pasteboard Unprinted,1896,CWTS (Hundredweights),2571377,name-matched(subset) but absent in 1896
Paper for Printing or Writing,1871,CWTS (Hundredweights),158885,name-matched(subset) but absent in 1871
Paraffin,1871,CWTS (Hundredweights),5517,no name match
Paraffin,1876,CWTS (Hundredweights),37803,no name match
Paraffin,1881,CWTS (Hundredweights),68049,no name match
Paraffin,1886,CWTS (Hundredweights),273847,no name match
Paraffin,1891,CWTS (Hundredweights),559352,no name match
Paraffin,1896,CWTS (Hundredweights),725398,no name match
Pea meal,1871,CWTS (Hundredweights),14,name-matched(exact) but absent in 1871
Peas,1871,CWTS (Hundredweights),1011367,name-matched(exact) but absent in 1871
Pepper (Spice),1871,Lbs. (Pounds),23667727,name-matched(exact) but absent in 1871
Percussion Caps,1871,Number,17860500,name-matched(exact) but absent in 1871
Percussion Caps,1881,Number,3323000,name-matched(exact) but absent in 1881
Perfumed Spirits and Cologne Water,1881,Gallons,46236,name-matched(subset) but absent in 1881
Perfumed Spirits and Cologne Water,1886,Gallons,43087,name-matched(subset) but absent in 1886
Perfumed Spirits and Cologne Water,1891,Gallons,46573,name-matched(subset) but absent in 1891
Perfumed Spirits and Cologne Water,1896,Gallons,54318,name-matched(subset) but absent in 1896
Perfumery Unenumerated,1871,Lbs. (Pounds),673661,name-matched(exact) but absent in 1871
Petroleum Refined,1871,Gallons,8526674,name-matched(subset) but absent in 1871
Petroleum Refined,1876,Gallons,24725905,name-matched(subset) but absent in 1876
Petroleum Refined,1881,Gallons,58371386,name-matched(subset) but absent in 1881
Petroleum Unrefined,1871,Tuns (whale oil),1801,name-matched(subset) but absent in 1871
Pickles and Vegetables preserved in Salt,1871,None,0,name-matched(exact) but absent in 1871
Pickles and Vegetables preserved in Salt,1881,None,0,name-matched(exact) but absent in 1881
Pickles preserved in Vinegar,1876,Gallons,1126,name-matched(subset) but absent in 1876
Pickles preserved in Vinegar,1881,Gallons,22407,name-matched(subset) but absent in 1881
Pictures Drawings and Photographs,1871,None,0,name-matched(exact) but absent in 1871
Pitch,1871,CWTS (Hundredweights),31591,name-matched(exact) but absent in 1871
Pitch,1876,CWTS (Hundredweights),35606,name-matched(exact) but absent in 1876
Plants Shrubs Trees and Flower Roots,1871,None,0,name-matched(exact) but absent in 1871
Plate of Gold,1876,Ozs. Troy. ,32,name-matched(exact) but absent in 1876
Plate of Gold,1886,Ozs. Troy. ,83,name-matched(exact) but absent in 1886
Plate of Silver gilt or ungilt,1871,Ozs. Troy. ,103121,name-matched(subset) but absent in 1871
Plate of Silver gilt or ungilt,1876,Ozs. Troy. ,106898,name-matched(subset) but absent in 1876
Plate of Silver gilt or ungilt,1881,Ozs. Troy. ,90391,name-matched(subset) but absent in 1881
Plate of Silver gilt or ungilt,1891,Ozs. Troy. ,108188,name-matched(subset) but absent in 1891
Platina Wrought and Unwrought,1871,Ozs. Troy. ,11845,name-matched(exact) but absent in 1871
Playing Cards,1871,Dozen Packs,37294,name-matched(exact) but absent in 1871
Playing Cards,1881,Dozen Packs,42067,name-matched(exact) but absent in 1881
Playing Cards,1886,Dozen Packs,18889,name-matched(exact) but absent in 1886
Plumbago,1871,Tons,5688,name-matched(exact) but absent in 1871
Plums Dried or Preserved,1871,CWTS (Hundredweights),854,name-matched(exact) but absent in 1871
Plums Dried or Preserved,1876,CWTS (Hundredweights),1625,name-matched(exact) but absent in 1876
Plums Dried or Preserved,1886,CWTS (Hundredweights),3922,name-matched(exact) but absent in 1886
Plums French and Prunelloes,1876,CWTS (Hundredweights),6098,name-matched(subset) but absent in 1876
Plums French and Prunelloes,1881,CWTS (Hundredweights),10088,name-matched(subset) but absent in 1881
Plums French and Prunelloes,1886,CWTS (Hundredweights),12523,name-matched(subset) but absent in 1886
Plums French and Prunelloes,1891,CWTS (Hundredweights),21583,name-matched(subset) but absent in 1891
Pork Fresh,1871,CWTS (Hundredweights),30618,name-matched(subset) but absent in 1871
Pork Salted,1871,CWTS (Hundredweights),266526,name-matched(subset) but absent in 1871
Potatoes,1871,CWTS (Hundredweights),847835,name-matched(exact) but absent in 1871
Poultry and Game alive or dead including Rabbits,1871,None,0,name-matched(subset) but absent in 1871
Poultry and Game alive or dead including Rabbits,1876,None,0,name-matched(subset) but absent in 1876
Poultry and Game alive or dead including Rabbits,1881,None,0,name-matched(subset) but absent in 1881
Precious Stones Diamonds,1896,Carats,3527810,name-matched(subset) but absent in 1896
Precious Stones Unset,1871,None,0,name-matched(exact) but absent in 1871
Precious Stones Unset,1876,None,0,name-matched(exact) but absent in 1876
Precious Stones Unset,1881,None,0,name-matched(exact) but absent in 1881
Prints Engravings and Photographs,1886,Number,36317438,name-matched(subset) but absent in 1886
Prints Engravings and Photographs,1891,Number,0,name-matched(subset) but absent in 1891
Prints Engravings and Photographs,1896,Number,0,name-matched(subset) but absent in 1896
Prints and Engravings,1871,Number,5839822,name-matched(exact) but absent in 1871
Prunes,1871,CWTS (Hundredweights),27411,name-matched(exact) but absent in 1871
Prunes,1881,CWTS (Hundredweights),12364,name-matched(exact) but absent in 1881
Prunes,1886,CWTS (Hundredweights),21124,name-matched(exact) but absent in 1886
Pulp and Rags and Wood for making Paper,1871,Tons,9946,name-matched(subset) but absent in 1871
Pyrites of Iron or Copper or Sulphur Ore,1871,Tons,454542,name-matched(subset) but absent in 1871
Quicksilver,1871,Lbs. (Pounds),3002897,name-matched(exact) but absent in 1871
Rags Woollen,1871,Tons,24219,name-matched(subset) but absent in 1871
Rags Woollen applicable to other uses than Manure torn up or not,1886,Tons,30526,name-matched(exact) but absent in 1886
Rags Woollen applicable to other uses than Manure torn up or not,1891,Tons,37037,name-matched(exact) but absent in 1891
Rags Woollen applicable to other uses than Manure torn up or not,1896,Tons,36687,name-matched(exact) but absent in 1896
Raisins,1871,CWTS (Hundredweights),427056,name-matched(exact) but absent in 1871
Raisins,1881,CWTS (Hundredweights),568608,name-matched(exact) but absent in 1881
Rice Rough and in the Husk,1871,Qrs. (Quarters),66380,name-matched(subset) but absent in 1871
Rice not Rough nor in the Husk,1871,CWTS (Hundredweights),4586422,name-matched(subset) but absent in 1871
Rockets and other Combustibles for purposes of War Explosives Percussion Caps and Ammunition,1881,None,0,name-matched(exact) but absent in 1881
Rockets and other Combustibles for purposes of War Explosives Percussion Caps and Ammunition,1896,None,0,name-matched(exact) but absent in 1896
Rosin,1871,CWTS (Hundredweights),736942,name-matched(exact) but absent in 1871
Rye meal,1871,CWTS (Hundredweights),1030,name-matched(exact) but absent in 1871
Rye meal,1876,CWTS (Hundredweights),17115,name-matched(exact) but absent in 1876
Safflower,1871,CWTS (Hundredweights),15333,name-matched(exact) but absent in 1871
Safflower,1886,CWTS (Hundredweights),1394,name-matched(exact) but absent in 1886
Safflower,1891,CWTS (Hundredweights),78,name-matched(exact) but absent in 1891
Sago and Sago Flour,1871,CWTS (Hundredweights),245123,name-matched(exact) but absent in 1871
Salt,1871,Tons,19698,name-matched(exact) but absent in 1871
Saltpetre,1871,CWTS (Hundredweights),329561,name-matched(exact) but absent in 1871
Sardines Cured or Salted,1891,CWTS (Hundredweights),125618,name-matched(subset) but absent in 1891
Sauces or Condiments Unenumerated,1871,Lbs. (Pounds),840348,name-matched(exact) but absent in 1871
Seed Oil,1881,Tuns (whale oil),17102,name-matched(exact) but absent in 1881
Seed Oil,1886,Tuns (whale oil),16315,name-matched(exact) but absent in 1886
Seed Oil,1891,Tuns (whale oil),23011,name-matched(exact) but absent in 1891
Seed Oil of All Kinds,1871,Tuns (whale oil),10354,name-matched(exact) but absent in 1871
Seeds Garden unenumerated,1871,Lbs. (Pounds),658052,name-matched(subset) but absent in 1871
Seeds Rape,1871,Qrs. (Quarters),665452,name-matched(subset) but absent in 1871
Seeds Tares and Lentils,1871,Bushels,456066,name-matched(subset) but absent in 1871
Seeds Unenumerated Other Sorts,1871,CWTS (Hundredweights),435777,name-matched(exact) but absent in 1871
Seeds Unenumerated for expressing Oil therefrom,1871,Qrs. (Quarters),86859,name-matched(subset) but absent in 1871
Seeds Unenumerated for expressing Oil therefrom,1876,Qrs. (Quarters),106740,name-matched(subset) but absent in 1876
Seeds Unenumerated for expressing Oil therefrom,1881,Qrs. (Quarters),153648,name-matched(subset) but absent in 1881
Sewing Machines,1891,None,0,name-matched(exact) but absent in 1891
Sewing Machines,1896,None,0,name-matched(exact) but absent in 1896
Sheep and Lambs,1871,Number,917076,name-matched(exact) but absent in 1871
Ships with the Tackle Apparel and Furniture Broken up or to be Broken Up,1871,None,0,name-matched(subset) but absent in 1871
Shot of Iron,1871,CWTS (Hundredweights),1715,name-matched(exact) but absent in 1871
Shot of Iron,1881,CWTS (Hundredweights),629,name-matched(exact) but absent in 1881
Shot of Lead,1871,CWTS (Hundredweights),78,name-matched(exact) but absent in 1871
Shot of Lead,1881,CWTS (Hundredweights),117,name-matched(exact) but absent in 1881
Shumach,1871,Tons,16481,name-matched(exact) but absent in 1871
Shumach,1896,Tons,15172,name-matched(exact) but absent in 1896
Silk Knobs or Husks and Waste,1871,CWTS (Hundredweights),38984,name-matched(subset) but absent in 1871
Silk Knobs or Husks and Waste,1881,CWTS (Hundredweights),54119,name-matched(subset) but absent in 1881
Silk Knobs or Husks and Waste,1886,CWTS (Hundredweights),68026,name-matched(subset) but absent in 1886
Silk Knobs or Husks and Waste,1891,CWTS (Hundredweights),77556,name-matched(subset) but absent in 1891
Silk Knobs or Husks and Waste,1896,CWTS (Hundredweights),62923,name-matched(subset) but absent in 1896
Silk Manufactures Broad Stuffs Plain,1876,None,0,name-matched(subset) but absent in 1876
Silk Manufactures Broad Stuffs of Silk or Satin,1871,None,0,name-matched(exact) but absent in 1871
Silk Manufactures Broad Stuffs of Silk or Satin,1881,None,0,name-matched(exact) but absent in 1881
Silk Manufactures Broad Stuffs of Silk or Satin,1886,None,0,name-matched(exact) but absent in 1886
Silk Manufactures Broad Stuffs of Silk or Satin,1891,None,0,name-matched(exact) but absent in 1891
Silk Manufactures Of Countries out of Europe,1871,None,0,name-matched(subset) but absent in 1871
Silk Manufactures Plush used for making Hats,1871,None,0,name-matched(subset) but absent in 1871
Silk Manufactures Ribbons,1871,None,0,name-matched(subset) but absent in 1871
Silk Manufactures Ribbons,1876,None,0,name-matched(subset) but absent in 1876
Silk Manufactures Ribbons,1886,None,0,name-matched(subset) but absent in 1886
Silk Manufactures Ribbons Silk or Satin,1881,None,0,name-matched(exact) but absent in 1881
Silk Manufactures Ribbons Silk or Satin,1891,None,0,name-matched(exact) but absent in 1891
Silk Manufactures Ribbons other Kinds,1876,None,0,name-matched(subset) but absent in 1876
Silk Manufactures Ribbons other Kinds,1881,None,0,name-matched(subset) but absent in 1881
Silk Manufactures Ribbons other Kinds,1886,None,0,name-matched(subset) but absent in 1886
Silk Manufactures Ribbons other Kinds,1891,None,0,name-matched(subset) but absent in 1891
Silk Manufactures Unenumerated,1891,None,0,name-matched(exact) but absent in 1891
Silk Manufactures Unenumerated,1896,None,0,name-matched(exact) but absent in 1896
Silk Manufactures Velvet Plain,1876,None,0,name-matched(subset) but absent in 1876
Silk Manufactures Velvet Plain,1886,None,0,name-matched(subset) but absent in 1886
Silk Manufactures Velvet plain or figured,1871,None,0,name-matched(subset) but absent in 1871
Silk Manufactures Velvet plain or figured,1881,None,0,name-matched(subset) but absent in 1881
Silk Manufactures Velvet plain or figured,1891,None,0,name-matched(subset) but absent in 1891
Silk Manufactures of Europe Other Kinds,1871,None,0,name-matched(subset) but absent in 1871
Silk Manufactures of Silk or of Silk mixed with other Materials Unenumerated,1871,None,0,name-matched(exact) but absent in 1871
Silk Raw,1871,Lbs. (Pounds),8253335,name-matched(exact) but absent in 1871
Silk Raw,1876,Lbs. (Pounds),6016927,name-matched(exact) but absent in 1876
Silk Raw,1881,Lbs. (Pounds),2904580,name-matched(exact) but absent in 1881
Silk Raw,1891,Lbs. (Pounds),2434609,name-matched(exact) but absent in 1891
Silk Raw,1896,Lbs. (Pounds),1697668,name-matched(exact) but absent in 1896
Silk Thrown,1871,Lbs. (Pounds),177386,name-matched(subset) but absent in 1871
Silk Unenumerated,1886,None,0,name-matched(exact) but absent in 1886
Silver Ore,1871,Tons,14978,name-matched(subset) but absent in 1871
Silver Ore or Ore of which the greater part in value is Silver,1876,None,0,name-matched(exact) but absent in 1876
Skins Furs Pelts Furs Unenumerated,1871,Number,4518517,name-matched(exact) but absent in 1871
Skins Furs Pelts Furs Unenumerated,1876,Number,7574936,name-matched(exact) but absent in 1876
Skins Furs Pelts Furs Unenumerated,1881,Number,21310488,name-matched(exact) but absent in 1881
Skins Furs Pelts Goat Tanned Tawed or Dressed,1871,Number,4035978,name-matched(subset) but absent in 1871
Skins Furs Pelts Goat Tanned Tawed or Dressed,1881,Number,8983237,name-matched(subset) but absent in 1881
Skins Furs Pelts Goat undressed,1871,Number,1057712,name-matched(subset) but absent in 1871
Skins Furs Pelts Goat undressed,1881,Number,2263542,name-matched(subset) but absent in 1881
Skins Furs Pelts Goat undressed,1886,Number,5158176,name-matched(subset) but absent in 1886
Skins Furs Pelts Goat undressed,1891,Number,8329105,name-matched(subset) but absent in 1891
Skins Furs Pelts Seal,1871,Number,833709,name-matched(subset) but absent in 1871
Skins Furs Pelts Seal,1876,Number,607276,name-matched(subset) but absent in 1876
Skins Furs Pelts Seal,1881,Number,700898,name-matched(subset) but absent in 1881
Skins Furs Pelts Seal,1886,Number,717121,name-matched(subset) but absent in 1886
Skins Furs Pelts Seal,1891,Number,683588,name-matched(subset) but absent in 1891
Skins Furs Pelts Sheep Tanned Tawed or Dressed,1871,Number,2156979,name-matched(subset) but absent in 1871
Skins Furs Pelts Sheep Tanned Tawed or Dressed,1881,Number,6785751,name-matched(subset) but absent in 1881
Skins Furs Pelts Sheep Undressed,1871,Number,8460328,name-matched(subset) but absent in 1871
Skins Furs Pelts Sheep Undressed,1881,Number,6475264,name-matched(subset) but absent in 1881
Skins Furs Pelts Sheep Undressed,1886,Number,8418349,name-matched(subset) but absent in 1886
Skins Furs Pelts Sheep Undressed,1896,Number,13364634,name-matched(subset) but absent in 1896
Skins Furs Pelts Unenumerated Dressed not Leather,1886,Number,44437,name-matched(subset) but absent in 1886
Skins Furs Pelts Unenumerated Dressed not Leather,1896,Number,148033,name-matched(subset) but absent in 1896
Skins Furs Pelts Unenumerated Other Sorts,1896,Number,9633586,name-matched(exact) but absent in 1896
Skins Furs Pelts Unenumerated Other Sorts Tanned Tawed or Dressed,1881,Number,172193,name-matched(subset) but absent in 1881
Skins Furs Pelts Unenumerated Other Sorts Undressed,1881,Number,422340,name-matched(subset) but absent in 1881
Skins Furs Pelts Unenumerated Other Sorts Undressed,1886,Number,825829,name-matched(subset) but absent in 1886
Skins Furs Pelts Unenumerated Other Sorts Undressed,1896,Number,164033,name-matched(subset) but absent in 1896
Skins Furs Pelts Unenumerated not being Furs Dressed and Undressed,1871,Number,2542935,name-matched(subset) but absent in 1871
Skins Furs Pelts Unenumerated not being Furs Dressed and Undressed,1876,Number,1589640,name-matched(subset) but absent in 1876
Skins Furs and Pelts Articles manufactured of Skins and Furs,1871,None,0,name-matched(subset) but absent in 1871
Skins Furs and Pelts Articles manufactured of Skins and Furs,1881,None,0,name-matched(subset) but absent in 1881
Skins Furs and Pelts Goat and Kid Undressed,1876,Number,1318386,name-matched(subset) but absent in 1876
Skins Furs and Pelts Manufactures of including Rugs,1886,None,0,name-matched(subset) but absent in 1886
Skins Furs and Pelts Manufactures of including Rugs,1891,None,0,name-matched(subset) but absent in 1891
Soap Transparent in the manufacture of which Spirit has been used,1881,Lbs. (Pounds),126863,name-matched(exact) but absent in 1881
Soap Transparent in the manufacture of which Spirit has been used,1896,Lbs. (Pounds),14595,name-matched(exact) but absent in 1896
Specimens illustrative of Natural Science,1871,None,0,name-matched(exact) but absent in 1871
Specimens illustrative of Natural Science,1876,None,0,name-matched(exact) but absent in 1876
Specimens illustrative of Natural Science,1891,None,0,name-matched(exact) but absent in 1891
Specimens illustrative of Natural Science,1896,None,0,name-matched(exact) but absent in 1896
Spermaceiti or Head Matter (Whale Oils),1886,Tuns (whale oil),1268,name-matched(exact) but absent in 1886
Spermaceiti or Head Matter (Whale Oils),1891,Tuns (whale oil),609,name-matched(exact) but absent in 1891
Spermaceiti or Head Matter (Whale Oils),1896,Tuns (whale oil),376,name-matched(exact) but absent in 1896
Spices Cinnamon,1871,Lbs. (Pounds),1584638,name-matched(subset) but absent in 1871
Spices Cinnamon,1891,Lbs. (Pounds),1380219,name-matched(subset) but absent in 1891
Spices Unenumerated,1871,Lbs. (Pounds),7499215,name-matched(exact) but absent in 1871
Spices Unenumerated,1891,Lbs. (Pounds),8818602,name-matched(exact) but absent in 1891
Spirits Brandy,1871,Proof Gallons,5228568,name-matched(subset) but absent in 1871
Spirits Brandy,1886,Proof Gallons,3120820,name-matched(subset) but absent in 1886
Spirits Brandy,1891,Proof Gallons,3162548,name-matched(subset) but absent in 1891
Spirits Geneva,1871,Proof Gallons,352025,name-matched(subset) but absent in 1871
Spirits Geneva,1876,Proof Gallons,326368,name-matched(subset) but absent in 1876
Spirits Geneva,1881,Proof Gallons,264109,name-matched(subset) but absent in 1881
Spirits Geneva,1886,Proof Gallons,297410,name-matched(subset) but absent in 1886
Spirits Rum,1871,Proof Gallons,7526890,name-matched(subset) but absent in 1871
Spirits Rum,1886,Proof Gallons,5100010,name-matched(subset) but absent in 1886
Spirits Rum,1891,Proof Gallons,6981328,name-matched(subset) but absent in 1891
Spirits Rum,1896,Proof Gallons,5347580,name-matched(subset) but absent in 1896
Spirits Sweetened or Mixed Perfumed Spirits including Water Cologne,1871,Gallons,31708,name-matched(subset) but absent in 1871
Spirits Sweetened or Mixed Tested,1881,Proof Gallons,62766,name-matched(subset) but absent in 1881
Spirits Sweetened or Mixed Tested,1886,Proof Gallons,52608,name-matched(subset) but absent in 1886
Spirits Tafla,1871,Gallons,287,name-matched(subset) but absent in 1871
Spirits Unenumerated,1896,Proof Gallons,83920,name-matched(exact) but absent in 1896
Spirits Unenumerated including Shrub,1871,Gallons,39836,name-matched(subset) but absent in 1871
Spirits Unenumerated not Sweetened,1891,Proof Gallons,1639895,name-matched(subset) but absent in 1891
Spirits Unenumerated not Sweetened or Mixed,1871,Proof Gallons,1537772,name-matched(subset) but absent in 1871
Spirits Unenumerated not Sweetened or Mixed,1876,Proof Gallons,2324405,name-matched(subset) but absent in 1876
Spirits Unenumerated not Sweetened or Mixed,1886,Proof Gallons,2245653,name-matched(subset) but absent in 1886
Spirits Unenumerated not tested,1886,Gallons,18639,name-matched(subset) but absent in 1886
Spirits Unenumerated not tested,1891,Gallons,15654,name-matched(subset) but absent in 1891
Stationery other than Paper,1871,None,0,name-matched(exact) but absent in 1871
Stones Marble,1896,Tons,673206,name-matched(subset) but absent in 1896
Stones Marble Slate and other Sorts of Stone Rough Hewn or Manufactured,1871,Tons,58657,name-matched(exact) but absent in 1871
Stones Marble Slate and other Sorts of Stone Rough Hewn or Manufactured,1891,Tons,428072,name-matched(exact) but absent in 1891
Succades and Confectionery including Fruits and Vegetables except Plums preserved in Sugar,1871,CWTS (Hundredweights),30809,name-matched(subset) but absent in 1871
Succades including all Fruits and Vegetables preserved in Sugar,1876,CWTS (Hundredweights),27261,name-matched(subset) but absent in 1876
Succades including all Fruits and Vegetables preserved in Sugar,1881,CWTS (Hundredweights),39087,name-matched(subset) but absent in 1881
Succades including all Fruits and Vegetables preserved in Sugar,1886,CWTS (Hundredweights),70667,name-matched(subset) but absent in 1886
Succades including all Fruits and Vegetables preserved in Sugar,1891,CWTS (Hundredweights),120752,name-matched(subset) but absent in 1891
Sugar Glucose Liquid or Vegetable Syrup,1871,CWTS (Hundredweights),22046,name-matched(subset) but absent in 1871
Sugar Refined,1896,CWTS (Hundredweights),14776929,name-matched(subset) but absent in 1896
Sugar Refined In Lumps and Loaves,1886,CWTS (Hundredweights),1715679,name-matched(subset) but absent in 1886
Sugar Refined and Sugar Candy,1871,CWTS (Hundredweights),1640949,name-matched(subset) but absent in 1871
Sugar Refined and Sugar Candy,1886,CWTS (Hundredweights),4656371,name-matched(subset) but absent in 1886
Sugar Refined and Sugar Candy,1891,CWTS (Hundredweights),9244848,name-matched(subset) but absent in 1891
Sugar Refined and Sugar Candy,1896,CWTS (Hundredweights),12131275,name-matched(subset) but absent in 1896
Sugar Unrefined Cane and Other Sorts,1886,CWTS (Hundredweights),9461866,name-matched(subset) but absent in 1886
Sugar Unrefined Total,1871,CWTS (Hundredweights),12126508,name-matched(subset) but absent in 1871
Sugar Unrefined Total,1876,CWTS (Hundredweights),15612214,name-matched(subset) but absent in 1876
Sugar Unrefined Total,1881,CWTS (Hundredweights),18651383,name-matched(subset) but absent in 1881
Sugar Unrefined Total,1886,CWTS (Hundredweights),16133661,name-matched(subset) but absent in 1886
Swine and Hogs,1871,Number,85562,name-matched(subset) but absent in 1871
Swords Cutlasses Bayonets and Arms of other Sorts Unenumerated,1871,CWTS (Hundredweights),5584,name-matched(exact) but absent in 1871
Swords Cutlasses Bayonets and Arms of other Sorts Unenumerated,1881,CWTS (Hundredweights),4737,name-matched(exact) but absent in 1881
Tallow and Stearine,1871,CWTS (Hundredweights),1491931,name-matched(exact) but absent in 1871
Tar,1871,Barrels,154315,name-matched(exact) but absent in 1871
Tea,1876,Lbs. (Pounds),185536371,name-matched(exact) but absent in 1876
Tea,1881,Lbs. (Pounds),209801522,name-matched(exact) but absent in 1881
Tea,1886,Lbs. (Pounds),230669292,name-matched(exact) but absent in 1886
Teeth Elephants Sea Cow and Sea Horses,1871,CWTS (Hundredweights),12797,name-matched(exact) but absent in 1871
Tin Manufactures Unenumerated,1871,None,0,name-matched(subset) but absent in 1871
Tin Ore,1871,Tons,448,name-matched(subset) but absent in 1871
Tin in Blocks Ingots Bars or Slabs and Regulus,1871,CWTS (Hundredweights),171659,name-matched(subset) but absent in 1871
Tobacco Manufactured Cavendish or Negrohead,1871,Lbs. (Pounds),2498208,name-matched(subset) but absent in 1871
Tobacco Manufactured Cavendish or Negrohead,1886,Lbs. (Pounds),1333071,name-matched(subset) but absent in 1886
Tobacco Manufactured Cavendish or Negrohead,1891,Lbs. (Pounds),917033,name-matched(subset) but absent in 1891
Tobacco Manufactured Cavendish or Negrohead,1896,Lbs. (Pounds),998264,name-matched(subset) but absent in 1896
Tobacco Manufactured Cigars,1871,Lbs. (Pounds),1086228,name-matched(subset) but absent in 1871
Tobacco Manufactured Cigars,1886,Lbs. (Pounds),1921734,name-matched(subset) but absent in 1886
Tobacco Manufactured Cigars,1891,Lbs. (Pounds),2238674,name-matched(subset) but absent in 1891
Tobacco Manufactured Cigars,1896,Lbs. (Pounds),3380969,name-matched(subset) but absent in 1896
Tobacco Manufactured Other Sorts,1871,Lbs. (Pounds),253888,name-matched(exact) but absent in 1871
Tobacco Manufactured Other Sorts,1876,Lbs. (Pounds),69103,name-matched(exact) but absent in 1876
Tobacco Manufactured Other Sorts,1881,Lbs. (Pounds),187407,name-matched(exact) but absent in 1881
Tobacco Manufactured Other Sorts,1886,Lbs. (Pounds),309366,name-matched(exact) but absent in 1886
Tobacco Manufactured Snuff,1886,Lbs. (Pounds),2718,name-matched(subset) but absent in 1886
Tobacco Manufactured Snuff,1891,Lbs. (Pounds),4309,name-matched(subset) but absent in 1891
Tobacco Manufactured Snuff,1896,Lbs. (Pounds),143,name-matched(subset) but absent in 1896
Tobacco Unmanufactured,1871,Lbs. (Pounds),73060305,name-matched(subset) but absent in 1871
Tobacco Unmanufactured,1886,Lbs. (Pounds),83217982,name-matched(subset) but absent in 1886
Toys,1871,None,0,name-matched(exact) but absent in 1871
Train Blubber and Spermaceti (Whale Oils),1871,Tuns (whale oil),5388,name-matched(subset) but absent in 1871
Train or Blubber (Whale Oils),1871,Tuns (whale oil),19291,name-matched(exact) but absent in 1871
Train or Blubber (Whale Oils),1886,Tuns (whale oil),14566,name-matched(exact) but absent in 1886
Train or Blubber (Whale Oils),1891,Tuns (whale oil),21360,name-matched(exact) but absent in 1891
Train or Blubber (Whale Oils),1896,Tuns (whale oil),21256,name-matched(exact) but absent in 1896
Turpentine Oil,1871,CWTS (Hundredweights),178615,name-matched(subset) but absent in 1871
Valonia,1871,Tons,27999,name-matched(exact) but absent in 1871
Value of Articles Imported by Parcel Post,1896,None,727033,name-matched(exact) but absent in 1896
Varnish Not containing Alcohol,1871,None,0,name-matched(exact) but absent in 1871
Varnish Not containing Alcohol,1886,None,0,name-matched(exact) but absent in 1886
Varnish Not containing Alcohol,1891,None,0,name-matched(exact) but absent in 1891
Varnish Not containing Alcohol,1896,None,0,name-matched(exact) but absent in 1896
Varnish containing Alcohol,1886,Gallons,274,name-matched(exact) but absent in 1886
Varnish containing Alcohol,1891,Gallons,304,name-matched(exact) but absent in 1891
Vegetable Substances applicable to the same uses as Hemp or Flax,1871,CWTS (Hundredweights),23106,name-matched(exact) but absent in 1871
Vegetable Substances applicable to the same uses as Hemp or Flax,1891,CWTS (Hundredweights),60000,name-matched(exact) but absent in 1891
Vegetable Substances applicable to the same uses as Hemp or Flax,1896,CWTS (Hundredweights),6444,name-matched(exact) but absent in 1896
Vegetables Unenumerated,1871,None,0,name-matched(exact) but absent in 1871
Vinegar,1871,Gallons,56096,name-matched(exact) but absent in 1871
Watches,1871,None,0,name-matched(exact) but absent in 1871
Watches,1886,None,0,name-matched(exact) but absent in 1886
Watches,1891,None,0,name-matched(exact) but absent in 1891
Watches,1896,None,0,name-matched(exact) but absent in 1896
Wax,1871,CWTS (Hundredweights),16736,name-matched(exact) but absent in 1871
Whale Fins,1871,CWTS (Hundredweights),2853,no name match
Whale Fins,1876,CWTS (Hundredweights),1799,no name match
Whale Fins,1881,CWTS (Hundredweights),2103,no name match
Wheat,1871,CWTS (Hundredweights),39389803,name-matched(exact) but absent in 1871
Wheat Meal and Flour,1871,CWTS (Hundredweights),3977939,name-matched(exact) but absent in 1871
"Window Glass (not being Plate Glass), and German Sheet Glass, including Shades and Cylinders",1871,CWTS (Hundredweights),120294,name-matched(exact) but absent in 1871
"Window Glass (not being Plate Glass), and German Sheet Glass, including Shades and Cylinders",1881,CWTS (Hundredweights),658109,name-matched(exact) but absent in 1881
"Window Glass (not being Plate Glass), and German Sheet Glass, including Shades and Cylinders",1891,CWTS (Hundredweights),855332,name-matched(exact) but absent in 1891
"Window Glass (not being Plate Glass), and German Sheet Glass, including Shades and Cylinders",1896,CWTS (Hundredweights),1184311,name-matched(exact) but absent in 1896
Wine Red,1871,Gallons,8177492,name-matched(subset) but absent in 1871
Wine Red,1886,Gallons,8957440,name-matched(subset) but absent in 1886
Wine Red in Bottles Sparkling Other Sorts,1891,Gallons,4278,name-matched(subset) but absent in 1891
Wine Red in Bottles Still,1891,Gallons,555998,name-matched(subset) but absent in 1891
Wine Total of all Kinds,1871,Gallons,18224900,name-matched(subset) but absent in 1871
Wine White,1871,Gallons,10047408,name-matched(subset) but absent in 1871
Wine White,1886,Gallons,5595424,name-matched(subset) but absent in 1886
Wine White,1896,Gallons,5057145,name-matched(subset) but absent in 1896
Wine White in Bottles Sparkling Burgundy,1891,Gallons,1224,name-matched(subset) but absent in 1891
Wine White in Bottles Sparkling Other Sorts,1891,Gallons,7162,name-matched(subset) but absent in 1891
Wine White in Bottles Sparkling Other Sorts,1896,Gallons,2697,name-matched(subset) but absent in 1896
Wine White in Bottles Sparkling Samur,1896,Gallons,137855,name-matched(subset) but absent in 1896
Wine in Bottles Sparkling Champagne,1891,Gallons,1579199,name-matched(subset) but absent in 1891
Wine in Bottles Sparkling Moselle,1891,Gallons,47922,name-matched(subset) but absent in 1891
"Wood and Timber Fir - Sawn or Split, Planed or Dressed",1871,Loads,2615863,name-matched(subset) but absent in 1871
"Wood and Timber Fir - Sawn or Split, Planed or Dressed",1886,Loads,3554769,name-matched(subset) but absent in 1886
"Wood and Timber Fir - Sawn or Split, Planed or Dressed",1891,Loads,4216489,name-matched(subset) but absent in 1891
Wood and Timber Furniture Woods Hardwoods and Veneers Unenumerated,1871,Tons,24421,name-matched(subset) but absent in 1871
Wood and Timber Furniture Woods Hardwoods and Veneers Unenumerated,1891,Tons,91077,name-matched(subset) but absent in 1891
Wood and Timber Hewn Fir (Other than Pit Wood or Pit Props as of 1901),1871,Loads,1453571,name-matched(subset) but absent in 1871
Wood and Timber Hewn Oak,1871,Loads,97412,name-matched(subset) but absent in 1871
Wood and Timber Hewn Oak,1891,Loads,122796,name-matched(subset) but absent in 1891
Wood and Timber Hewn Teak,1871,Loads,23353,name-matched(subset) but absent in 1871
Wood and Timber Hewn Teak,1891,Loads,49962,name-matched(subset) but absent in 1891
Wood and Timber Hewn Unenumerated,1871,Loads,84558,name-matched(subset) but absent in 1871
Wood and Timber Hewn Unenumerated,1891,Loads,75248,name-matched(subset) but absent in 1891
Wood and Timber House Frames Fittings and Joiners Work,1871,None,0,name-matched(subset) but absent in 1871
Wood and Timber House Frames Fittings and Joiners Work,1886,None,0,name-matched(subset) but absent in 1886
Wood and Timber House Frames Fittings and Joiners Work,1896,None,0,name-matched(subset) but absent in 1896
"Wood and Timber Sawn or Split, Planed or Dressed Unenumerated",1871,Loads,241914,name-matched(subset) but absent in 1871
"Wood and Timber Sawn or Split, Planed or Dressed Unenumerated",1886,Loads,231017,name-matched(subset) but absent in 1886
"Wood and Timber Sawn or Split, Planed or Dressed Unenumerated",1891,Loads,162571,name-matched(subset) but absent in 1891
"Wood and Timber Sawn or Split, Planed or Dressed Unenumerated",1896,Loads,154043,name-matched(subset) but absent in 1896
"Wood and Timber Staves - Sawn or Split, Planed or Dressed",1871,Loads,83962,name-matched(subset) but absent in 1871
"Wood and Timber Staves - Sawn or Split, Planed or Dressed",1886,Loads,130717,name-matched(subset) but absent in 1886
"Wood and Timber Staves - Sawn or Split, Planed or Dressed",1891,Loads,129987,name-matched(subset) but absent in 1891
"Wood and Timber Staves - Sawn or Split, Planed or Dressed",1896,Loads,138393,name-matched(subset) but absent in 1896
Wool Alpaca Llama and Vicuna,1871,Lbs. (Pounds),3651250,name-matched(subset) but absent in 1871
Wool Alpaca Llama and Vicuna,1881,Lbs. (Pounds),2620294,name-matched(subset) but absent in 1881
Wool Alpaca Llama and Vicuna,1886,Lbs. (Pounds),3926774,name-matched(subset) but absent in 1886
Wool Alpaca Llama and Vicuna,1891,Lbs. (Pounds),4543362,name-matched(subset) but absent in 1891
Wool Alpaca Llama and Vicuna,1896,Lbs. (Pounds),4962080,name-matched(subset) but absent in 1896
Wool Other kinds and Flocks,1871,Lbs. (Pounds),658311,name-matched(exact) but absent in 1871
Wool Other kinds and Flocks,1881,Lbs. (Pounds),1283473,name-matched(exact) but absent in 1881
Wool Other kinds and Flocks,1886,Lbs. (Pounds),1670656,name-matched(exact) but absent in 1886
Wool Other kinds and Flocks,1891,Lbs. (Pounds),1935216,name-matched(exact) but absent in 1891
Wool Other kinds and Flocks,1896,Lbs. (Pounds),1660617,name-matched(exact) but absent in 1896
Wool Sheep and Lambs,1871,Lbs. (Pounds),319386049,name-matched(exact) but absent in 1871
Wool Sheep and Lambs,1876,Lbs. (Pounds),386568323,name-matched(exact) but absent in 1876
Wool Sheep and Lambs,1881,Lbs. (Pounds),447521441,name-matched(exact) but absent in 1881
Wool Sheep and Lambs,1886,Lbs. (Pounds),592544221,name-matched(exact) but absent in 1886
Wool Sheep and Lambs,1891,Lbs. (Pounds),715470708,name-matched(exact) but absent in 1891
Woollen Manufactures Cloths and Stuffs,1871,Pieces,392384,name-matched(subset) but absent in 1871
Woollen Manufactures Cloths and Stuffs,1881,Pieces,824870,name-matched(subset) but absent in 1881
Woollen Manufactures Unenumerated,1871,None,0,name-matched(exact) but absent in 1871
Woollen Manufactures Unenumerated,1881,None,0,name-matched(exact) but absent in 1881
Woollen Manufactures of Goats Wool or Hair,1886,None,0,name-matched(subset) but absent in 1886
Woollen Manufactures of Goats Wool or Hair,1896,None,0,name-matched(subset) but absent in 1896
Woollen Yarn For Fancy Purposes,1871,Lbs. (Pounds),464058,name-matched(subset) but absent in 1871
Woollen Yarn For Weaving,1871,Lbs. (Pounds),11665165,name-matched(subset) but absent in 1871
Woollen Yarn Unenumerated,1871,None,0,name-matched(exact) but absent in 1871
Woollen Yarn for Weaving Mixed or not with Silk,1891,Lbs. (Pounds),14712167,name-matched(subset) but absent in 1891
Yeast Dried,1871,CWTS (Hundredweights),133741,name-matched(exact) but absent in 1871
Zinc Crude,1891,Tons,58513,no name match
Zinc Crude in Cakes,1871,Tons,20929,name-matched(subset) but absent in 1871
Zinc Manufactures Unenumerated,1871,CWTS (Hundredweights),175301,name-matched(subset) but absent in 1871
Zinc Ore,1871,Tons,29418,name-matched(subset) but absent in 1871
