commodity,side,year,raw_label,country_id,level,cut_member,disposition,quantity,value
Tallow And Stearine,pipeline,1895,Australasia,Australasia,country,Australasia,matched,1804229.0,2127195.0
Tallow And Stearine,pipeline,1894,Australasia,Australasia,country,Australasia,matched,1424797.0,1808076.0
Tallow And Stearine,pipeline,1893,Australasia,Australasia,country,Australasia,matched,1049019.0,1458475.0
Tallow And Stearine,pipeline,1896,Australasia,Australasia,country,Australasia,matched,1309228.0,1406894.0
Tallow And Stearine,gold,1876,United States of America,United States Of America,country,United States Of America,matched,576609.0,1244512.0
Tallow And Stearine,pipeline,1876,United States Of America,United States Of America,country,United States Of America,matched,576609.0,1244512.0
Tallow And Stearine,gold,1895,New South Wales,New South Wales,colony,Australasia,rolled_up,1046021.0,1241624.0
Tallow And Stearine,gold,1872,Australia,Australia,colony,Australia,matched,505023.0,1041992.0
Tallow And Stearine,pipeline,1872,Australia,Australia,colony,Australia,matched,505023.0,1041992.0
Tallow And Stearine,gold,1881,Australasia,Australasia,country,Australasia,matched,598770.0,1021384.0
Tallow And Stearine,pipeline,1881,Australasia,Australasia,country,Australasia,matched,598770.0,1021384.0
Tallow And Stearine,gold,1873,United States of America,United States Of America,country,United States Of America,matched,493138.0,1012102.0
Tallow And Stearine,pipeline,1873,United States Of America,United States Of America,country,United States Of America,matched,493138.0,1012102.0
Tallow And Stearine,gold,1879,United States of America,United States Of America,country,United States Of America,matched,565881.0,1006710.0
Tallow And Stearine,pipeline,1879,United States Of America,United States Of America,country,United States Of America,matched,565881.0,1006710.0
Tallow And Stearine,gold,1877,United States of America,United States Of America,country,United States Of America,matched,463786.0,940008.0
Tallow And Stearine,pipeline,1877,United States Of America,United States Of America,country,United States Of America,matched,463786.0,940008.0
Tallow And Stearine,gold,1880,United States of America,United States Of America,country,United States Of America,matched,515984.0,913179.0
Tallow And Stearine,pipeline,1880,United States Of America,United States Of America,country,United States Of America,matched,515984.0,913179.0
Tallow And Stearine,gold,1874,United States of America,United States Of America,country,United States Of America,matched,441207.0,896477.0
Tallow And Stearine,pipeline,1874,United States Of America,United States Of America,country,United States Of America,matched,441207.0,896477.0
Tallow And Stearine,pipeline,1883,Australasia,Australasia,country,Australasia,matched,446209.0,889380.0
Tallow And Stearine,gold,1878,United States of America,United States Of America,country,United States Of America,matched,456715.0,873696.0
Tallow And Stearine,pipeline,1878,United States Of America,United States Of America,country,United States Of America,matched,456715.0,873696.0
Tallow And Stearine,gold,1880,Australia,Australia,colony,Australia,matched,492509.0,836939.0
Tallow And Stearine,pipeline,1880,Australia,Australia,colony,Australia,matched,492509.0,836939.0
Tallow And Stearine,gold,1882,Australasia,Australasia,country,Australasia,matched,432665.0,834240.0
Tallow And Stearine,pipeline,1882,Australasia,Australasia,country,Australasia,matched,432665.0,834240.0
Tallow And Stearine,pipeline,1891,Australasia,Australasia,country,Australasia,matched,650025.0,819744.0
Tallow And Stearine,gold,1893,New South Wales,New South Wales,colony,Australasia,rolled_up,566287.0,787283.0
Tallow And Stearine,gold,1875,United States of America,United States Of America,country,United States Of America,matched,360754.0,768317.0
Tallow And Stearine,pipeline,1875,United States Of America,United States Of America,country,United States Of America,matched,360754.0,768317.0
Tallow And Stearine,gold,1881,United States of America,United States Of America,country,United States Of America,matched,414435.0,745059.0
Tallow And Stearine,pipeline,1881,United States Of America,United States Of America,country,United States Of America,matched,414435.0,745059.0
Tallow And Stearine,gold,1896,New South Wales,New South Wales,colony,Australasia,rolled_up,664982.0,722467.0
Tallow And Stearine,gold,1890,Australasia,Australasia,country,Australasia,matched,591387.0,720833.0
Tallow And Stearine,pipeline,1890,Australasia,Australasia,country,Australasia,matched,591387.0,720833.0
Tallow And Stearine,gold,1890,United States of America,United States Of America,country,United States Of America,matched,588221.0,717383.0
Tallow And Stearine,pipeline,1890,United States Of America,United States Of America,country,United States Of America,matched,588221.0,717383.0
Tallow And Stearine,gold,1872,United States of America,United States Of America,country,United States Of America,matched,328061.0,698918.0
Tallow And Stearine,pipeline,1872,United States Of America,United States Of America,country,United States Of America,matched,328061.0,698918.0
Tallow And Stearine,gold,1883,United States of America,United States Of America,country,United States Of America,matched,336353.0,671325.0
Tallow And Stearine,pipeline,1883,United States Of America,United States Of America,country,United States Of America,matched,336353.0,671325.0
Tallow And Stearine,gold,1897,New South Wales,New South Wales,colony,New South Wales,matched,695473.0,661202.0
Tallow And Stearine,pipeline,1897,New South Wales,New South Wales,colony,New South Wales,matched,695473.0,661202.0
Tallow And Stearine,gold,1888,Australasia,Australasia,country,Australasia,matched,550443.0,654637.0
Tallow And Stearine,pipeline,1888,Australasia,Australasia,country,Australasia,matched,550443.0,654637.0
Tallow And Stearine,gold,1873,Argentine Republic,Argentina,country,Argentina,matched,319918.0,651999.0
Tallow And Stearine,pipeline,1873,Argentine Republic,Argentina,country,Argentina,matched,319918.0,651999.0
Tallow And Stearine,gold,1899,New South Wales,New South Wales,colony,Australasia,rolled_up,566080.0,651279.0
Tallow And Stearine,pipeline,1899,New South Wales,New South Wales,colony,Australasia,rolled_up,566080.0,651279.0
Tallow And Stearine,gold,1884,United States of America,United States Of America,country,United States Of America,matched,333721.0,638288.0
Tallow And Stearine,pipeline,1884,United States Of America,United States Of America,country,United States Of America,matched,333721.0,633289.0
Tallow And Stearine,gold,1879,Australia,Australia,colony,Australia,matched,360763.0,624246.0
Tallow And Stearine,pipeline,1879,Australia,Australia,colony,Australia,matched,360763.0,624246.0
Tallow And Stearine,pipeline,1899,United States Of America,United States Of America,country,United States Of America,matched,539636.0,610026.0
Tallow And Stearine,gold,1891,United States of America,United States Of America,country,United States Of America,matched,490085.0,606598.0
Tallow And Stearine,pipeline,1891,United States Of America,United States Of America,country,United States Of America,matched,490085.0,606598.0
Tallow And Stearine,gold,1899,United States of America Atlantic Ports,United States Of America (Atlantic),port,United States Of America,rolled_up,549847.0,592684.0
Tallow And Stearine,gold,1892,United States of America,United States Of America,country,United States Of America,matched,472182.0,582486.0
Tallow And Stearine,pipeline,1892,United States Of America,United States Of America,country,United States Of America,matched,472182.0,582486.0
Tallow And Stearine,gold,1873,Australia,Australia,colony,Australia,matched,290107.0,580829.0
Tallow And Stearine,pipeline,1873,Australia,Australia,colony,Australia,matched,290107.0,580829.0
Tallow And Stearine,gold,1882,United States of America,United States Of America,country,United States Of America,matched,291975.0,571748.0
Tallow And Stearine,pipeline,1882,United States Of America,United States Of America,country,United States Of America,matched,291975.0,571748.0
Tallow And Stearine,gold,1898,Australasia New South Wales,New South Wales,colony,Australasia,rolled_up,503966.0,566676.0
Tallow And Stearine,gold,1889,Australasia,Australasia,country,Australasia,matched,431169.0,551072.0
Tallow And Stearine,pipeline,1889,Australasia,Australasia,country,Australasia,matched,431169.0,551072.0
Tallow And Stearine,gold,1876,Australia,Australia,colony,Australia,matched,267932.0,546762.0
Tallow And Stearine,pipeline,1876,Australia,Australia,colony,Australia,matched,267932.0,546762.0
Tallow And Stearine,gold,1876,Argentine Republic,Argentina,country,Argentina,matched,253633.0,540799.0
Tallow And Stearine,pipeline,1876,Argentine Republic,Argentina,country,Argentina,matched,253633.0,540799.0
Tallow And Stearine,gold,1898,United States of America Atlantic Ports,United States Of America (Atlantic),port,United States Of America (Atlantic),matched,571959.0,538243.0
Tallow And Stearine,pipeline,1898,United States Of America (Atlantic),United States Of America (Atlantic),port,United States Of America (Atlantic),matched,571959.0,538243.0
Tallow And Stearine,gold,1889,United States of America,United States Of America,country,United States Of America,matched,420880.0,535958.0
Tallow And Stearine,pipeline,1889,United States Of America,United States Of America,country,United States Of America,matched,420880.0,535958.0
Tallow And Stearine,gold,1874,Australia,Australia,colony,Australia,matched,281771.0,533915.0
Tallow And Stearine,pipeline,1874,Australia,Australia,colony,Australia,matched,281771.0,533915.0
Tallow And Stearine,gold,1875,Australia,Australia,colony,Australia,matched,270498.0,523695.0
Tallow And Stearine,pipeline,1875,Australia,Australia,colony,Australia,matched,270498.0,523695.0
Tallow And Stearine,gold,1877,Australia,Australia,colony,Australia,matched,256636.0,515732.0
Tallow And Stearine,pipeline,1877,Australia,Australia,colony,Australia,matched,256636.0,515732.0
Tallow And Stearine,pipeline,1884,Australasia,Australasia,country,Australasia,matched,276458.0,514581.0
Tallow And Stearine,pipeline,1898,New South Wales,New South Wales,colony,Australasia,rolled_up,503066.0,506676.0
Tallow And Stearine,gold,1872,Argentine Republic,Argentina,country,Argentina,matched,227120.0,504052.0
Tallow And Stearine,pipeline,1872,Argentine Republic,Argentina,country,Argentina,matched,227120.0,504052.0
Tallow And Stearine,gold,1887,Australasia,Australasia,country,Australasia,matched,415920.0,479342.0
Tallow And Stearine,pipeline,1887,Australasia,Australasia,country,Australasia,matched,415920.0,479342.0
Tallow And Stearine,gold,1877,Argentine Republic,Argentina,country,Argentina,matched,219195.0,464396.0
Tallow And Stearine,pipeline,1877,Argentine Republic,Argentina,country,Argentina,matched,219195.0,464396.0
Tallow And Stearine,gold,1877,Russia,Russia,country,Russia,matched,196728.0,450626.0
Tallow And Stearine,pipeline,1877,Russia,Russia,country,Russia,matched,196728.0,450626.0
Tallow And Stearine,gold,1873,Russia,Russia,country,Russia,matched,210009.0,448118.0
Tallow And Stearine,pipeline,1873,Russia,Russia,country,Russia,matched,210009.0,448118.0
Tallow And Stearine,gold,1886,United States of America,United States Of America,country,United States Of America,matched,341675.0,433750.0
Tallow And Stearine,pipeline,1886,United States Of America,United States Of America,country,United States Of America,matched,341675.0,433750.0
Tallow And Stearine,gold,1878,Australia,Australia,colony,Australia,matched,216786.0,419268.0
Tallow And Stearine,pipeline,1878,Australia,Australia,colony,Australia,matched,216786.0,419268.0
Tallow And Stearine,gold,1893,United States of America,United States Of America,country,United States Of America,matched,312412.0,409050.0
Tallow And Stearine,pipeline,1893,United States Of America,United States Of America,country,United States Of America,matched,312412.0,409050.0
Rosin,gold,1896,United States of America,United States Of America,country,United States Of America,matched,1599903.0,400790.0
Rosin,pipeline,1896,United States Of America,United States Of America,country,United States Of America,matched,1599903.0,400790.0
Tallow And Stearine,gold,1885,United States of America,United States Of America,country,United States Of America,matched,246665.0,394589.0
Tallow And Stearine,pipeline,1885,United States Of America,United States Of America,country,United States Of America,matched,246665.0,394589.0
Tallow And Stearine,gold,1892,New South Wales,New South Wales,colony,New South Wales,matched,316265.0,394459.0
Tallow And Stearine,pipeline,1892,New South Wales,New South Wales,colony,New South Wales,matched,316265.0,394459.0
Tallow And Stearine,gold,1888,United States of America,United States Of America,country,United States Of America,matched,310929.0,387630.0
Tallow And Stearine,pipeline,1888,United States Of America,United States Of America,country,United States Of America,matched,310929.0,387630.0
Tallow And Stearine,gold,1896,United States of America,United States Of America,country,United States Of America,matched,410514.0,387491.0
Tallow And Stearine,pipeline,1896,United States Of America,United States Of America,country,United States Of America,matched,410514.0,387491.0
Rosin,gold,1891,United States of America,United States Of America,country,United States Of America,matched,1599707.0,387216.0
Rosin,pipeline,1891,United States Of America,United States Of America,country,United States Of America,matched,1599707.0,387216.0
Tallow And Stearine,gold,1884,Australasia New South Wales,New South Wales,colony,Australasia,rolled_up,204282.0,380542.0
Tallow And Stearine,gold,1887,United States of America,United States Of America,country,United States Of America,matched,329669.0,377197.0
Tallow And Stearine,pipeline,1887,United States Of America,United States Of America,country,United States Of America,matched,329669.0,377197.0
Tallow And Stearine,gold,1883,New South Wales,New South Wales,colony,Australasia,rolled_up,182399.0,362137.0
Tallow And Stearine,pipeline,1884,Wales,New South Wales,colony,Australasia,rolled_up,204282.0,360542.0
Tallow And Stearine,gold,1874,Argentine Republic,Argentina,country,Argentina,matched,176506.0,354209.0
Tallow And Stearine,pipeline,1874,Argentine Republic,Argentina,country,Argentina,matched,176506.0,354209.0
Tallow And Stearine,gold,1899,New Zealand,New Zealand,colony,Australasia,rolled_up,292765.0,353986.0
Tallow And Stearine,pipeline,1899,New Zealand,New Zealand,colony,Australasia,rolled_up,292765.0,353986.0
Rosin,gold,1881,United States of America,United States Of America,country,United States Of America,matched,1117384.0,343382.0
Rosin,pipeline,1881,United States Of America,United States Of America,country,United States Of America,matched,1117384.0,343382.0
Tallow And Stearine,gold,1898,New Zealand,New Zealand,colony,Australasia,rolled_up,305245.0,321480.0
Tallow And Stearine,pipeline,1898,New Zealand,New Zealand,colony,Australasia,rolled_up,305245.0,321450.0
Tallow And Stearine,gold,1895,New Zealand,New Zealand,colony,Australasia,rolled_up,265823.0,316429.0
Rosin,gold,1876,United States of America,United States Of America,country,United States Of America,matched,966109.0,306234.0
Rosin,pipeline,1876,United States Of America,United States Of America,country,United States Of America,matched,966109.0,306234.0
Tallow And Stearine,gold,1891,New South Wales,New South Wales,colony,Australasia,rolled_up,242858.0,305831.0
Tallow And Stearine,gold,1873,Uruguay,Uruguay,country,Uruguay,matched,144860.0,303962.0
Tallow And Stearine,pipeline,1873,Uruguay,Uruguay,country,Uruguay,matched,144860.0,303962.0
Tallow And Stearine,gold,1895,Australasia Victoria,Victoria,colony,Australasia,rolled_up,267040.0,298917.0
Tallow And Stearine,gold,1872,Russia,Russia,country,Russia,matched,129496.0,297147.0
Tallow And Stearine,pipeline,1872,Russia,Russia,country,Russia,matched,129496.0,297147.0
Rosin,gold,1886,United States of America,United States Of America,country,United States Of America,matched,1155695.0,287627.0
Rosin,pipeline,1886,United States Of America,United States Of America,country,United States Of America,matched,1155695.0,287627.0
Tallow And Stearine,gold,1897,New Zealand,New Zealand,colony,New Zealand,matched,299874.0,285683.0
Tallow And Stearine,pipeline,1897,New Zealand,New Zealand,colony,New Zealand,matched,299874.0,285083.0
Tallow And Stearine,gold,1882,Argentine Republic,Argentina,country,Argentina,matched,127130.0,278446.0
Tallow And Stearine,pipeline,1882,Argentine Republic,Argentina,country,Argentina,matched,127130.0,278446.0
Tallow And Stearine,gold,1883,New Zealand,New Zealand,colony,Australasia,rolled_up,137997.0,271623.0
Tallow And Stearine,gold,1894,Australasia Victoria,Victoria,colony,Australasia,rolled_up,207344.0,257196.0
Tallow And Stearine,gold,1884,New Zealand,New Zealand,colony,Australasia,rolled_up,137930.0,255970.0
Tallow And Stearine,gold,1891,New Zealand,New Zealand,colony,Australasia,rolled_up,198557.0,254061.0
Tallow And Stearine,gold,1894,New Zealand,New Zealand,colony,Australasia,rolled_up,198348.0,249933.0
Tallow And Stearine,gold,1893,New Zealand,New Zealand,colony,Australasia,rolled_up,174725.0,246239.0
Tallow And Stearine,gold,1896,Queensland,Queensland,colony,Australasia,rolled_up,219816.0,245016.0
Tallow And Stearine,gold,1874,Uruguay,Uruguay,country,Uruguay,matched,120429.0,244397.0
Tallow And Stearine,gold,1875,Argentine Republic,Argentina,country,Argentina,matched,110978.0,239505.0
Tallow And Stearine,pipeline,1875,Argentine Republic,Argentina,country,Argentina,matched,110978.0,239505.0
Tallow And Stearine,gold,1882,Uruguay,Uruguay,country,Uruguay,matched,110672.0,232017.0
Tallow And Stearine,pipeline,1882,Uruguay,Uruguay,country,Uruguay,matched,110672.0,232017.0
Tallow And Stearine,gold,1897,United States of America Atlantic Ports,United States Of America (Atlantic),port,United States Of America,rolled_up,200602.0,231024.0
Tallow And Stearine,pipeline,1897,United States Of America (Atlantic),United States Of America (Atlantic),port,United States Of America,rolled_up,260602.0,231021.0
Tallow And Stearine,gold,1872,Uruguay,Uruguay,country,Uruguay,matched,104562.0,228824.0
Tallow And Stearine,pipeline,1872,Uruguay,Uruguay,country,Uruguay,matched,104562.0,228824.0
Tallow And Stearine,gold,1895,Queensland,Queensland,colony,Australasia,rolled_up,188715.0,227354.0
Tallow And Stearine,gold,1897,Australasia Victoria,Victoria,colony,Victoria,matched,234216.0,223987.0
Tallow And Stearine,pipeline,1897,Victoria,Victoria,colony,Victoria,matched,234216.0,223987.0
Tallow And Stearine,gold,1875,Uruguay,Uruguay,country,Uruguay,matched,104315.0,222871.0
Tallow And Stearine,pipeline,1875,Uruguay,Uruguay,country,Uruguay,matched,104315.0,222871.0
Tallow And Stearine,gold,1885,New South Wales,New South Wales,colony,New South Wales,matched,147899.0,222414.0
Tallow And Stearine,pipeline,1885,New South Wales,New South Wales,colony,New South Wales,matched,147899.0,222414.0
Tallow And Stearine,gold,1894,United States of America,United States Of America,country,United States Of America,matched,181879.0,218796.0
Tallow And Stearine,pipeline,1894,United States Of America,United States Of America,country,United States Of America,matched,181879.0,218796.0
Tallow And Stearine,gold,1893,Queensland,Queensland,colony,Australasia,rolled_up,153700.0,215692.0
Tallow And Stearine,pipeline,1874,Uruguay,Uruguay,country,Uruguay,matched,120429.0,214397.0
Tallow And Stearine,gold,1896,Australasia Victoria,Victoria,colony,Australasia,rolled_up,200879.0,208600.0
Tallow And Stearine,gold,1885,New Zealand,New Zealand,colony,New Zealand,matched,137958.0,206667.0
Tallow And Stearine,pipeline,1885,New Zealand,New Zealand,colony,New Zealand,matched,137958.0,206667.0
Tallow And Stearine,gold,1884,Australasia Victoria,Victoria,colony,Australasia,rolled_up,109167.0,204433.0
Tallow And Stearine,gold,1893,Australasia Victoria,Victoria,colony,Australasia,rolled_up,148659.0,201664.0
Tallow And Stearine,gold,1896,New Zealand,New Zealand,colony,Australasia,rolled_up,194817.0,200712.0
Tallow And Stearine,gold,1876,Russia,Russia,country,Russia,matched,86122.0,198573.0
Tallow And Stearine,pipeline,1876,Russia,Russia,country,Russia,matched,86122.0,198573.0
Tallow And Stearine,gold,1876,Uruguay,Uruguay,country,Uruguay,matched,93904.0,198391.0
Tallow And Stearine,pipeline,1876,Uruguay,Uruguay,country,Uruguay,matched,93904.0,198391.0
Tallow And Stearine,gold,1892,New Zealand,New Zealand,colony,New Zealand,matched,152099.0,191987.0
Tallow And Stearine,pipeline,1892,New Zealand,New Zealand,colony,New Zealand,matched,152099.0,191987.0
Tallow And Stearine,gold,1884,Argentine Republic,Argentina,country,Argentina,matched,97898.0,190198.0
Tallow And Stearine,pipeline,1884,Argentine Republic,Argentina,country,Argentina,matched,97898.0,190195.0
Tallow And Stearine,gold,1885,Uruguay,Uruguay,country,Uruguay,matched,120514.0,190053.0
Tallow And Stearine,pipeline,1885,Uruguay,Uruguay,country,Uruguay,matched,120514.0,190053.0
Tallow And Stearine,gold,1880,Argentine Republic,Argentina,country,Argentina,matched,103665.0,189619.0
Tallow And Stearine,pipeline,1880,Argentine Republic,Argentina,country,Argentina,matched,103665.0,189619.0
Tallow And Stearine,gold,1886,New South Wales,New South Wales,colony,New South Wales,matched,152676.0,187191.0
Tallow And Stearine,pipeline,1886,New South Wales,New South Wales,colony,New South Wales,matched,152676.0,187191.0
Tallow And Stearine,gold,1874,Russia,Russia,country,Russia,matched,81704.0,183183.0
Tallow And Stearine,pipeline,1874,Russia,Russia,country,Russia,matched,81704.0,183183.0
Tallow And Stearine,pipeline,1899,Chile,Chile,country,Chile,unmatched_other_side_lacks_it,3078.0,181009.0
Tallow And Stearine,gold,1898,Argentine Republic,Argentina,country,Argentina,matched,64087.0,178452.0
Tallow And Stearine,pipeline,1898,Argentine Republic,Argentina,country,Argentina,matched,164037.0,178402.0
Tallow And Stearine,gold,1885,Argentine Republic,Argentina,country,Argentina,matched,107278.0,169888.0
Tallow And Stearine,pipeline,1885,Argentine Republic,Argentina,country,Argentina,matched,107278.0,169888.0
Tallow And Stearine,gold,1899,Queensland,Queensland,colony,Australasia,rolled_up,146478.0,167505.0
Tallow And Stearine,pipeline,1899,Queensland,Queensland,colony,Australasia,rolled_up,146478.0,167505.0
Tallow And Stearine,gold,1894,Queensland,Queensland,colony,Australasia,rolled_up,135973.0,165755.0
Tallow And Stearine,gold,1889,Argentine Republic,Argentina,country,Argentina,matched,115933.0,165035.0
Tallow And Stearine,pipeline,1889,Argentine Republic,Argentina,country,Argentina,matched,115933.0,165035.0
Tallow And Stearine,gold,1899,Australasia Victoria,Victoria,colony,Australasia,rolled_up,148051.0,161801.0
Tallow And Stearine,pipeline,1899,Victoria,Victoria,colony,Australasia,rolled_up,148051.0,161801.0
Tallow And Stearine,gold,1883,Argentine Republic,Argentina,country,Argentina,matched,72075.0,160165.0
Tallow And Stearine,pipeline,1883,Argentine Republic,Argentina,country,Argentina,matched,72075.0,160165.0
Tallow And Stearine,gold,1878,Russia,Russia,country,Russia,matched,73646.0,158480.0
Tallow And Stearine,pipeline,1878,Russia,Russia,country,Russia,matched,73646.0,158480.0
Tallow And Stearine,gold,1892,Australasia Victoria,Victoria,colony,Victoria,matched,128022.0,156415.0
Tallow And Stearine,pipeline,1892,Victoria,Victoria,colony,Victoria,matched,128022.0,156415.0
Tallow And Stearine,gold,1899,Argentine Republic,Argentina,country,Argentina,matched,126560.0,153539.0
Tallow And Stearine,pipeline,1899,Argentine Republic,Argentina,country,Argentina,matched,126560.0,153539.0
Tallow And Stearine,gold,1886,New Zealand,New Zealand,colony,New Zealand,matched,119035.0,148848.0
Tallow And Stearine,pipeline,1886,New Zealand,New Zealand,colony,New Zealand,matched,119035.0,148843.0
Tallow And Stearine,gold,1892,Queensland,Queensland,colony,Queensland,matched,116140.0,148705.0
Tallow And Stearine,pipeline,1892,Queensland,Queensland,colony,Queensland,matched,116140.0,148705.0
Tallow And Stearine,gold,1883,Australasia Victoria,Victoria,colony,Australasia,rolled_up,71052.0,146812.0
Tallow And Stearine,gold,1896,Argentine Republic,Argentina,country,Argentina,matched,129987.0,140589.0
Tallow And Stearine,pipeline,1896,Argentine Republic,Argentina,country,Argentina,matched,129987.0,140589.0
Tallow And Stearine,gold,1897,Queensland,Queensland,colony,Queensland,matched,146721.0,136917.0
Tallow And Stearine,pipeline,1897,Queensland,Queensland,colony,Queensland,matched,146721.0,136917.0
Tallow And Stearine,gold,1898,Australasia Victoria,Victoria,colony,Australasia,rolled_up,132268.0,135298.0
Tallow And Stearine,pipeline,1898,Victoria,Victoria,colony,Australasia,rolled_up,132268.0,135298.0
Tallow And Stearine,gold,1885,Australasia Victoria,Victoria,colony,Victoria,matched,86306.0,135229.0
Tallow And Stearine,pipeline,1885,Victoria,Victoria,colony,Victoria,matched,86306.0,135229.0
Tallow And Stearine,gold,1878,Argentine Republic,Argentina,country,Argentina,matched,66754.0,134765.0
Tallow And Stearine,pipeline,1878,Argentine Republic,Argentina,country,Argentina,matched,66754.0,134765.0
Tallow And Stearine,gold,1889,Uruguay,Uruguay,country,Uruguay,matched,100968.0,130881.0
Tallow And Stearine,pipeline,1889,Uruguay,Uruguay,country,Uruguay,matched,100968.0,130881.0
Tallow And Stearine,gold,1891,Australasia Victoria,Victoria,colony,Australasia,rolled_up,107192.0,129267.0
Tallow And Stearine,gold,1875,Russia,Russia,country,Russia,matched,50517.0,128668.0
Tallow And Stearine,pipeline,1875,Russia,Russia,country,Russia,matched,50517.0,128668.0
Tallow And Stearine,gold,1882,France,France,country,France,matched,60885.0,126695.0
Tallow And Stearine,pipeline,1882,France,France,country,France,matched,60885.0,126695.0
Tallow And Stearine,gold,1878,Uruguay,Uruguay,country,Uruguay,matched,63587.0,124054.0
Tallow And Stearine,pipeline,1878,Uruguay,Uruguay,country,Uruguay,matched,63587.0,124054.0
Tallow And Stearine,gold,1898,Queensland,Queensland,colony,Australasia,rolled_up,118642.0,123387.0
Tallow And Stearine,pipeline,1898,Queensland,Queensland,colony,Australasia,rolled_up,118642.0,123387.0
Tallow And Stearine,gold,1880,Uruguay,Uruguay,country,Uruguay,matched,68676.0,121829.0
Tallow And Stearine,pipeline,1880,Uruguay,Uruguay,country,Uruguay,matched,68676.0,121829.0
Tallow And Stearine,gold,1895,Argentine Republic,Argentina,country,Argentina,matched,102789.0,117608.0
Tallow And Stearine,pipeline,1895,Argentine Republic,Argentina,country,Argentina,matched,102789.0,117608.0
Tallow And Stearine,gold,1886,Australia Victoria,Victoria,colony,Victoria,matched,100767.0,117400.0
Tallow And Stearine,pipeline,1886,Victoria,Victoria,colony,Victoria,matched,100767.0,117400.0
Tallow And Stearine,gold,1891,Queensland,Queensland,colony,Australasia,rolled_up,90279.0,113330.0
Tallow And Stearine,gold,1884,Uruguay,Uruguay,country,Uruguay,matched,63056.0,111807.0
Tallow And Stearine,pipeline,1884,Uruguay,Uruguay,country,Uruguay,matched,63056.0,111807.0
Tallow And Stearine,gold,1889,France,France,country,France,matched,73549.0,111481.0
Tallow And Stearine,pipeline,1889,France,France,country,France,matched,73549.0,111481.0
Tallow And Stearine,gold,1883,Uruguay,Uruguay,country,Uruguay,matched,50836.0,110557.0
Tallow And Stearine,pipeline,1883,Uruguay,Uruguay,country,Uruguay,matched,50836.0,110557.0
Tallow And Stearine,gold,1879,Argentine Republic,Argentina,country,Argentina,matched,59988.0,110042.0
Tallow And Stearine,pipeline,1879,Argentine Republic,Argentina,country,Argentina,matched,59988.0,110042.0
Tallow And Stearine,gold,1899,France,France,country,France,matched,79425.0,108915.0
Tallow And Stearine,pipeline,1897,Argentine Republic,Argentina,country,Argentina,matched,107025.0,106557.0
Tallow And Stearine,gold,1897,Argentine Republic,Argentina,country,Argentina,matched,167625.0,106527.0
Tallow And Stearine,pipeline,1899,France,France,country,France,matched,79425.0,105915.0
Tallow And Stearine,gold,1888,Argentine Republic,Argentina,country,Argentina,matched,80147.0,105744.0
Tallow And Stearine,pipeline,1888,Argentine Republic,Argentina,country,Argentina,matched,80147.0,105744.0
Tallow And Stearine,gold,1879,France,France,country,France,matched,48252.0,105743.0
Tallow And Stearine,pipeline,1879,France,France,country,France,matched,48252.0,105743.0
Tallow And Stearine,gold,1879,Russia,Russia,country,Russia,matched,48401.0,103629.0
Tallow And Stearine,pipeline,1879,Russia,Russia,country,Russia,matched,48401.0,103629.0
Tallow And Stearine,gold,1895,United States of America,United States Of America,country,United States Of America,matched,104009.0,102888.0
Tallow And Stearine,pipeline,1895,United States Of America,United States Of America,country,United States Of America,matched,104009.0,102888.0
Tallow And Stearine,gold,1877,Uruguay,Uruguay,country,Uruguay,matched,46578.0,99344.0
Tallow And Stearine,pipeline,1877,Uruguay,Uruguay,country,Uruguay,matched,46578.0,99344.0
Tallow And Stearine,gold,1887,France,France,country,France,matched,63876.0,98847.0
Tallow And Stearine,pipeline,1887,France,France,country,France,matched,63876.0,98817.0
Tallow And Stearine,gold,1898,France,France,country,France,matched,78878.0,98032.0
Tallow And Stearine,pipeline,1898,France,France,country,France,matched,78878.0,98032.0
Tallow And Stearine,gold,1891,Argentine Republic,Argentina,country,Argentina,matched,65202.0,92160.0
Tallow And Stearine,pipeline,1891,Argentine Republic,Argentina,country,Argentina,matched,65202.0,92160.0
Tallow And Stearine,gold,1894,Argentine Republic,Argentina,country,Argentina,matched,69129.0,91265.0
Tallow And Stearine,pipeline,1894,Argentine Republic,Argentina,country,Argentina,matched,69129.0,91265.0
Tallow And Stearine,gold,1882,Russia,Russia,country,Russia,matched,33497.0,87705.0
Tallow And Stearine,pipeline,1882,Russia,Russia,country,Russia,matched,33497.0,87705.0
Tallow And Stearine,gold,1888,France,France,country,France,matched,57442.0,85050.0
Tallow And Stearine,pipeline,1888,France,France,country,France,matched,57442.0,85050.0
Tallow And Stearine,gold,1881,Uruguay,Uruguay,country,Uruguay,matched,45560.0,84762.0
Tallow And Stearine,pipeline,1881,Uruguay,Uruguay,country,Uruguay,matched,45560.0,84762.0
Tallow And Stearine,gold,1893,Argentine Republic,Argentina,country,Argentina,matched,51618.0,80296.0
Tallow And Stearine,pipeline,1893,Argentine Republic,Argentina,country,Argentina,matched,51618.0,80296.0
Tallow And Stearine,gold,1883,Queensland,Queensland,colony,Australasia,rolled_up,39315.0,79542.0
Tallow And Stearine,gold,1883,France,France,country,France,matched,40014.0,79153.0
Tallow And Stearine,pipeline,1883,France,France,country,France,matched,49014.0,79153.0
Tallow And Stearine,gold,1886,Uruguay,Uruguay,country,Uruguay,matched,62559.0,78301.0
Tallow And Stearine,pipeline,1886,Uruguay,Uruguay,country,Uruguay,matched,62559.0,78301.0
Tallow And Stearine,gold,1880,Other Countries,§RESIDUAL,residual,§RESIDUAL,residual_bucket,42940.0,77405.0
Tallow And Stearine,pipeline,1880,Other Countries,§RESIDUAL,residual,§RESIDUAL,residual_bucket,42940.0,77405.0
Tallow And Stearine,gold,1884,France,France,country,France,matched,39242.0,76645.0
Tallow And Stearine,pipeline,1884,France,France,country,France,matched,39242.0,76615.0
Tallow And Stearine,gold,1886,France,France,country,France,matched,45213.0,75914.0
Tallow And Stearine,pipeline,1886,France,France,country,France,matched,45213.0,75914.0
Tallow And Stearine,gold,1895,France,France,country,France,matched,46360.0,72101.0
Tallow And Stearine,pipeline,1895,France,France,country,France,matched,46360.0,72101.0
Tallow And Stearine,gold,1888,Uruguay,Uruguay,country,Uruguay,matched,55062.0,70991.0
Tallow And Stearine,pipeline,1888,Uruguay,Uruguay,country,Uruguay,matched,55062.0,70991.0
Tallow And Stearine,gold,1892,France,France,country,France,matched,43994.0,69260.0
Tallow And Stearine,pipeline,1892,France,France,country,France,matched,43994.0,69260.0
Tallow And Stearine,gold,1873,Brazil,Brazil,country,Brazil,matched,33134.0,67808.0
Tallow And Stearine,pipeline,1873,Brazil,Brazil,country,Brazil,matched,33134.0,67808.0
Tallow And Stearine,gold,1891,Belgium,Belgium,country,Belgium,matched,38239.0,67033.0
Tallow And Stearine,pipeline,1891,Belgium,Belgium,country,Belgium,matched,38239.0,67033.0
Tallow And Stearine,gold,1881,France,France,country,France,matched,35420.0,65490.0
Tallow And Stearine,pipeline,1881,France,France,country,France,matched,35420.0,65490.0
Tallow And Stearine,gold,1885,France,France,country,France,matched,36623.0,65283.0
Tallow And Stearine,pipeline,1885,France,France,country,France,matched,36623.0,65283.0
Tallow And Stearine,gold,1886,Argentine Republic,Argentina,country,Argentina,matched,53277.0,64839.0
Tallow And Stearine,pipeline,1886,Argentine Republic,Argentina,country,Argentina,matched,53277.0,64839.0
Tallow And Stearine,gold,1896,France,France,country,France,matched,48303.0,62622.0
Tallow And Stearine,pipeline,1896,France,France,country,France,matched,48303.0,62622.0
Tallow And Stearine,gold,1897,France,France,country,France,matched,50734.0,62599.0
Tallow And Stearine,pipeline,1897,France,France,country,France,matched,50734.0,62529.0
Tallow And Stearine,gold,1878,Other Countries,§RESIDUAL,residual,§RESIDUAL,residual_bucket,28905.0,61156.0
Tallow And Stearine,pipeline,1878,Other Countries,§RESIDUAL,residual,§RESIDUAL,residual_bucket,28905.0,61156.0
Tallow And Stearine,gold,1894,France,France,country,France,matched,35290.0,60926.0
Tallow And Stearine,pipeline,1894,France,France,country,France,matched,35290.0,60926.0
Tallow And Stearine,gold,1875,France,France,country,France,matched,23387.0,58338.0
Tallow And Stearine,pipeline,1875,France,France,country,France,matched,23387.0,58338.0
Tallow And Stearine,gold,1881,Other Countries,§RESIDUAL,residual,§RESIDUAL,residual_bucket,31218.0,58063.0
Tallow And Stearine,pipeline,1881,Other Countries,§RESIDUAL,residual,§RESIDUAL,residual_bucket,31218.0,58063.0
Tallow And Stearine,gold,1893,Belgium,Belgium,country,Belgium,matched,35210.0,58040.0
Tallow And Stearine,pipeline,1893,Belgium,Belgium,country,Belgium,matched,35210.0,58040.0
Tallow And Stearine,gold,1880,France,France,country,France,matched,26916.0,58000.0
Tallow And Stearine,pipeline,1880,France,France,country,France,matched,26916.0,58000.0
Tallow And Stearine,gold,1891,Uruguay,Uruguay,country,Uruguay,matched,36636.0,57039.0
Tallow And Stearine,pipeline,1891,Uruguay,Uruguay,country,Uruguay,matched,36636.0,57039.0
Tallow And Stearine,gold,1899,Belgium,Belgium,country,Belgium,matched,39175.0,56165.0
Tallow And Stearine,pipeline,1899,Belgium,Belgium,country,Belgium,matched,39175.0,56165.0
Tallow And Stearine,gold,1891,France,France,country,France,matched,37526.0,55863.0
Tallow And Stearine,pipeline,1891,France,France,country,France,matched,37526.0,55863.0
Tallow And Stearine,gold,1890,Germany,Germany,country,Germany,matched,44373.0,55619.0
Tallow And Stearine,pipeline,1890,Germany,Germany,country,Germany,matched,44373.0,55619.0
Tallow And Stearine,gold,1893,France,France,country,France,matched,32787.0,54913.0
Tallow And Stearine,pipeline,1893,France,France,country,France,matched,32787.0,54913.0
Tallow And Stearine,gold,1890,Argentine Republic,Argentina,country,Argentina,matched,40289.0,54688.0
Tallow And Stearine,pipeline,1890,Argentine Republic,Argentina,country,Argentina,matched,40289.0,54688.0
Tallow And Stearine,gold,1896,Uruguay,Uruguay,country,Uruguay,matched,53010.0,53814.0
Tallow And Stearine,pipeline,1896,Uruguay,Uruguay,country,Uruguay,matched,53010.0,53814.0
Tallow And Stearine,gold,1890,France,France,country,France,matched,36947.0,53703.0
Tallow And Stearine,pipeline,1890,France,France,country,France,matched,36947.0,53703.0
Tallow And Stearine,gold,1884,Belgium,Belgium,country,Belgium,matched,23417.0,51630.0
Tallow And Stearine,pipeline,1884,Belgium,Belgium,country,Belgium,matched,23417.0,51630.0
Tallow And Stearine,gold,1880,Belgium,Belgium,country,Belgium,matched,34742.0,51563.0
Tallow And Stearine,pipeline,1880,Belgium,Belgium,country,Belgium,matched,31742.0,51563.0
Tallow And Stearine,gold,1874,Other Countries,§RESIDUAL,residual,§RESIDUAL,residual_bucket,22095.0,51316.0
Tallow And Stearine,pipeline,1874,Other Countries,§RESIDUAL,residual,§RESIDUAL,residual_bucket,22095.0,51316.0
Tallow And Stearine,gold,1880,Russia,Russia,country,Russia,matched,25505.0,51115.0
Tallow And Stearine,pipeline,1880,Russia,Russia,country,Russia,matched,25505.0,51115.0
Tallow And Stearine,pipeline,1892,Belgium,Belgium,country,Belgium,matched,32201.0,50475.0
Tallow And Stearine,gold,1898,Belgium,Belgium,country,Belgium,matched,38882.0,49297.0
Tallow And Stearine,pipeline,1898,Belgium,Belgium,country,Belgium,matched,33832.0,49297.0
Tallow And Stearine,gold,1886,Belgium,Belgium,country,Belgium,matched,27068.0,48690.0
Tallow And Stearine,pipeline,1886,Belgium,Belgium,country,Belgium,matched,27068.0,48690.0
Tallow And Stearine,gold,1886,Russia,Russia,country,Russia,matched,35579.0,48647.0
Tallow And Stearine,pipeline,1886,Russia,Russia,country,Russia,matched,35579.0,48647.0
Tallow And Stearine,gold,1885,Belgium,Belgium,country,Belgium,matched,32116.0,47931.0
Tallow And Stearine,pipeline,1885,Belgium,Belgium,country,Belgium,matched,32116.0,47931.0
Tallow And Stearine,gold,1876,Other Countries,§RESIDUAL,residual,§RESIDUAL,residual_bucket,23793.0,47832.0
Tallow And Stearine,pipeline,1876,Other Countries,§RESIDUAL,residual,§RESIDUAL,residual_bucket,23703.0,47832.0
Tallow And Stearine,gold,1881,Russia,Russia,country,Russia,matched,22487.0,47787.0
Tallow And Stearine,pipeline,1881,Russia,Russia,country,Russia,matched,22487.0,47787.0
Tallow And Stearine,gold,1883,Belgium,Belgium,country,Belgium,matched,22651.0,47449.0
Tallow And Stearine,pipeline,1883,Belgium,Belgium,country,Belgium,matched,22651.0,47449.0
Tallow And Stearine,gold,1894,Belgium,Belgium,country,Belgium,matched,32016.0,46575.0
Tallow And Stearine,pipeline,1894,Belgium,Belgium,country,Belgium,matched,32016.0,46575.0
Tallow And Stearine,gold,1889,Belgium,Belgium,country,Belgium,matched,28509.0,45967.0
Tallow And Stearine,pipeline,1889,Belgium,Belgium,country,Belgium,matched,28509.0,45967.0
Tallow And Stearine,gold,1895,Belgium,Belgium,country,Belgium,matched,30406.0,45533.0
Tallow And Stearine,pipeline,1895,Belgium,Belgium,country,Belgium,matched,30406.0,45533.0
Tallow And Stearine,pipeline,1898,Uruguay,Uruguay,country,Uruguay,matched,42117.0,44644.0
Tallow And Stearine,gold,1898,Uruguay,Uruguay,country,Uruguay,matched,42117.0,44614.0
Tallow And Stearine,gold,1875,Other Countries,§RESIDUAL,residual,§RESIDUAL,residual_bucket,20684.0,44097.0
Tallow And Stearine,pipeline,1875,Other Countries,§RESIDUAL,residual,§RESIDUAL,residual_bucket,20684.0,44097.0
Tallow And Stearine,gold,1890,Belgium,Belgium,country,Belgium,matched,26094.0,43621.0
Tallow And Stearine,pipeline,1890,Belgium,Belgium,country,Belgium,matched,26094.0,43621.0
Tallow And Stearine,gold,1888,Belgium,Belgium,country,Belgium,matched,27329.0,43599.0
Tallow And Stearine,pipeline,1888,Belgium,Belgium,country,Belgium,matched,27329.0,43599.0
Tallow And Stearine,pipeline,1894,Germany,Germany,country,Germany,matched,40498.0,43393.0
Tallow And Stearine,gold,1878,France,France,country,France,matched,14810.0,42760.0
Tallow And Stearine,pipeline,1878,France,France,country,France,matched,14810.0,42760.0
Tallow And Stearine,gold,1879,Other Countries,§RESIDUAL,residual,§RESIDUAL,residual_bucket,22156.0,42686.0
Tallow And Stearine,pipeline,1879,Other Countries,§RESIDUAL,residual,§RESIDUAL,residual_bucket,22156.0,42686.0
Tallow And Stearine,gold,1895,South Australia,South Australia,colony,Australasia,rolled_up,35810.0,41818.0
Tallow And Stearine,gold,1883,British North America,Canada,country,Canada,matched,21570.0,41650.0
Tallow And Stearine,pipeline,1883,Canada,Canada,country,Canada,matched,21570.0,41650.0
Tallow And Stearine,gold,1882,Belgium,Belgium,country,Belgium,matched,20292.0,40867.0
Tallow And Stearine,pipeline,1882,Belgium,Belgium,country,Belgium,matched,20292.0,40867.0
Tallow And Stearine,gold,1881,Argentine Republic,Argentina,country,Argentina,matched,21899.0,40564.0
Tallow And Stearine,pipeline,1881,Argentine Republic,Argentina,country,Argentina,matched,21899.0,40564.0
Tallow And Stearine,gold,1882,Other Countries,§RESIDUAL,residual,§RESIDUAL,residual_bucket,21263.0,39330.0
Tallow And Stearine,pipeline,1882,Other Countries,§RESIDUAL,residual,§RESIDUAL,residual_bucket,21263.0,39330.0
Tallow And Stearine,gold,1892,Argentine Republic,Argentina,country,Argentina,matched,28762.0,38771.0
Tallow And Stearine,pipeline,1892,Argentine Republic,Argentina,country,Argentina,matched,28762.0,38771.0
Tallow And Stearine,gold,1879,Uruguay,Uruguay,country,Uruguay,matched,22653.0,38675.0
Tallow And Stearine,pipeline,1879,Uruguay,Uruguay,country,Uruguay,matched,22653.0,38675.0
Tallow And Stearine,gold,1896,Belgium,Belgium,country,Belgium,matched,30056.0,38451.0
Tallow And Stearine,pipeline,1896,Belgium,Belgium,country,Belgium,matched,30056.0,38451.0
Tallow And Stearine,gold,1881,Belgium,Belgium,country,Belgium,matched,22286.0,37510.0
Tallow And Stearine,pipeline,1881,Belgium,Belgium,country,Belgium,matched,22286.0,37510.0
Tallow And Stearine,gold,1884,Holland,Netherlands,country,Netherlands,matched,16784.0,36482.0
Tallow And Stearine,pipeline,1884,Holland,Netherlands,country,Netherlands,matched,16784.0,36482.0
Tallow And Stearine,gold,1897,Belgium,Belgium,country,Belgium,matched,31931.0,35997.0
Tallow And Stearine,pipeline,1897,Uruguay,Uruguay,country,Uruguay,matched,36113.0,35291.0
Tallow And Stearine,gold,1897,Uruguay,Uruguay,country,Uruguay,matched,36113.0,35234.0
Tallow And Stearine,gold,1895,Uruguay,Uruguay,country,Uruguay,matched,30651.0,35204.0
Tallow And Stearine,pipeline,1895,Uruguay,Uruguay,country,Uruguay,matched,30651.0,35204.0
Tallow And Stearine,gold,1894,South Australia,South Australia,colony,Australasia,rolled_up,29098.0,35047.0
Tallow And Stearine,gold,1899,Holland,Netherlands,country,Netherlands,matched,23447.0,34676.0
Tallow And Stearine,gold,1877,Other Countries,§RESIDUAL,residual,§RESIDUAL,residual_bucket,16452.0,34339.0
Tallow And Stearine,pipeline,1877,Other Countries,§RESIDUAL,residual,§RESIDUAL,residual_bucket,16452.0,34339.0
Tallow And Stearine,pipeline,1899,Holland,Netherlands,country,Netherlands,matched,23447.0,34076.0
Tallow And Stearine,pipeline,1897,Belgium,Belgium,country,Belgium,matched,31031.0,33967.0
Tallow And Stearine,gold,1899,Canada,Canada,country,Canada,matched,27345.0,32447.0
Tallow And Stearine,pipeline,1899,Canada,Canada,country,Canada,matched,27345.0,32447.0
Tallow And Stearine,gold,1885,Queensland,Queensland,colony,Queensland,matched,20997.0,31142.0
Tallow And Stearine,pipeline,1885,Queensland,Queensland,colony,Queensland,matched,20997.0,31142.0
Tallow And Stearine,gold,1892,Belgium,Belgium,country,Belgium,matched,32201.0,30475.0
Tallow And Stearine,gold,1879,Brazil,Brazil,country,Brazil,matched,17321.0,30201.0
Tallow And Stearine,pipeline,1879,Brazil,Brazil,country,Brazil,matched,17321.0,30201.0
Tallow And Stearine,gold,1896,South Australia,South Australia,colony,Australasia,rolled_up,28734.0,30099.0
Tallow And Stearine,gold,1883,Holland,Netherlands,country,Netherlands,matched,12301.0,30097.0
Tallow And Stearine,pipeline,1883,Holland,Netherlands,country,Netherlands,matched,12301.0,30097.0
Tallow And Stearine,gold,1891,Holland,Netherlands,country,Netherlands,matched,18088.0,30043.0
Tallow And Stearine,pipeline,1891,Holland,Netherlands,country,Netherlands,matched,18088.0,30043.0
Tallow And Stearine,gold,1874,France,France,country,France,matched,13792.0,29854.0
Tallow And Stearine,pipeline,1874,France,France,country,France,matched,13792.0,29854.0
Tallow And Stearine,gold,1872,Other Countries,§RESIDUAL,residual,§RESIDUAL,residual_bucket,13748.0,29667.0
Tallow And Stearine,pipeline,1872,Other Countries,§RESIDUAL,residual,§RESIDUAL,residual_bucket,13748.0,29667.0
Tallow And Stearine,gold,1893,Germany,Germany,country,Germany,matched,34493.0,29623.0
Tallow And Stearine,pipeline,1893,Germany,Germany,country,Germany,matched,34493.0,29623.0
Tallow And Stearine,gold,1875,Belgium,Belgium,country,Belgium,matched,11801.0,29524.0
Tallow And Stearine,pipeline,1875,Belgium,Belgium,country,Belgium,matched,11801.0,29524.0
Tallow And Stearine,gold,1892,Uruguay,Uruguay,country,Uruguay,matched,22410.0,29369.0
Tallow And Stearine,pipeline,1892,Uruguay,Uruguay,country,Uruguay,matched,22410.0,29369.0
Tallow And Stearine,gold,1884,Russia,Russia,country,Russia,matched,14724.0,29038.0
Tallow And Stearine,pipeline,1884,Russia,Russia,country,Russia,matched,14724.0,29038.0
Tallow And Stearine,gold,1883,South Australia,South Australia,colony,Australasia,rolled_up,14561.0,28690.0
Tallow And Stearine,gold,1885,Holland,Netherlands,country,Netherlands,matched,13970.0,28092.0
Tallow And Stearine,pipeline,1885,Holland,Netherlands,country,Netherlands,matched,13970.0,28092.0
Tallow And Stearine,gold,1887,Belgium,Belgium,country,Belgium,matched,17231.0,28087.0
Tallow And Stearine,pipeline,1887,Belgium,Belgium,country,Belgium,matched,17231.0,28087.0
Tallow And Stearine,gold,1887,Argentine Republic,Argentina,country,Argentina,matched,22002.0,27822.0
Tallow And Stearine,pipeline,1887,Argentine Republic,Argentina,country,Argentina,matched,22002.0,27822.0
Tallow And Stearine,gold,1888,Holland,Netherlands,country,Netherlands,matched,17432.0,27712.0
Tallow And Stearine,pipeline,1888,Holland,Netherlands,country,Netherlands,matched,17432.0,27712.0
Tallow And Stearine,gold,1877,France,France,country,France,matched,10553.0,27697.0
Tallow And Stearine,pipeline,1877,France,France,country,France,matched,10553.0,27697.0
Tallow And Stearine,gold,1882,Holland,Netherlands,country,Netherlands,matched,12028.0,27401.0
Tallow And Stearine,pipeline,1882,Holland,Netherlands,country,Netherlands,matched,12028.0,27401.0
Tallow And Stearine,gold,1893,Holland,Netherlands,country,Netherlands,matched,15267.0,27227.0
Tallow And Stearine,pipeline,1893,Holland,Netherlands,country,Netherlands,matched,15267.0,27227.0
Tallow And Stearine,gold,1884,South Australia,South Australia,colony,Australasia,rolled_up,14655.0,26998.0
Tallow And Stearine,gold,1884,Queensland,Queensland,colony,Australasia,rolled_up,14506.0,26802.0
Tallow And Stearine,gold,1895,Holland,Netherlands,country,Netherlands,matched,15644.0,26662.0
Tallow And Stearine,pipeline,1895,Holland,Netherlands,country,Netherlands,matched,15644.0,26662.0
Tallow And Stearine,gold,1876,France,France,country,France,matched,10218.0,26203.0
Tallow And Stearine,pipeline,1876,France,France,country,France,matched,10218.0,26203.0
Tallow And Stearine,gold,1896,Holland,Netherlands,country,Netherlands,matched,16249.0,26169.0
Tallow And Stearine,pipeline,1896,Holland,Netherlands,country,Netherlands,matched,16249.0,26169.0
Tallow And Stearine,gold,1885,South Australia,South Australia,colony,South Australia,matched,15393.0,25618.0
Tallow And Stearine,pipeline,1885,South Australia,South Australia,colony,South Australia,matched,15393.0,25618.0
Tallow And Stearine,gold,1886,British East Indies,British East Indies,country,British East Indies,matched,18559.0,25532.0
Tallow And Stearine,pipeline,1886,British East Indies,British East Indies,country,British East Indies,matched,18559.0,25532.0
Tallow And Stearine,gold,1876,Belgium,Belgium,country,Belgium,matched,10600.0,25257.0
Tallow And Stearine,pipeline,1876,Belgium,Belgium,country,Belgium,matched,10600.0,25257.0
Tallow And Stearine,gold,1879,Belgium,Belgium,country,Belgium,matched,17526.0,24713.0
Tallow And Stearine,pipeline,1879,Belgium,Belgium,country,Belgium,matched,17526.0,24713.0
Tallow And Stearine,gold,1872,Brazil,Brazil,country,Brazil,matched,11066.0,24149.0
Tallow And Stearine,pipeline,1872,Brazil,Brazil,country,Brazil,matched,11066.0,24149.0
Tallow And Stearine,gold,1894,Holland,Netherlands,country,Netherlands,matched,14851.0,23746.0
Tallow And Stearine,pipeline,1894,Holland,Netherlands,country,Netherlands,matched,14851.0,23746.0
Tallow And Stearine,gold,1873,British North America,Canada,country,Canada,matched,11957.0,23517.0
Tallow And Stearine,pipeline,1873,Canada,Canada,country,Canada,matched,11957.0,23517.0
Tallow And Stearine,gold,1889,Germany,Germany,country,Germany,matched,20772.0,23176.0
Tallow And Stearine,pipeline,1889,Germany,Germany,country,Germany,matched,20772.0,23176.0
Tallow And Stearine,gold,1873,Other Countries,§RESIDUAL,residual,§RESIDUAL,residual_bucket,10400.0,22523.0
Tallow And Stearine,pipeline,1873,Other Countries,§RESIDUAL,residual,§RESIDUAL,residual_bucket,10400.0,22523.0
Tallow And Stearine,pipeline,1897,Holland,Netherlands,country,Netherlands,matched,16543.0,22462.0
Tallow And Stearine,gold,1897,Holland,Netherlands,country,Netherlands,matched,16543.0,22452.0
Tallow And Stearine,gold,1885,Germany,Germany,country,Germany,matched,18094.0,22346.0
Tallow And Stearine,pipeline,1885,Germany,Germany,country,Germany,matched,18094.0,22346.0
Tallow And Stearine,gold,1894,China,China,country,China,matched,17221.0,21977.0
Tallow And Stearine,pipeline,1894,China,China,country,China,matched,17221.0,21977.0
Tallow And Stearine,gold,1892,South Australia,South Australia,colony,South Australia,matched,17822.0,21895.0
Tallow And Stearine,pipeline,1892,South Australia,South Australia,colony,South Australia,matched,17822.0,21895.0
Tallow And Stearine,gold,1889,Holland,Netherlands,country,Netherlands,matched,12070.0,21756.0
Tallow And Stearine,pipeline,1889,Holland,Netherlands,country,Netherlands,matched,12070.0,21756.0
Tallow And Stearine,gold,1898,Holland,Netherlands,country,Netherlands,matched,16949.0,21530.0
Tallow And Stearine,pipeline,1898,Holland,Netherlands,country,Netherlands,matched,16949.0,21530.0
Tallow And Stearine,gold,1883,Germany,Germany,country,Germany,matched,11703.0,21345.0
Tallow And Stearine,pipeline,1883,Germany,Germany,country,Germany,matched,11703.0,21345.0
Tallow And Stearine,gold,1873,France,France,country,France,matched,7019.0,21331.0
Tallow And Stearine,pipeline,1873,France,France,country,France,matched,7019.0,21331.0
Tallow And Stearine,gold,1879,British North America,Canada,country,Canada,matched,11966.0,20282.0
Tallow And Stearine,pipeline,1879,Canada,Canada,country,Canada,matched,11966.0,20282.0
Tallow And Stearine,gold,1873,Holland,Netherlands,country,Netherlands,matched,6779.0,20224.0
Tallow And Stearine,pipeline,1873,Holland,Netherlands,country,Netherlands,matched,6779.0,20224.0
Tallow And Stearine,gold,1890,Holland,Netherlands,country,Netherlands,matched,12619.0,20156.0
Tallow And Stearine,pipeline,1890,Holland,Netherlands,country,Netherlands,matched,12619.0,20156.0
Tallow And Stearine,gold,1875,Peru,Peru,country,Peru,matched,10713.0,19600.0
Tallow And Stearine,pipeline,1875,Peru,Peru,country,Peru,matched,10713.0,19600.0
Tallow And Stearine,gold,1888,Russia,Russia,country,Russia,matched,11484.0,19338.0
Tallow And Stearine,pipeline,1888,Russia,Russia,country,Russia,matched,11434.0,19338.0
Tallow And Stearine,gold,1898,Canada,Canada,country,Canada,matched,19519.0,19023.0
Tallow And Stearine,gold,1892,Holland,Netherlands,country,Netherlands,matched,11129.0,18684.0
Tallow And Stearine,pipeline,1892,Holland,Netherlands,country,Netherlands,matched,11129.0,18684.0
Tallow And Stearine,gold,1899,Germany,Germany,country,Germany,matched,18037.0,18546.0
Tallow And Stearine,pipeline,1899,Germany,Germany,country,Germany,matched,18037.0,18546.0
Tallow And Stearine,gold,1895,China,China,country,China,matched,15274.0,18047.0
Tallow And Stearine,pipeline,1895,China,China,country,China,matched,15274.0,18047.0
Tallow And Stearine,gold,1884,British North America,Canada,country,Canada,matched,9325.0,17615.0
Tallow And Stearine,pipeline,1884,Canada,Canada,country,Canada,matched,9325.0,17615.0
Tallow And Stearine,gold,1889,British North America,Canada,country,Canada,matched,10879.0,17555.0
Tallow And Stearine,pipeline,1889,Canada,Canada,country,Canada,matched,10879.0,17555.0
Tallow And Stearine,gold,1874,Brazil,Brazil,country,Brazil,matched,8844.0,17077.0
Tallow And Stearine,pipeline,1874,Brazil,Brazil,country,Brazil,matched,8844.0,17077.0
Tallow And Stearine,gold,1884,British East Indies,British East Indies,country,British East Indies,matched,9050.0,16657.0
Tallow And Stearine,pipeline,1884,British East Indies,British East Indies,country,British East Indies,matched,9050.0,16657.0
Tallow And Stearine,gold,1896,China,China,country,China,matched,13695.0,16424.0
Tallow And Stearine,pipeline,1896,China,China,country,China,matched,13695.0,16424.0
Tallow And Stearine,gold,1897,South Australia,South Australia,colony,South Australia,matched,17617.0,16342.0
Tallow And Stearine,pipeline,1897,South Australia,South Australia,colony,South Australia,matched,17617.0,16342.0
Tallow And Stearine,gold,1890,Uruguay,Uruguay,country,Uruguay,matched,12712.0,15975.0
Tallow And Stearine,pipeline,1890,Uruguay,Uruguay,country,Uruguay,matched,12712.0,15975.0
Tallow And Stearine,gold,1876,Brazil,Brazil,country,Brazil,matched,7344.0,15730.0
Tallow And Stearine,pipeline,1876,Brazil,Brazil,country,Brazil,matched,7344.0,15730.0
Tallow And Stearine,gold,1883,British East Indies,British East Indies,country,British East Indies,matched,8867.0,15615.0
Tallow And Stearine,pipeline,1883,British East Indies,British East Indies,country,British East Indies,matched,8867.0,15615.0
Tallow And Stearine,gold,1884,Germany,Germany,country,Germany,matched,9121.0,15351.0
Tallow And Stearine,pipeline,1884,Germany,Germany,country,Germany,matched,9121.0,15351.0
Tallow And Stearine,gold,1891,South Australia,South Australia,colony,Australasia,rolled_up,12567.0,15296.0
Tallow And Stearine,gold,1886,Holland,Netherlands,country,Netherlands,matched,8725.0,14740.0
Tallow And Stearine,pipeline,1886,Holland,Netherlands,country,Netherlands,matched,8725.0,14740.0
Tallow And Stearine,gold,1883,Russia,Russia,country,Russia,matched,6171.0,14611.0
Tallow And Stearine,pipeline,1883,Russia,Russia,country,Russia,matched,5171.0,14611.0
Tallow And Stearine,gold,1898,Germany,Germany,country,Germany,matched,14285.0,14477.0
Tallow And Stearine,pipeline,1898,Germany,Germany,country,Germany,matched,14283.0,14477.0
Tallow And Stearine,gold,1877,Peru,Peru,country,Peru,matched,5040.0,14250.0
Tallow And Stearine,pipeline,1877,Peru,Peru,country,Peru,matched,5040.0,14250.0
Tallow And Stearine,gold,1882,Portugal and Azores,Portugal And Azores,country,Portugal And Azores,matched,6174.0,14068.0
Tallow And Stearine,pipeline,1882,Portugal And Azores,Portugal And Azores,country,Portugal And Azores,matched,6174.0,14068.0
Tallow And Stearine,gold,1894,Uruguay,Uruguay,country,Uruguay,matched,10400.0,13690.0
Tallow And Stearine,pipeline,1894,Uruguay,Uruguay,country,Uruguay,matched,10400.0,13690.0
Tallow And Stearine,gold,1887,Uruguay,Uruguay,country,Uruguay,matched,11482.0,13673.0
Tallow And Stearine,pipeline,1887,Uruguay,Uruguay,country,Uruguay,matched,11482.0,13673.0
Tallow And Stearine,gold,1893,Uruguay,Uruguay,country,Uruguay,matched,9310.0,13528.0
Tallow And Stearine,pipeline,1893,Uruguay,Uruguay,country,Uruguay,matched,9310.0,13528.0
Tallow And Stearine,gold,1877,Brazil,Brazil,country,Brazil,matched,6380.0,13480.0
Tallow And Stearine,pipeline,1877,Brazil,Brazil,country,Brazil,matched,6380.0,13480.0
Tallow And Stearine,gold,1894,Germany,Germany,country,Germany,matched,40498.0,13393.0
Tallow And Stearine,gold,1884,Falkland Islands,Falkland Islands,country,Falkland Islands,matched,6788.0,13214.0
Tallow And Stearine,pipeline,1884,Falkland Islands,Falkland Islands,country,Falkland Islands,matched,6788.0,13214.0
Tallow And Stearine,pipeline,1899,Peru,Peru,country,Peru,unmatched_other_side_lacks_it,220.0,13210.0
Tallow And Stearine,gold,1883,Falkland Islands,Falkland Islands,country,Falkland Islands,matched,6277.0,12818.0
Tallow And Stearine,gold,1897,Germany,Germany,country,Germany,matched,14587.0,12751.0
Tallow And Stearine,gold,1886,British North America,Canada,country,Canada,matched,10888.0,12698.0
Tallow And Stearine,pipeline,1886,Canada,Canada,country,Canada,matched,10888.0,12698.0
Tallow And Stearine,gold,1874,British North America,Canada,country,Canada,matched,6432.0,12644.0
Tallow And Stearine,pipeline,1874,Canada,Canada,country,Canada,matched,6432.0,12644.0
Tallow And Stearine,pipeline,1883,Falkland Islands,Falkland Islands,country,Falkland Islands,matched,6277.0,12618.0
Tallow And Stearine,pipeline,1897,Germany,Germany,country,Germany,matched,14587.0,12571.0
Tallow And Stearine,gold,1872,France,France,country,France,matched,5439.0,12561.0
Tallow And Stearine,pipeline,1872,France,France,country,France,matched,5439.0,12561.0
Rosin,gold,1891,France,France,country,France,matched,38692.0,12540.0
Rosin,pipeline,1891,France,France,country,France,matched,38692.0,12540.0
Tallow And Stearine,gold,1885,Russia,Russia,country,Russia,matched,7172.0,12509.0
Tallow And Stearine,pipeline,1885,Russia,Russia,country,Russia,matched,7172.0,12509.0
Tallow And Stearine,gold,1888,Germany,Germany,country,Germany,matched,16529.0,12290.0
Tallow And Stearine,pipeline,1888,Germany,Germany,country,Germany,matched,16529.0,12290.0
Tallow And Stearine,gold,1876,Mexico,Mexico,country,Mexico,matched,6040.0,12052.0
Tallow And Stearine,pipeline,1876,Mexico,Mexico,country,Mexico,matched,6040.0,12052.0
Tallow And Stearine,gold,1891,Straits Settlements,Straits Settlements,colony,Straits Settlements,matched,9418.0,11913.0
Tallow And Stearine,pipeline,1891,Straits Settlements,Straits Settlements,colony,Straits Settlements,matched,9418.0,11913.0
Tallow And Stearine,gold,1897,China,China,country,China,matched,10672.0,11825.0
Tallow And Stearine,gold,1891,Germany,Germany,country,Germany,matched,9481.0,11716.0
Tallow And Stearine,pipeline,1891,Germany,Germany,country,Germany,matched,9481.0,11716.0
Tallow And Stearine,gold,1887,British North America,Canada,country,Canada,matched,8412.0,11618.0
Tallow And Stearine,pipeline,1887,Canada,Canada,country,Canada,matched,8412.0,11618.0
Tallow And Stearine,gold,1889,Russia,Russia,country,Russia,matched,6618.0,11481.0
Tallow And Stearine,pipeline,1889,Russia,Russia,country,Russia,matched,6618.0,11481.0
Tallow And Stearine,gold,1889,British East Indies,British East Indies,country,British East Indies,matched,7223.0,11446.0
Tallow And Stearine,pipeline,1889,British East Indies,British East Indies,country,British East Indies,matched,7223.0,11446.0
Tallow And Stearine,gold,1899,South Australia,South Australia,colony,Australasia,rolled_up,10541.0,11366.0
Tallow And Stearine,pipeline,1899,South Australia,South Australia,colony,Australasia,rolled_up,10541.0,11306.0
Tallow And Stearine,gold,1890,British East Indies,British East Indies,country,British East Indies,matched,8822.0,11276.0
Tallow And Stearine,pipeline,1890,British East Indies,British East Indies,country,British East Indies,matched,8822.0,11276.0
Tallow And Stearine,gold,1875,Holland,Netherlands,country,Netherlands,matched,3749.0,11248.0
Tallow And Stearine,pipeline,1875,Holland,Netherlands,country,Netherlands,matched,3749.0,11248.0
Tallow And Stearine,gold,1899,Uruguay,Uruguay,country,Uruguay,matched,10000.0,11165.0
Tallow And Stearine,pipeline,1899,Uruguay,Uruguay,country,Uruguay,matched,10000.0,11163.0
Tallow And Stearine,gold,1872,Holland,Netherlands,country,Netherlands,matched,3929.0,10854.0
Tallow And Stearine,pipeline,1872,Holland,Netherlands,country,Netherlands,matched,3929.0,10854.0
Tallow And Stearine,gold,1876,New Granada,United States Of Colombia,country,United States Of Colombia,matched,5240.0,10480.0
Tallow And Stearine,pipeline,1876,United States Of Colombia,United States Of Colombia,country,United States Of Colombia,matched,5240.0,10480.0
Tallow And Stearine,gold,1885,British East Indies,British East Indies,country,British East Indies,matched,6537.0,10321.0
Tallow And Stearine,pipeline,1885,British East Indies,British East Indies,country,British East Indies,matched,6537.0,10321.0
Rosin,gold,1896,France,France,country,France,matched,29830.0,10232.0
Rosin,pipeline,1896,France,France,country,France,matched,29830.0,10232.0
Tallow And Stearine,pipeline,1898,Canada,Canada,country,Canada,matched,19519.0,10023.0
Tallow And Stearine,gold,1890,Russia,Russia,country,Russia,matched,5766.0,9971.0
Tallow And Stearine,pipeline,1890,Russia,Russia,country,Russia,matched,5766.0,9971.0
Tallow And Stearine,pipeline,1886,South Australia,South Australia,colony,South Australia,matched,7993.0,9807.0
Tallow And Stearine,gold,1892,Morocco ,Morocco,country,Morocco,matched,7520.0,9776.0
Tallow And Stearine,pipeline,1892,Morocco,Morocco,country,Morocco,matched,7520.0,9776.0
Tallow And Stearine,gold,1887,Holland,Netherlands,country,Netherlands,matched,5163.0,9673.0
Tallow And Stearine,pipeline,1887,Holland,Netherlands,country,Netherlands,matched,5163.0,9673.0
Tallow And Stearine,gold,1897,United States of America Pacific Ports,United States Of America (Pacific),port,United States Of America,rolled_up,10931.0,9593.0
Tallow And Stearine,gold,1886,Queensland,Queensland,colony,Queensland,matched,7650.0,9577.0
Tallow And Stearine,pipeline,1886,Queensland,Queensland,colony,Queensland,matched,7650.0,9577.0
Tallow And Stearine,gold,1884,British West India Islands,British West Indies,country,British West Indies,matched,5166.0,9557.0
Tallow And Stearine,pipeline,1884,British West India Islands,British West Indies,country,British West Indies,matched,5166.0,9557.0
Tallow And Stearine,gold,1886,South Australia,South Australia,colony,South Australia,matched,7993.0,9307.0
Tallow And Stearine,gold,1897,British East Indies,British East Indies,country,British East Indies,matched,8243.0,9293.0
Tallow And Stearine,gold,1892,British East Indies,British East Indies,country,British East Indies,matched,7055.0,9260.0
Tallow And Stearine,pipeline,1892,British East Indies,British East Indies,country,British East Indies,matched,7055.0,9260.0
Tallow And Stearine,gold,1892,Germany,Germany,country,Germany,matched,8307.0,9226.0
Tallow And Stearine,pipeline,1892,Germany,Germany,country,Germany,matched,8207.0,9226.0
Tallow And Stearine,gold,1893,Falkland Islands,Falkland Islands,country,Falkland Islands,matched,6069.0,9056.0
Tallow And Stearine,pipeline,1893,Falkland Islands,Falkland Islands,country,Falkland Islands,matched,6069.0,9056.0
Tallow And Stearine,gold,1880,Brazil,Brazil,country,Brazil,matched,5442.0,9010.0
Tallow And Stearine,pipeline,1880,Brazil,Brazil,country,Brazil,matched,5442.0,9010.0
Tallow And Stearine,gold,1884,Other Countries,§RESIDUAL,residual,§RESIDUAL,residual_bucket,5614.0,8958.0
Tallow And Stearine,pipeline,1884,Other Countries,§RESIDUAL,residual,§RESIDUAL,residual_bucket,5614.0,8958.0
Tallow And Stearine,gold,1896,British East Indies,British East Indies,country,British East Indies,matched,7235.0,8901.0
Tallow And Stearine,pipeline,1896,British East Indies,British East Indies,country,British East Indies,matched,7235.0,8901.0
Tallow And Stearine,gold,1889,United States of Colombia,United States Of Colombia,country,United States Of Colombia,matched,6600.0,8740.0
Tallow And Stearine,pipeline,1889,United States Of Colombia,United States Of Colombia,country,United States Of Colombia,matched,6600.0,8740.0
Tallow And Stearine,gold,1877,Holland,Netherlands,country,Netherlands,matched,2891.0,8607.0
Tallow And Stearine,pipeline,1877,Holland,Netherlands,country,Netherlands,matched,2891.0,8607.0
Tallow And Stearine,gold,1891,Russia,Russia,country,Russia,matched,4518.0,8588.0
Tallow And Stearine,pipeline,1891,Russia,Russia,country,Russia,matched,4518.0,8588.0
Tallow And Stearine,gold,1886,Morocco ,Morocco,country,Morocco,matched,7800.0,8580.0
Tallow And Stearine,pipeline,1886,Morocco,Morocco,country,Morocco,matched,7800.0,8580.0
Tallow And Stearine,gold,1876,Holland,Netherlands,country,Netherlands,matched,3010.0,8579.0
Tallow And Stearine,pipeline,1876,Holland,Netherlands,country,Netherlands,matched,3010.0,8579.0
Tallow And Stearine,gold,1893,Straits Settlements,Straits Settlements,colony,Straits Settlements,matched,5801.0,8524.0
Tallow And Stearine,pipeline,1893,Straits Settlements,Straits Settlements,colony,Straits Settlements,matched,5801.0,8524.0
Tallow And Stearine,gold,1895,Germany,Germany,country,Germany,matched,10476.0,8484.0
Tallow And Stearine,pipeline,1895,Germany,Germany,country,Germany,matched,10476.0,8484.0
Tallow And Stearine,gold,1874,Holland,Netherlands,country,Netherlands,matched,2463.0,8407.0
Tallow And Stearine,pipeline,1874,Holland,Netherlands,country,Netherlands,matched,2463.0,8407.0
Tallow And Stearine,gold,1887,Russia,Russia,country,Russia,matched,6532.0,8310.0
Tallow And Stearine,pipeline,1887,Russia,Russia,country,Russia,matched,6532.0,8310.0
Tallow And Stearine,gold,1896,Germany,Germany,country,Germany,matched,7586.0,7894.0
Tallow And Stearine,pipeline,1896,Germany,Germany,country,Germany,matched,7586.0,7894.0
Tallow And Stearine,gold,1888,British East Indies,British East Indies,country,British East Indies,matched,5870.0,7483.0
Tallow And Stearine,pipeline,1888,British East Indies,British East Indies,country,British East Indies,matched,5870.0,7483.0
Tallow And Stearine,gold,1899,United States of America Pacific Ports,United States Of America (Pacific),port,United States Of America,rolled_up,7344.0,7444.0
Tallow And Stearine,gold,1896,Falkland Islands,Falkland Islands,country,Falkland Islands,matched,7386.0,7437.0
Tallow And Stearine,pipeline,1896,Falkland Islands,Falkland Islands,country,Falkland Islands,matched,7386.0,7437.0
Tallow And Stearine,gold,1890,Mexico,Mexico,country,Mexico,matched,5630.0,7240.0
Tallow And Stearine,pipeline,1890,Mexico,Mexico,country,Mexico,matched,5630.0,7240.0
Tallow And Stearine,gold,1888,British North America,Canada,country,Canada,matched,4757.0,7213.0
Tallow And Stearine,pipeline,1888,Canada,Canada,country,Canada,matched,4757.0,7213.0
Tallow And Stearine,gold,1895,Russia,Russia,country,Russia,matched,3532.0,7079.0
Tallow And Stearine,pipeline,1895,Russia,Russia,country,Russia,matched,3532.0,7079.0
Rosin,gold,1896,Brazil,Brazil,country,Brazil,matched,20787.0,6845.0
Rosin,pipeline,1896,Brazil,Brazil,country,Brazil,matched,20787.0,6845.0
Rosin,gold,1876,France,France,country,France,matched,13851.0,6738.0
Rosin,pipeline,1876,France,France,country,France,matched,13851.0,6738.0
Tallow And Stearine,gold,1898,China,China,country,China,matched,6232.0,6593.0
Tallow And Stearine,pipeline,1898,China,China,country,China,matched,6232.0,6593.0
Tallow And Stearine,gold,1892,Russia,Russia,country,Russia,matched,3052.0,6581.0
Tallow And Stearine,pipeline,1892,Russia,Russia,country,Russia,matched,3052.0,6581.0
Tallow And Stearine,gold,1889,Falkland Islands,Falkland Islands,country,Falkland Islands,matched,5052.0,6556.0
Tallow And Stearine,pipeline,1889,Falkland Islands,Falkland Islands,country,Falkland Islands,matched,5052.0,6556.0
Tallow And Stearine,gold,1894,Falkland Islands,Falkland Islands,country,Falkland Islands,matched,4554.0,6361.0
Tallow And Stearine,pipeline,1894,Falkland Islands,Falkland Islands,country,Falkland Islands,matched,4554.0,6361.0
Tallow And Stearine,gold,1891,Falkland Islands,Falkland Islands,country,Falkland Islands,matched,4892.0,6322.0
Tallow And Stearine,pipeline,1891,Falkland Islands,Falkland Islands,country,Falkland Islands,matched,4892.0,6322.0
Tallow And Stearine,gold,1895,Falkland Islands,Falkland Islands,country,Falkland Islands,matched,4806.0,6300.0
Tallow And Stearine,pipeline,1895,Falkland Islands,Falkland Islands,country,Falkland Islands,matched,4806.0,6300.0
Tallow And Stearine,pipeline,1899,Australasia,Australasia,country,Australasia,matched,96.0,6197.0
Tallow And Stearine,gold,1885,Falkland Islands,Falkland Islands,country,Falkland Islands,matched,3989.0,6089.0
Tallow And Stearine,pipeline,1885,Falkland Islands,Falkland Islands,country,Falkland Islands,matched,3989.0,6089.0
Rosin,gold,1881,Other Countries,§RESIDUAL,residual,§RESIDUAL,residual_bucket,14059.0,6060.0
Rosin,pipeline,1881,Other Countries,§RESIDUAL,residual,§RESIDUAL,residual_bucket,14059.0,6060.0
Tallow And Stearine,gold,1893,South Australia,South Australia,colony,Australasia,rolled_up,4505.0,6034.0
Tallow And Stearine,gold,1893,Russia,Russia,country,Russia,matched,2638.0,6022.0
Tallow And Stearine,pipeline,1893,Russia,Russia,country,Russia,matched,2638.0,6022.0
Tallow And Stearine,gold,1896,Russia,Russia,country,Russia,matched,2623.0,5905.0
Tallow And Stearine,pipeline,1896,Russia,Russia,country,Russia,matched,2623.0,5905.0
Tallow And Stearine,gold,1894,Other Foreign Countries ,§RESIDUAL,residual,§RESIDUAL,residual_bucket,3425.0,5827.0
Tallow And Stearine,pipeline,1894,Other Foreign Countries,§RESIDUAL,residual,§RESIDUAL,residual_bucket,3425.0,5827.0
Tallow And Stearine,gold,1886,Other Foreign Countries ,§RESIDUAL,residual,§RESIDUAL,residual_bucket,4411.0,5513.0
Tallow And Stearine,pipeline,1886,Other Foreign Countries,§RESIDUAL,residual,§RESIDUAL,residual_bucket,4411.0,5513.0
Tallow And Stearine,gold,1892,Falkland Islands,Falkland Islands,country,Falkland Islands,matched,4629.0,5510.0
Tallow And Stearine,pipeline,1892,Falkland Islands,Falkland Islands,country,Falkland Islands,matched,4629.0,5510.0
Tallow And Stearine,gold,1899,Other Foreign Countries ,§RESIDUAL,residual,§RESIDUAL,residual_bucket,4931.0,5501.0
Tallow And Stearine,pipeline,1899,Other Foreign Countries,§RESIDUAL,residual,§RESIDUAL,residual_bucket,4841.0,5401.0
Tallow And Stearine,gold,1890,Falkland Islands,Falkland Islands,country,Falkland Islands,matched,3522.0,5380.0
Tallow And Stearine,pipeline,1890,Falkland Islands,Falkland Islands,country,Falkland Islands,matched,3522.0,5380.0
Tallow And Stearine,gold,1885,Japan,Japan,country,Japan,matched,3352.0,5372.0
Tallow And Stearine,pipeline,1885,Japan,Japan,country,Japan,matched,3352.0,5372.0
Tallow And Stearine,gold,1899,Falkland Islands,Falkland Islands,country,Falkland Islands,matched,4354.0,5279.0
Tallow And Stearine,pipeline,1899,Falkland Islands,Falkland Islands,country,Falkland Islands,matched,4354.0,5279.0
Tallow And Stearine,gold,1896,British North America,Canada,country,Canada,matched,4754.0,4992.0
Tallow And Stearine,pipeline,1896,Canada,Canada,country,Canada,matched,4754.0,4992.0
Tallow And Stearine,gold,1888,Falkland Islands,Falkland Islands,country,Falkland Islands,matched,3687.0,4902.0
Tallow And Stearine,pipeline,1888,Falkland Islands,Falkland Islands,country,Falkland Islands,matched,3687.0,4902.0
Tallow And Stearine,gold,1886,Falkland Islands,Falkland Islands,country,Falkland Islands,matched,4032.0,4889.0
Tallow And Stearine,pipeline,1886,Falkland Islands,Falkland Islands,country,Falkland Islands,matched,4032.0,4889.0
Tallow And Stearine,gold,1890,British North America,Canada,country,Canada,matched,3172.0,4868.0
Tallow And Stearine,pipeline,1890,Canada,Canada,country,Canada,matched,3172.0,4868.0
Tallow And Stearine,gold,1887,Germany,Germany,country,Germany,matched,3734.0,4867.0
Tallow And Stearine,pipeline,1887,Germany,Germany,country,Germany,matched,3734.0,4867.0
Tallow And Stearine,gold,1896,Turkey,Turkey,country,Turkey,matched,3010.0,4800.0
Tallow And Stearine,pipeline,1896,Turkey,Turkey,country,Turkey,matched,3010.0,4800.0
Tallow And Stearine,gold,1899,British East Indies,British East Indies,country,British East Indies,matched,4236.0,4761.0
Tallow And Stearine,pipeline,1899,British East Indies,British East Indies,country,British East Indies,matched,4236.0,4701.0
Tallow And Stearine,gold,1898,Other Foreign Countries ,§RESIDUAL,residual,§RESIDUAL,residual_bucket,4087.0,4405.0
Tallow And Stearine,pipeline,1898,Other Foreign Countries,§RESIDUAL,residual,§RESIDUAL,residual_bucket,4087.0,4405.0
Tallow And Stearine,gold,1887,Falkland Islands,Falkland Islands,country,Falkland Islands,matched,3893.0,4356.0
Tallow And Stearine,pipeline,1887,Falkland Islands,Falkland Islands,country,Falkland Islands,matched,3893.0,4356.0
Tallow And Stearine,gold,1896,Chile,Chile,country,Chile,matched,3949.0,4235.0
Tallow And Stearine,pipeline,1896,Chile,Chile,country,Chile,matched,3949.0,4235.0
Tallow And Stearine,pipeline,1899,Spain,Spain,country,Spain,unmatched_other_side_lacks_it,114.0,4190.0
Tallow And Stearine,gold,1886,Other British Possessions,§RESIDUAL,residual,§RESIDUAL,residual_bucket,3300.0,3917.0
Tallow And Stearine,pipeline,1886,Other British Possessions,§RESIDUAL,residual,§RESIDUAL,residual_bucket,3300.0,3917.0
Tallow And Stearine,pipeline,1897,Straits Settlements,Straits Settlements,colony,British East Indies,rolled_up,207.0,3819.0
Tallow And Stearine,gold,1897,Other Foreign Countries ,§RESIDUAL,residual,§RESIDUAL,residual_bucket,3506.0,3790.0
Tallow And Stearine,gold,1885,Other British Possessions,§RESIDUAL,residual,§RESIDUAL,residual_bucket,2558.0,3769.0
Tallow And Stearine,pipeline,1885,Other British Possessions,§RESIDUAL,residual,§RESIDUAL,residual_bucket,2558.0,3769.0
Tallow And Stearine,gold,1887,British East Indies,British East Indies,country,British East Indies,matched,2856.0,3729.0
Tallow And Stearine,pipeline,1887,British East Indies,British East Indies,country,British East Indies,matched,2856.0,3729.0
Tallow And Stearine,gold,1891,British North America,Canada,country,Canada,matched,2799.0,3706.0
Tallow And Stearine,pipeline,1891,Canada,Canada,country,Canada,matched,2799.0,3706.0
Rosin,gold,1886,France,France,country,France,matched,9291.0,3605.0
Rosin,pipeline,1886,France,France,country,France,matched,9291.0,3605.0
Tallow And Stearine,pipeline,1898,Peru,Peru,country,Peru,unmatched_other_side_lacks_it,104.0,3603.0
Tallow And Stearine,pipeline,1897,Peru,Peru,country,Peru,unmatched_other_side_lacks_it,115.0,3390.0
Tallow And Stearine,pipeline,1897,United States Of America,United States Of America,country,United States Of America,matched,6608.0,3128.0
Tallow And Stearine,gold,1888,Other British Possessions,§RESIDUAL,residual,§RESIDUAL,residual_bucket,2713.0,3110.0
Tallow And Stearine,pipeline,1888,Other British Possessions,§RESIDUAL,residual,§RESIDUAL,residual_bucket,2713.0,3110.0
Tallow And Stearine,gold,1895,British East Indies,British East Indies,country,British East Indies,matched,2517.0,3005.0
Tallow And Stearine,pipeline,1895,British East Indies,British East Indies,country,British East Indies,matched,2517.0,3005.0
Tallow And Stearine,gold,1892,Tasmania,Tasmania,colony,Tasmania,matched,2377.0,2898.0
Tallow And Stearine,pipeline,1892,Tasmania,Tasmania,colony,Tasmania,matched,2377.0,2898.0
Tallow And Stearine,gold,1895,British North America,Canada,country,Canada,matched,3407.0,2713.0
Tallow And Stearine,pipeline,1895,Canada,Canada,country,Canada,matched,3407.0,2713.0
Tallow And Stearine,gold,1887,British Possessions in South Africa ,British Possessions In South Africa,country,British Possessions In South Africa,matched,1504.0,2631.0
Tallow And Stearine,pipeline,1887,British Possessions In South Africa,British Possessions In South Africa,country,British Possessions In South Africa,matched,1504.0,2631.0
Tallow And Stearine,gold,1889,Other Foreign Countries ,§RESIDUAL,residual,§RESIDUAL,residual_bucket,1890.0,2570.0
Tallow And Stearine,pipeline,1889,Other Foreign Countries,§RESIDUAL,residual,§RESIDUAL,residual_bucket,1890.0,2570.0
Tallow And Stearine,gold,1899,China,China,country,China,matched,2142.0,2569.0
Tallow And Stearine,pipeline,1899,China,China,country,China,matched,2142.0,2569.0
Tallow And Stearine,pipeline,1898,Australasia,Australasia,country,Australasia,matched,94.0,2541.0
Tallow And Stearine,gold,1893,Canada,Canada,country,Canada,matched,1868.0,2511.0
Tallow And Stearine,pipeline,1893,Canada,Canada,country,Canada,matched,1868.0,2511.0
Tallow And Stearine,gold,1893,Other Foreign Countries ,§RESIDUAL,residual,§RESIDUAL,residual_bucket,1722.0,2469.0
Tallow And Stearine,pipeline,1893,Other Foreign Countries,§RESIDUAL,residual,§RESIDUAL,residual_bucket,1722.0,2469.0
Tallow And Stearine,gold,1890,Other Foreign Countries ,§RESIDUAL,residual,§RESIDUAL,residual_bucket,2019.0,2271.0
Tallow And Stearine,pipeline,1890,Other Foreign Countries,§RESIDUAL,residual,§RESIDUAL,residual_bucket,2019.0,2271.0
Tallow And Stearine,gold,1894,British East Indies,British East Indies,country,British East Indies,matched,1773.0,2270.0
Tallow And Stearine,pipeline,1894,British East Indies,British East Indies,country,British East Indies,matched,1773.0,2270.0
Tallow And Stearine,pipeline,1899,Channel Islands,Channel Islands,country,Channel Islands,unmatched_other_side_lacks_it,6402.0,2210.0
Tallow And Stearine,gold,1895,Other Foreign Countries ,§RESIDUAL,residual,§RESIDUAL,residual_bucket,1638.0,2149.0
Tallow And Stearine,pipeline,1895,Other Foreign Countries,§RESIDUAL,residual,§RESIDUAL,residual_bucket,1638.0,2149.0
Tallow And Stearine,pipeline,1898,Channel Islands,Channel Islands,country,Channel Islands,unmatched_other_side_lacks_it,6354.0,2022.0
Tallow And Stearine,gold,1891,Tasmania,Tasmania,colony,Australasia,rolled_up,1572.0,1959.0
Tallow And Stearine,pipeline,1899,Portuguese Possessions In Western Africa,Portuguese Possessions In Western Africa,country,Portuguese Possessions In Western Africa,unmatched_other_side_lacks_it,42.0,1870.0
Tallow And Stearine,pipeline,1899,Straits Settlements,Straits Settlements,colony,British East Indies,rolled_up,30.0,1870.0
Tallow And Stearine,gold,1888,Other Foreign Countries ,§RESIDUAL,residual,§RESIDUAL,residual_bucket,1326.0,1844.0
Tallow And Stearine,pipeline,1888,Other Foreign Countries,§RESIDUAL,residual,§RESIDUAL,residual_bucket,1326.0,1844.0
Tallow And Stearine,gold,1885,Other Foreign Countries ,§RESIDUAL,residual,§RESIDUAL,residual_bucket,1081.0,1841.0
Tallow And Stearine,pipeline,1885,Other Foreign Countries,§RESIDUAL,residual,§RESIDUAL,residual_bucket,1081.0,1841.0
Tallow And Stearine,gold,1897,Other British Possessions,§RESIDUAL,residual,§RESIDUAL,residual_bucket,2118.0,1826.0
Tallow And Stearine,pipeline,1897,Other British Possessions,§RESIDUAL,residual,§RESIDUAL,residual_bucket,2118.0,1826.0
Tallow And Stearine,gold,1883,Peru,Peru,country,Peru,matched,800.0,1800.0
Tallow And Stearine,pipeline,1897,Channel Islands,Channel Islands,country,Channel Islands,unmatched_other_side_lacks_it,6062.0,1788.0
Tallow And Stearine,pipeline,1898,Portuguese Possessions In Western Africa,Portuguese Possessions In Western Africa,country,Portuguese Possessions In Western Africa,unmatched_other_side_lacks_it,74.0,1731.0
Rosin,gold,1896,Other Foreign Countries ,§RESIDUAL,residual,§RESIDUAL,residual_bucket,4854.0,1696.0
Rosin,pipeline,1896,Other Foreign Countries,§RESIDUAL,residual,§RESIDUAL,residual_bucket,4854.0,1696.0
Tallow And Stearine,gold,1889,Other British Possessions,§RESIDUAL,residual,§RESIDUAL,residual_bucket,1532.0,1682.0
Tallow And Stearine,pipeline,1889,Other British Possessions,§RESIDUAL,residual,§RESIDUAL,residual_bucket,1532.0,1682.0
Tallow And Stearine,gold,1896,Other Foreign Countries ,§RESIDUAL,residual,§RESIDUAL,residual_bucket,1795.0,1680.0
Tallow And Stearine,pipeline,1896,Other Foreign Countries,§RESIDUAL,residual,§RESIDUAL,residual_bucket,1795.0,1680.0
Tallow And Stearine,gold,1893,Other British Possessions,§RESIDUAL,residual,§RESIDUAL,residual_bucket,1183.0,1673.0
Tallow And Stearine,pipeline,1893,Other British Possessions,§RESIDUAL,residual,§RESIDUAL,residual_bucket,1183.0,1673.0
Tallow And Stearine,pipeline,1898,British East Indies,British East Indies,country,British East Indies,matched,1002.0,1608.0
Tallow And Stearine,pipeline,1888,Channel Islands,Channel Islands,country,Channel Islands,unmatched_other_side_lacks_it,4273.0,1606.0
Tallow And Stearine,pipeline,1898,Spain,Spain,country,Spain,unmatched_other_side_lacks_it,58.0,1604.0
Tallow And Stearine,gold,1893,Tasmania,Tasmania,colony,Australasia,rolled_up,1143.0,1563.0
Tallow And Stearine,gold,1883,British Possessions in South Africa ,British Possessions In South Africa,country,British Possessions In South Africa,matched,801.0,1528.0
Tallow And Stearine,pipeline,1883,British Possessions In South Africa,British Possessions In South Africa,country,British Possessions In South Africa,matched,801.0,1528.0
Tallow And Stearine,pipeline,1883,Peru,Peru,country,Peru,matched,800.0,1500.0
Tallow And Stearine,gold,1887,Channel Islands,Channel Islands,country,Channel Islands,matched,1320.0,1452.0
Tallow And Stearine,pipeline,1887,Channel Islands,Channel Islands,country,Channel Islands,matched,1320.0,1452.0
Tallow And Stearine,pipeline,1892,Other British Possessions,§RESIDUAL,residual,§RESIDUAL,residual_bucket,1162.0,1358.0
Tallow And Stearine,gold,1892,Other British Possessions,§RESIDUAL,residual,§RESIDUAL,residual_bucket,1162.0,1356.0
Tallow And Stearine,gold,1894,British North America,Canada,country,Canada,matched,1357.0,1344.0
Tallow And Stearine,pipeline,1894,Canada,Canada,country,Canada,matched,1357.0,1344.0
Tallow And Stearine,gold,1890,Other British Possessions,§RESIDUAL,residual,§RESIDUAL,residual_bucket,1012.0,1204.0
Tallow And Stearine,pipeline,1890,Other British Possessions,§RESIDUAL,residual,§RESIDUAL,residual_bucket,1012.0,1204.0
Tallow And Stearine,pipeline,1897,China,China,country,China,matched,10072.0,1195.0
Tallow And Stearine,gold,1898,Other British Possessions,§RESIDUAL,residual,§RESIDUAL,residual_bucket,1244.0,1127.0
Tallow And Stearine,pipeline,1898,Other British Possessions,§RESIDUAL,residual,§RESIDUAL,residual_bucket,1244.0,1127.0
Tallow And Stearine,gold,1897,Chile,Chile,country,Chile,matched,1316.0,1120.0
Tallow And Stearine,gold,1894,Australasia New South Wales,New South Wales,colony,Australasia,rolled_up,853559.0,1099.0
Tallow And Stearine,gold,1887,Other British Possessions,§RESIDUAL,residual,§RESIDUAL,residual_bucket,833.0,1091.0
Tallow And Stearine,pipeline,1887,Other British Possessions,§RESIDUAL,residual,§RESIDUAL,residual_bucket,833.0,1091.0
Tallow And Stearine,gold,1890,Bermudas,Bermuda,country,Bermuda,matched,1008.0,1067.0
Tallow And Stearine,pipeline,1890,Bermudas,Bermuda,country,Bermuda,matched,1008.0,1067.0
Tallow And Stearine,gold,1895,Tasmania,Tasmania,colony,Australasia,rolled_up,820.0,1056.0
Tallow And Stearine,gold,1898,Falkland Islands,Falkland Islands,country,Falkland Islands,matched,1048.0,1056.0
Tallow And Stearine,pipeline,1898,Falkland Islands,Falkland Islands,country,Falkland Islands,matched,1048.0,1056.0
Tallow And Stearine,gold,1897,Canada,Canada,country,Canada,matched,1358.0,1054.0
Tallow And Stearine,gold,1888,British Possessions in South Africa ,British Possessions In South Africa,country,British Possessions In South Africa,matched,828.0,1053.0
Tallow And Stearine,pipeline,1888,British Possessions In South Africa,British Possessions In South Africa,country,British Possessions In South Africa,matched,828.0,1053.0
Tallow And Stearine,pipeline,1897,Canada,Canada,country,Canada,matched,1358.0,1051.0
Tallow And Stearine,gold,1883,Gibraltar,Gibraltar,country,Gibraltar,matched,474.0,958.0
Tallow And Stearine,pipeline,1883,Gibraltar,Gibraltar,country,Gibraltar,matched,474.0,958.0
Tallow And Stearine,pipeline,1897,United States Of America (Pacific),United States Of America (Pacific),port,United States Of America,rolled_up,10031.0,958.0
Tallow And Stearine,gold,1887,Other Foreign Countries ,§RESIDUAL,residual,§RESIDUAL,residual_bucket,694.0,916.0
Tallow And Stearine,pipeline,1887,Other Foreign Countries,§RESIDUAL,residual,§RESIDUAL,residual_bucket,691.0,916.0
Tallow And Stearine,gold,1891,Other Foreign Countries ,§RESIDUAL,residual,§RESIDUAL,residual_bucket,711.0,864.0
Tallow And Stearine,pipeline,1891,Other Foreign Countries,§RESIDUAL,residual,§RESIDUAL,residual_bucket,711.0,864.0
Tallow And Stearine,gold,1892,Other Foreign Countries ,§RESIDUAL,residual,§RESIDUAL,residual_bucket,551.0,853.0
Tallow And Stearine,pipeline,1892,Other Foreign Countries,§RESIDUAL,residual,§RESIDUAL,residual_bucket,551.0,853.0
Tallow And Stearine,pipeline,1897,Spain,Spain,country,Spain,unmatched_other_side_lacks_it,42.0,851.0
Tallow And Stearine,gold,1883,Norway,Norway,country,Norway,matched,484.0,771.0
Tallow And Stearine,pipeline,1883,Norway,Norway,country,Norway,matched,484.0,771.0
Tallow And Stearine,gold,1897,Falkland Islands,Falkland Islands,country,Falkland Islands,matched,745.0,713.0
Tallow And Stearine,pipeline,1897,Falkland Islands,Falkland Islands,country,Falkland Islands,matched,745.0,713.0
Tallow And Stearine,gold,1898,Chile,Chile,country,Chile,matched,680.0,711.0
Tallow And Stearine,pipeline,1898,Chile,Chile,country,Chile,matched,680.0,711.0
Tallow And Stearine,gold,1883,Chile,Chile,country,Chile,matched,300.0,700.0
Tallow And Stearine,pipeline,1883,Chile,Chile,country,Chile,matched,300.0,700.0
Tallow And Stearine,gold,1891,Other British Possessions,§RESIDUAL,residual,§RESIDUAL,residual_bucket,581.0,679.0
Tallow And Stearine,pipeline,1891,Other British Possessions,§RESIDUAL,residual,§RESIDUAL,residual_bucket,581.0,679.0
Tallow And Stearine,gold,1894,Tasmania,Tasmania,colony,Australasia,rolled_up,475.0,638.0
Tallow And Stearine,gold,1885,West Australia,Western Australia,colony,Western Australia,matched,333.0,612.0
Tallow And Stearine,pipeline,1885,Western Australia,Western Australia,colony,Western Australia,matched,333.0,612.0
Tallow And Stearine,gold,1886,Tasmania,Tasmania,colony,Tasmania,matched,501.0,601.0
Tallow And Stearine,pipeline,1886,Tasmania,Tasmania,colony,Tasmania,matched,501.0,601.0
Tallow And Stearine,gold,1883,Tasmania,Tasmania,colony,Australasia,rolled_up,285.0,576.0
Rosin,gold,1886,Other Foreign Countries ,§RESIDUAL,residual,§RESIDUAL,residual_bucket,2165.0,569.0
Rosin,pipeline,1886,Other Foreign Countries,§RESIDUAL,residual,§RESIDUAL,residual_bucket,2165.0,569.0
Tallow And Stearine,gold,1883,Bermudas,Bermuda,country,Bermuda,matched,353.0,567.0
Tallow And Stearine,pipeline,1883,Bermudas,Bermuda,country,Bermuda,matched,353.0,567.0
Tallow And Stearine,pipeline,1888,Sweden,Sweden,country,Sweden,unmatched_other_side_lacks_it,0.0,555.0
Tallow And Stearine,gold,1894,Other British Possessions,§RESIDUAL,residual,§RESIDUAL,residual_bucket,397.0,527.0
Tallow And Stearine,pipeline,1894,Other British Possessions,§RESIDUAL,residual,§RESIDUAL,residual_bucket,397.0,527.0
Tallow And Stearine,gold,1883,Other Countries,§RESIDUAL,residual,§RESIDUAL,residual_bucket,259.0,497.0
Tallow And Stearine,pipeline,1883,Other Countries,§RESIDUAL,residual,§RESIDUAL,residual_bucket,259.0,497.0
Tallow And Stearine,gold,1884,West Australia,Western Australia,colony,Australasia,rolled_up,242.0,447.0
Tallow And Stearine,pipeline,1884,Australasia West Australia,Western Australia,colony,Australasia,rolled_up,242.0,447.0
Tallow And Stearine,gold,1889,British Possessions in South Africa ,British Possessions In South Africa,country,British Possessions In South Africa,matched,387.0,445.0
Tallow And Stearine,pipeline,1889,British Possessions In South Africa,British Possessions In South Africa,country,British Possessions In South Africa,matched,387.0,445.0
Rosin,gold,1886,British North America,Canada,country,Canada,matched,1404.0,428.0
Rosin,pipeline,1886,Canada,Canada,country,Canada,matched,1404.0,428.0
Tallow And Stearine,gold,1899,Other British Possessions,§RESIDUAL,residual,§RESIDUAL,residual_bucket,379.0,405.0
Tallow And Stearine,pipeline,1899,Other British Possessions,§RESIDUAL,residual,§RESIDUAL,residual_bucket,379.0,405.0
Tallow And Stearine,gold,1883,Channel Islands,Channel Islands,country,Channel Islands,matched,262.0,397.0
Tallow And Stearine,pipeline,1883,Channel Islands,Channel Islands,country,Channel Islands,matched,262.0,397.0
Tallow And Stearine,gold,1884,Tasmania,Tasmania,colony,Australasia,rolled_up,200.0,388.0
Tallow And Stearine,pipeline,1897,Other Foreign Countries,§RESIDUAL,residual,§RESIDUAL,residual_bucket,3207.0,357.0
Tallow And Stearine,gold,1896,Other British Possessions,§RESIDUAL,residual,§RESIDUAL,residual_bucket,369.0,354.0
Tallow And Stearine,pipeline,1896,Other British Possessions,§RESIDUAL,residual,§RESIDUAL,residual_bucket,369.0,354.0
Tallow And Stearine,gold,1886,West Australia,Western Australia,colony,Western Australia,matched,203.0,280.0
Tallow And Stearine,pipeline,1886,Western Australia,Western Australia,colony,Western Australia,matched,203.0,280.0
Tallow And Stearine,gold,1898,Turkey European,Turkey,country,Turkey,matched,200.0,270.0
Tallow And Stearine,pipeline,1898,Turkey,Turkey,country,Turkey,matched,200.0,270.0
Tallow And Stearine,gold,1885,Tasmania,Tasmania,colony,Tasmania,matched,125.0,250.0
Tallow And Stearine,pipeline,1885,Tasmania,Tasmania,colony,Tasmania,matched,125.0,250.0
Tallow And Stearine,pipeline,1897,Portuguese Possessions In Western Africa,Portuguese Possessions In Western Africa,country,Portuguese Possessions In Western Africa,unmatched_other_side_lacks_it,27.0,241.0
Tallow And Stearine,gold,1883,West Australia,Western Australia,colony,Australasia,rolled_up,117.0,234.0
Tallow And Stearine,pipeline,1883,Australasia West Australia,Western Australia,colony,Australasia,rolled_up,117.0,234.0
Rosin,gold,1891,Other Foreign Countries ,§RESIDUAL,residual,§RESIDUAL,residual_bucket,441.0,183.0
Rosin,pipeline,1891,Other Foreign Countries,§RESIDUAL,residual,§RESIDUAL,residual_bucket,441.0,183.0
Tallow And Stearine,pipeline,1897,Russia (Northern Ports),Russia (Northern Ports),port,Russia (Northern Ports),unmatched_other_side_lacks_it,200.0,159.0
Tallow And Stearine,pipeline,1897,Chile,Chile,country,Chile,matched,1810.0,112.0
Tallow And Stearine,gold,1895,Other British Possessions,§RESIDUAL,residual,§RESIDUAL,residual_bucket,81.0,100.0
Tallow And Stearine,gold,1895,Other British Possessions,§RESIDUAL,residual,§RESIDUAL,residual_bucket,84.0,100.0
Tallow And Stearine,pipeline,1895,Other British Possessions,§RESIDUAL,residual,§RESIDUAL,residual_bucket,81.0,100.0
Tallow And Stearine,pipeline,1899,Russia,Russia,country,Russia,unmatched_other_side_lacks_it,87.0,100.0
Rosin,gold,1876,Other Countries,§RESIDUAL,residual,§RESIDUAL,residual_bucket,67.0,35.0
Rosin,pipeline,1876,Other Countries,§RESIDUAL,residual,§RESIDUAL,residual_bucket,67.0,35.0
Tallow And Stearine,gold,1898,Russia,Russia,country,Russia,matched,11.0,15.0
Tallow And Stearine,pipeline,1898,Russia,Russia,country,Russia,matched,11.0,15.0
Tallow And Stearine,pipeline,1888,Newfoundland And Coast Of Labrador,Newfoundland,colony,Canada,rolled_up,0.0,10.0
Tallow And Stearine,pipeline,1897,Turkey,Turkey,country,Turkey,unmatched_other_side_lacks_it,30.0,8.0
Tallow And Stearine,gold,1898,British East Indies,British East Indies,country,British East Indies,matched,1692.0,0.0
