check,metric,commodity,gbp
NOUNIT,950000000,"Woollen And Worsted Manufactures — Broad Cloths; Coatings, Duffs, &C., Ofwool, Mixed With Other Materials",950000000
NOUNIT,750040033,"Woollen And Worsted Manufactures — Narrow Cloths: Coatings, Duffs, &C., Plain,All Wool",750040033
NOUNIT,100636087,"Bleaching Materials — Books, Printed",100636087
NOUNIT,51538661,"Arms, Ammunition, And Military Stores — Bags And Sacks Empty",51538661
NOUNIT,51320916,"Glass — Plate, Rough Or Silvered (Including Looking Glasses Or Mirrors)",51320916
NOUNIT,50887840,"Brass — Manufactures Of, Not Being Ordnance",50887840
NOUNIT,50071380,"Wine, British Made — Rough, Hewn, Sawn, Or Split",50071380
NOUNIT,36413395,Silk — Skins,36413395
NOUNIT,35336875,Wine — Provisions,35336875
NOUNIT,20754861,Sugar — Total Unrefined Of All Kinds—(Contd),20754861
NOUNIT,16266636,Woollen And Worsted Yarn — Worsted Yarn (Combed),16266636
NOUNIT,14606437,"Linen And Jute Manufactures — Plain, Unbleached Or Bleached",14606437
NOUNIT,14126067,"Pork — Poultry And Game, Alive Or Dead",14126067
NOUNIT,13947232,"Horns, Tips And Pieces Of Horns And Hoofs — Unenumerated",13947232
NOUNIT,12755988,Silk — Manufactures,12755988
NOUNIT,10979859,Wool — Other Goats' Wool Or Hair,10979859
NOUNIT,10281377,Dye Stuffs,10281377
NOUNIT,9608018,"Linen Manufactures — Plain, Unbleached Or Bleached",9608018
NOUNIT,8581342,Tobacco — Wood,8581342
NOUNIT,7716495,"Hides — Not Tanned, &C., Dry",7716495
NOUNIT,5870474,Cotton Manufactures — United States,5870474
NOUNIT,5634669,"Cotton — Raw, And Waste Of",5634669
NOUNIT,4423963,"Cotton Manufactures — Piece Goods, Printed And Dyed",4423963
NOUNIT,4214488,Woollen And Worsted Manufactures — Shawls,4214488
NOUNIT,3658840,Woollen And Worsted Manufactures — Worsted Yarn (Combed),3658840
NOUNIT,3594046,"Leather — Wrought, Boots And Shoes",3594046
NOUNIT,3557159,"Cotton Manufactures — Piece Goods Of Mixed Materials, Cotton Predominating",3557159
NOUNIT,3037906,"Telegraphic Wires And Apparatus — Tin, Unwrought",3037906
NOUNIT,2723762,Tea — Red: Total Of,2723762
NOUNIT,2721431,Oil — West Coast Of Africa,2721431
NOUNIT,2717794,"Skins And Furs — Sheep And Lambs', Undressed, Without The Wool",2717794
NOUNIT,2680207,Silk Manufactures — Broad Stuffs Of Silk Or Satin,2680207
NOUNIT,2344494,"Skins And Furs — Foreign, Dressed In The United Kingdom",2344494
NOUNIT,2318466,Cotton Manufactures — To United States Of America,2318466
NOUNIT,2286259,Tobacco — Red : Total Of,2286259
NOUNIT,2237972,Cotton Manufactures — Thread For Sewing,2237972
NOUNIT,2183141,Copper — Unenumerated,2183141
NOUNIT,2056425,Shells Of All Kinds — Dressed,2056425
NOUNIT,1877237,Caoutchouc — West Coast Of Africa,1877237
NOUNIT,1863437,"Woollen And Worsted Manufactures — Coatings, Duffels, &C. Of Wool Mixed With Other Materials",1863437
NOUNIT,1856222,Land,1856222
NOUNIT,1786051,"Quicksilver — Woollen, Applicable To Other Uses Than Manure, Torn Up Or Not",1786051
NOUNIT,1753971,Silk Manufactures — Broad Stuffs,1753971
NOUNIT,1721942,"Hides — Not Tanned, &C., Wet",1721942
NOUNIT,1704488,Oil — West Coast Of Africa (Foreign),1704488
NOUNIT,1567972,"Animals, Living — British North America",1567972
NOUNIT,1511924,Woollen Yarn — From British North America,1511924
NOUNIT,1450651,"Silk — Thrown, Twist Or Yarn",1450651
NOUNIT,1433700,Cocoa — West Coast Of Africa,1433700
NOUNIT,1406888,"Grease, Tallow And Animal Fat",1406888
NOUNIT,1341405,"Wool — Other Sorts, Including Foreign, Dressed In The United Kingdom, And Flocks And Ragwool",1341405
NOUNIT,1314086,"Hardwares And Cutlery, Un-Enumerated",1314086
NOUNIT,1222970,"Provisions, Unenumerated — Rags (Except Woollen) And Other Materials For Making Paper",1222970
NOUNIT,1175947,Woollen And Worsted Manufactures — Sorts Unenumerated,1175947
NOUNIT,1164776,"Glass — Flint, Plain, Cut, Or Ornamented (Including Bottles And Phials Of Flint Glass)",1164776
NOUNIT,1123063,"Glass — Grease, Not Otherwise Described",1123063
NOUNIT,1008130,"Arms, Ammunition, And Military Stores",1008130
NOUNIT,998593,"Silk Manufactures — Silver Ore, Or Ore Of Which The Greater Part In Value Is Silver",998593
NOUNIT,995182,"Soap — Spirits, British And Irish",995182
NOUNIT,991329,"Painters' Colours And Pigments, Unenumerated",991329
NOUNIT,968670,"Carriages, Carts, &C — Railway Waggons, Trucks, &C. (Not Of Iron)For Ballast, Minerals, Or Merchandize",968670
NOUNIT,962654,Iron — Leather Manufacturers,962654
NOUNIT,916008,"Petroleum, Lubricating",916008
NOUNIT,903752,Stones And Slates — Slate By Tale,903752
NOUNIT,902765,"Cotton — Piece Goods Of Other Countries, Other Than Muslins",902765
NOUNIT,864140,"Arms, Ammunition, And Military Stores — Fowling Pieces",864140
NOUNIT,860563,"Cordage, Cables, And Ropes Of Hemp Or Like Material",860563
NOUNIT,798911,"Copper — Unwrought, In Ingots, Cakes, Or Slabs",798911
NOUNIT,782682,Nuts And Kernels — Whale Fisheries,782682
NOUNIT,765700,Linen And Jute Manufactures — Sail Cloth And Sails,765700
NOUNIT,750112,Linen Manufactures — Thread For Sewing,750112
NOUNIT,739552,"Skins, Furs, And Pelts — Tanned, Tawed, Or Dressed",739552
NOUNIT,694074,Machinery And Mill Work — Not Being Steam Engines: Sewing Machines,694074
NOUNIT,666805,Cotton — Piece Goods Other Than Muslins,666805
NOUNIT,659303,"Stones And Slates — Grindstones, Millstones, And Other Sorts Of Stones",659303
NOUNIT,658402,"Ore, Unenumerated — Pulp Of Wood—Mechanical",658402
NOUNIT,652665,"Skins, Furs, And Pelts — Manufactures Of Skins And Furs",652665
NOUNIT,645623,Woollen And Worsted Manufactures — United States,645623
NOUNIT,639975,"Glass — Flint, Plain, Cut, Or Ornamented (Including Bottles And Other Manufactures Of Flint Glass)",639975
NOUNIT,613492,Leather Manufactures — Unenumerated,613492
NOUNIT,613295,"Painters' Colours And Materials — Writing Or Printing, And Envelopes",613295
NOUNIT,588776,Woollen And Worsted Manufactures — Blankets,588776
NOUNIT,574224,Wood And Timber — Fir : Unenumerated,574224
NOUNIT,559969,"Cordage, Twine, And Cable Yarn",559969
NOUNIT,555907,Oil — Pulp Of Wood—Mechanical,555907
NOUNIT,555388,Spirits — Succades And Confectionery (Including Fruits Andvegetables Preserved In Sugar),555388
NOUNIT,545580,"Stationery, Other Than Paper — Stones, Marble, And Slate; Rough,Hewn Or Manufactured; Other Thanworks Of Art",545580
NOUNIT,533773,"Linen And Jute Manufactures — Checked, Printed, Or Dyed, And Damasks And Diapers",533773
NOUNIT,531497,Chemical Manufactures And Pro-Ducts,531497
NOUNIT,518420,Flax And Hemp — To United States Of America,518420
NOUNIT,514730,"Paper — Unenumerated, And Articles Of Paper (Except Papier Mâché)",514730
NOUNIT,507377,Salt (Rock And White),507377
NOUNIT,489730,Linen And Jute Yarn — Jute Yarn,489730
NOUNIT,488512,Gum — From British India,488512
NOUNIT,466063,"Prints, Engravings, Drawings, &C — Rags (Except Woollen) And Othermaterials For Making Paper",466063
NOUNIT,453974,Cotton Manufactures — Stockings And Socks,453974
NOUNIT,447072,"Arms, Ammunition, And Military Stores — Shot Of Iron, Including Shells",447072
NOUNIT,428458,"Cordage, Cables, Ropes, And Twine Of Hemp Or Like Material",428458
NOUNIT,421917,"Sugar — Molasses, Treacle, And Syrup",421917
NOUNIT,405291,Coffee — Raw · British East Indies,405291
NOUNIT,395503,"Carriages, Carts, &C — Railway Carriages For Passengers",395503
NOUNIT,394889,"Lead — Rolled And Sheet, Piping And Tubing",394889
NOUNIT,385126,Gil — Seed,385126
NOUNIT,379833,Painters' Colours And Pigments,379833
NOUNIT,379171,Saddlery And Harness — Salt (Rock And White),379171
NOUNIT,376537,"Skins And Furs — British: Sheep And Lambs', Undressed, Without The Wool",376537
NOUNIT,374660,"Fish, Fresh And Cured — Salmon",374660
NOUNIT,372895,"Arms, Ammunition, And Military Stores — Muskets",372895
NOUNIT,371455,"Cotton — Hosiery, Of All Sorts",371455
NOUNIT,352674,"Matches, Safety And Other Sorts — Safety",352674
NOUNIT,351211,"Iron — Bars, Unwrought",351211
NOUNIT,341176,"Flowers, Artificial",341176
NOUNIT,337959,"Plants, Shrubs, Trees, And Flower Roots",337959
NOUNIT,324742,Fruit — Unenumerated : Preserved Without Sugar,324742
NOUNIT,322156,Stones And Slates — Slate By Sale,322156
NOUNIT,316644,"Paraffine — Perfumery, And Articles Used Inthe Manufacture Thereof",316644
NOUNIT,294156,"Plate, Gold — Silver",294156
NOUNIT,292216,"Tar — West Coast Of Africa, Foreign",292216
NOUNIT,290726,"Arms, Ammunition, And Military Stores — Muskets, Rifles And Fowling Pieces",290726
NOUNIT,277450,Lace,277450
NOUNIT,274778,"Leather — Wrought, Other Articles, Unenumerated",274778
NOUNIT,272720,"Provisions, Unenumerated — Raos (Except Woollen) And Other Materials For Making Paper",272720
NOUNIT,266740,Musical Instruments,266740
NOUNIT,264525,"Vegetables, Raw, Unenumerated",264525
NOUNIT,257785,Woollen And Worsted Yarn — Woollen Yarn (Carded),257785
NOUNIT,248761,Beer And Ale — To United States Of America,248761
NOUNIT,239790,Rosin — From British East Indies,239790
NOUNIT,236303,"Sugar — Elephants, Sea Cow, And Sea Horse",236303
NOUNIT,227231,"Linen Manufactures — Checked, Printed, Or Dyed, And Damasks And Diapers",227231
NOUNIT,224506,"Sugar — Molasses, Treacle, Syrup, And Glucose",224506
NOUNIT,223970,"Coal, Cinders, &C — Fuel, Manufactured",223970
NOUNIT,217520,Stones And Slates — Slate By Talc,217520
NOUNIT,210411,Ivory — West Africa,210411
NOUNIT,208483,Spirits — Suggades And Confectionery (Including Fruits And Vegetables Preserved In Sugar),208483
NOUNIT,208010,"Paper — Unenumerated, And Articles Of Paper (Except Papier Maché)",208010
NOUNIT,203386,"Arms And Ammunition — Muskets, Rifles, Carbines, Fowling-Pieces, Or Guns Of Any Other Sort, Not Enumerated, And Parts Thereof And Pistols",203386
NOUNIT,198945,"Jute Manufactures — Rolled, Sheet, Piping Andtubing",198945
NOUNIT,193540,"Fish, Fresh And Cured — Oysters",193540
NOUNIT,192783,Leather — Locust Beans,192783
NOUNIT,184749,Spirits — To British East Indies,184749
NOUNIT,181219,"Honey — Horns, Tips And Pieces Of Horn, And Hooks",181219
NOUNIT,177280,Tar — West Coast Of Africa,177280
NOUNIT,173038,"Wood And Timber — Rough, Hewn, Sawn, Or Split",173038
NOUNIT,172542,"Arms, Ammunition, And Military Stores — To Australasia",172542
NOUNIT,171574,"Fish, Fresh And Cured — Cod And Ling",171574
NOUNIT,163157,Gum — Dutch Possessions In India,163157
NOUNIT,162991,"Spirits — Various Sorts, Mixed In Bond",162991
NOUNIT,162084,"Paper — Pasteboard, Millboard, &C. (Including Playing Cards)",162084
NOUNIT,158383,Stones And Slates,158383
NOUNIT,155332,Silk Manufactures — Of Countries Out Of Europe,155332
NOUNIT,151553,Iron — Bar,151553
NOUNIT,149508,Iron — Facture,149508
NOUNIT,147933,Ammunition — Stallions,147933
NOUNIT,143967,Sugar (Including All Fruits And Vegetables Preserved In Sugar),143967
NOUNIT,143542,Fish (Including Turtle) — Other Sorts Of Shell Fishst,143542
NOUNIT,142211,Musical Instruments — Myrobalans,142211
NOUNIT,134914,Cotton Manufactures — Hosiery Of Other Sorts,134914
NOUNIT,130463,Linen Manufactures,130463
NOUNIT,129878,"Petroleum — Pickles And Vegetables, Preserved Insalt Or Vinegar",129878
NOUNIT,124262,"Ore, Unenumerated — Eastern Coast Of Africa",124262
NOUNIT,109749,"Woollen Manufactures — Of Wool Other Than Goats, Or Of Wool Mixedwith Cotton: Cloths",109749
NOUNIT,107165,Telegraphic Wires And Apparatus — Other Kinds Of Manufactured Tobacco,107165
NOUNIT,105908,"Fish, Fresh And Cured — Dressed And Undressed",105908
NOUNIT,104688,"Beef — Brass, Bronze, And Metal, Bronzed And Lacquered",104688
NOUNIT,104638,Flax — Dressed And Endressed,104638
NOUNIT,104559,"Saddlery And Harness — Saltpetre, British Prepared",104559
NOUNIT,101609,Embroidery And Needlework,101609
NOUNIT,99492,Spirits — Unenumerated,99492
NOUNIT,98492,Gum — British East-Indies,98492
NOUNIT,97639,"Hemp — Tow, Or Cordilla Of, And Other Vegetable Substances, Applicable To The Same Uses As Hemp Or Flax",97639
NOUNIT,96419,"Spirits — Perfumed, In Bond",96419
NOUNIT,94162,"Glass — Other Manufactures, Unenume- Rated",94162
NOUNIT,93274,Spices — Brandy,93274
NOUNIT,89780,Lead — Oro Of,89780
NOUNIT,88688,"Hides — Tawed, Curried, Or Dressed, Not Varnished",88688
NOUNIT,86489,"Arms And Ammunition — Muskets, Rifles, Carbines, Fowling-Pieces,Or Guns Of Any Other Sort, Not Enumerated,And Pistols",86489
NOUNIT,84422,Fruit — Snuff : Cavendish Or Negrohead,84422
NOUNIT,75937,Ivory — West Coast Of Africa,75937
NOUNIT,75264,"Art, Works Of, Other Than Pictures",75264
NOUNIT,72019,"Bones (Except Whalebone) Whether Burnt Or Not, Or As Animal Charcoal — Applicable To Manufacturing Purposes",72019
NOUNIT,71149,"Arms, Ammunition, And Military Stores — Revolvers",71149
NOUNIT,71060,"Arms, Ammunition, And Military Stores — To Eastern Africa",71060
NOUNIT,69670,"Manufactures Of Hair, And Of Goats' Wool",69670
NOUNIT,69191,"Fish, Fresh And Cured — Pilchards",69191
NOUNIT,66909,Chicory — Roasted Or Ground In Bond,66909
NOUNIT,63721,Metals And Ores — Puddled,63721
NOUNIT,62414,Toys,62414
NOUNIT,61025,"Tobacco — Manufactured, In Bond",61025
NOUNIT,58835,Dye Woods — Spanish Possessions,58835
NOUNIT,58484,"Spirits — British And Foreign, Mixed In Bond",58484
NOUNIT,54558,"Woollen And Worsted Manufactures — Coatings, Duffels, &C., All Wool (Contd)",54558
NOUNIT,52814,Corn And Grain — From Australasia,52814
NOUNIT,52051,"Brass, Bronze, And Metal Bronzed Orlacquered",52051
NOUNIT,51301,Seeds — From British East Indies,51301
NOUNIT,50462,Earthen And China Ware — Salmon,50462
NOUNIT,50264,"Copper — Old, Fit Only For Remanufacture",50264
NOUNIT,47823,Borax,47823
NOUNIT,43786,Precious Stones (Unset),43786
NOUNIT,39312,Silk Manufactures — To United States Of America,39312
NOUNIT,37932,Earthen And China Ware — Cod And Ling,37932
NOUNIT,37912,"Tobacco — Manufactured, Cavendish Or Negrohead",37912
NOUNIT,34679,Zinc Or Spelter — To British India,34679
NOUNIT,34660,Sugar — Complete,34660
NOUNIT,34134,Wood And Timber — British North America,34134
NOUNIT,33755,Imported In Bottles — Hook,33755
NOUNIT,33533,Cement — India,33533
NOUNIT,30998,Chicory — Raw Or Kiln Dried And Roasted In Bond,30998
NOUNIT,29091,Varnish — Not Containing Spirit,29091
NOUNIT,27825,"Tobacco — Cavendish, Manufactured, In Bond",27825
NOUNIT,24266,Animals Living — Unenumerated,24266
NOUNIT,22515,"Spirits — Other Sorts, Not Sweetened",22515
NOUNIT,22425,Metal — Mica And Talc,22425
NOUNIT,20870,Beer And Ale — Bones (Except Whalefins) Applicable To Manufacturing Purposes,20870
NOUNIT,19576,Fruit — Snuff : Other Sorts (Including Cigarettes),19576
NOUNIT,18643,Flax & Hemp — Dressed And Undressed,18643
NOUNIT,17821,"Silk Manufactures — Silver, Ore Of, Or Ore Of Which The Greater Partof The Value Is Silver",17821
NOUNIT,15855,Hops — To United States Of America,15855
NOUNIT,15324,Perfumery — Refined,15324
NOUNIT,14852,Plated And Gilt Ware,14852
NOUNIT,14805,Manures — From British East Indies,14805
NOUNIT,14793,"Dye Woods — Earthenware, Not Being Porcelain Or Chinaware",14793
NOUNIT,14683,"Slates — Refined, Or Rendered By Any Process Equal Thereto : In Lumps And Loaves",14683
NOUNIT,14491,Sawn — Unenumerated,14491
NOUNIT,14379,"Glass — Plate, Rough Or Silvered (Contd)",14379
NOUNIT,13640,"Spirits — Liqueurs, Cordials, &C., Not Tested",13640
NOUNIT,12335,Hemp — British Dressed,12335
NOUNIT,12317,"Hides — Tawed, Curried, Or Dressed, Varnished",12317
NOUNIT,12202,"Skins, Furs, And Pelts — Seal, Undressed",12202
NOUNIT,11541,"Arms, Ammunition, And Military Stores — To British India",11541
NOUNIT,10885,Copper — To Australasia,10885
NOUNIT,10533,Cement — To United States Of America,10533
NOUNIT,10365,"Onions — One, Unenumerated",10365
NOUNIT,9998,Tobacco And Snuff — Other Kinds Of Manufactured Tobacco,9998
NOUNIT,9913,Pi-Umbago,9913
NOUNIT,9031,Cotton Manufactures — Cotton Predominating,9031
NOUNIT,8641,"Cordage, Cables, Ropes, And Twine Of Hemp, Or Like Material — To British East Indies",8641
NOUNIT,8147,Dye Stuffs — Myrobalans,8147
NOUNIT,8118,Cotton Manufactures — Guth,8118
NOUNIT,6911,Plumbago — From British East Indies,6911
NOUNIT,6294,"Umbrellas And Parasols — Wine, British Made",6294
NOUNIT,6074,Jute — From British East Indies,6074
NOUNIT,5334,Cotton Manufactures — To United States,5334
NOUNIT,5259,Linen Manufactures — To United States Of America,5259
NOUNIT,4651,Iron — Puddled And Puddled Bars,4651
NOUNIT,4045,"Collodion — Confectionery, Containing Not More Than50% Chocolate, In The Manufacture Ofwhich Spirit Has Been Used",4045
NOUNIT,3892,Unions,3892
NOUNIT,3826,Iron And Steel — To United States Of America,3826
NOUNIT,3621,Woollen And Worsted Manufactures — To British East Indies,3621
NOUNIT,2852,"Fruit — Soap, Transparent, In The Manufacture Ofwhich Spirit Has Been Used",2852
NOUNIT,2794,Glass — To United States Of America,2794
NOUNIT,2591,Cotton Manufactures — Piece Goods Of Mixed Materials : Cotton Predominating : To United States Of America,2591
NOUNIT,1882,"Coffee — Coffee And Chicory, Roasted Orground, Mixed In Bond",1882
NOUNIT,1833,"Coffee — Coffee And Chicory, Roasted Orground, Mixed",1833
NOUNIT,1827,"Arms, Ammunition, And Military Stores — Swords, Cutlasses, And Bayonets, And Armsof Other Sorts",1827
NOUNIT,1419,"Coffee — Kiln-Dried, Roasted, Or Ground, In Bond",1419
NOUNIT,1064,Chicory — Champagne : Burgundy,1064
NOUNIT,1056,Silk Manufactures — To Australasia,1056
NOUNIT,606,"Cheese — Chicory: Other Vegetable Matter,Applicable To The Uses Of Chicoryor Coffee",606
NOUNIT,562,"Tobacco — Manufactured, Snuff",562
NOUNIT,386,Drugs — From British Possessions In Southafrica,386
NOUNIT,378,"Tobacco — Varnish, Containing Alcohol",378
NOUNIT,148,"Cheese — Imitation (Including Lard,Cheese, And All Kinds Ofartificial Cheese)",148
NOUNIT,57,"Meat, Unenumerated — Unenumerated; Unwrought : Wrought Or Manufactured",57
NOUNIT,0,"Yarn, Alpaca, Mohair, And Other Sorts Une-Numerated",0
NOUNIT,0,Woollen And Worsted Manufactures — Zinc Or Spekter,0
NOUNIT,0,"Woollen And Worsted Manufactures — Small Wares, And Manufactures Of Wool Or Worsted, Unenumerated",0
NOUNIT,0,Woollen And Worsted Manufactures — Hosiery,0
NOUNIT,0,Wood And Timber — Staves And Empty Casks,0
NOUNIT,0,"Wood And Timber — House Frames, Fittings, And Joiners' Work",0
NOUNIT,0,"Wine, British Made — Unenumerated",0
NOUNIT,0,"Wine, British Made — Staves And Empty Casks",0
NOUNIT,0,Value Of Articles Imported Byparcel Post,0
NOUNIT,0,Umbrellas And Parasols,0
NOUNIT,0,Toys — Not Containing Spirit,0
NOUNIT,0,Total Value — Dyes And Dyeing Stuffs,0
NOUNIT,0,Total Value - - - - -,0
NOUNIT,0,Tobacco — Toxs,0
NOUNIT,0,Telegraphic Wires And Apparatus,0
NOUNIT,0,Sugar— — 4Th Class,0
NOUNIT,0,Sugar— — 3Rd Class,0
NOUNIT,0,"Stationery, Other Than Paper",0
NOUNIT,0,"Spirits, British And Irish — Stationery, Other Than Paper",0
NOUNIT,0,"Specimens, Illustrative Of Naturalscience",0
NOUNIT,0,"Soap — Stationery, Other Than Paper",0
NOUNIT,0,"Skins, Furs, And Pelts — Manufactures Of, Including Rugs",0
NOUNIT,0,"Skins, Furs, And Pelts — Articles Manufactured Of Skins And Furs",0
NOUNIT,0,Skins And Furs — British: Unenumerated,0
NOUNIT,0,"Silk — Broad Stuffs, Silk Or Satin",0
NOUNIT,0,"Silk Manufactures — Velvet, Plain Or Figured",0
NOUNIT,0,Silk Manufactures — Unenumerated,0
NOUNIT,0,"Silk Manufactures — Silver One, Or One Of Which The Greater Part Invalue Is Silver",0
NOUNIT,0,Silk Manufactures — Silk And Satin,0
NOUNIT,0,Silk Manufactures — Ribbons:—Other Kinds,0
NOUNIT,0,"Silk Manufactures — Ribbons, Silk Or Satin",0
NOUNIT,0,Silk Manufactures — Ribbons Of All Kinds,0
NOUNIT,0,"Silk Manufactures — Plush, Used For Making Hats",0
NOUNIT,0,Silk Manufactures — Other Kinds,0
NOUNIT,0,"Silk Manufactures — Manufactures Of Silk, Or Of Silk Mixed With Other Materials, Unenumerated",0
NOUNIT,0,"Silk Manufactures — Manufactures Of Silk, Ex Of Silk Mixed With Other Materials, Unenumerated",0
NOUNIT,0,Silk Manufactures — In Value Is Silver,0
NOUNIT,0,"Silk Manufactures — Handkerchiefs, Scarfs, And Shawls",0
NOUNIT,0,Scotland,0
NOUNIT,0,Saddlery And Harness,0
NOUNIT,0,"Provisions, Unenumerated",0
NOUNIT,0,"Prints, Engravings, Drawings, &C",0
NOUNIT,0,"Potatoes — Poultry And Game (Alive Or Dead),Including Rabbits",0
NOUNIT,0,Plated And Gilt Wares,0
NOUNIT,0,Plated And Gift Wares,0
NOUNIT,0,Pilchards — Unenumerated,0
NOUNIT,0,"Pictures, Drawings, And Photographs",0
NOUNIT,0,"Pickles, Vinegar, Sauces, Condiments, Preserved Fruits, And Confectionery",0
NOUNIT,0,"Pickles, Vinegar, And Sauces",0
NOUNIT,0,Petroleum — Pickles And Vegetables Preserved In Salt,0
NOUNIT,0,Paper — To United States Of America,0
NOUNIT,0,"Paper — Brown Or Waste, Or Any Other Sort Un- Enumerated",0
NOUNIT,0,Paper — Brown And Waste Or Any Other Sorts Un-Enumerated,0
NOUNIT,0,Painters' Colours And Materials — Unenumerated,0
NOUNIT,0,"Nuts And Kernels — Other Sorts, Unenumerated (Notfruit)",0
NOUNIT,0,"Medicines — Musical Instruments, And Parts Thereof",0
NOUNIT,0,"Medicines — Metals, And Manufactures Thereof: Unenumerated",0
NOUNIT,0,Medicines,0
NOUNIT,0,"Machinery And Mills Work — Steam Engines Or Parts Of Steam Engines,Other Descriptions",0
NOUNIT,0,"Machinery And Mills Work — Steam Engines Or Parts Of Steam Engines,Locomotive",0
NOUNIT,0,Machinery And Mills Work — Not Being Steam Engines ; Agricultural,0
NOUNIT,0,Machinery And Mill Work — Steam Engines Or Parts Of Steam Engines: Agricultural,0
NOUNIT,0,"Machinery And Mill Work — Steam Engines Or Parts Of Steam Engines, Other Descriptions",0
NOUNIT,0,"Machinery And Mill Work — Steam Engines Or Parts Of Steam Engines, Locomotive",0
NOUNIT,0,Machinery And Mill Work — Not Being Steam Engines: Agricultural,0
NOUNIT,0,Machinery And Mill Work — Not Being Steam Engines ; Other Descriptions,0
NOUNIT,0,Machinery And Mill Work — Agricultural,0
NOUNIT,0,Lucifer And Vesta Matches,0
NOUNIT,0,Linen Manufactures — To Australasia,0
NOUNIT,0,"Linen Manufactures — Steam Engines Or Parts Of Steam Engines,Locomotive",0
NOUNIT,0,Linen Manufactures — Lucifers And Vesta Matches,0
NOUNIT,0,Linen And Jute Manufactures — Luoifer And Vesta Matches,0
NOUNIT,0,Lace — Pillow Lace,0
NOUNIT,0,Lace — Machine Or Imitation Lace,0
NOUNIT,0,Jute — Pillow Lace,0
NOUNIT,0,"Jute — Machine Or Imitation Lace, Not Made By Hand",0
NOUNIT,0,Jute — Lace And Articles Thereof,0
NOUNIT,0,Isle Of Man,0
NOUNIT,0,Ireland,0
NOUNIT,0,Ink,0
NOUNIT,0,Implements And Tools — Unenumerated,0
NOUNIT,0,"Implements And Tools — Instruments And Apparatus ;Surgical, Anatomical, And Scientific",0
NOUNIT,0,Implements And Tools — Agricultural,0
NOUNIT,0,Implements And Tools,0
NOUNIT,0,Hair — Unenumerated,0
NOUNIT,0,Hail — Unenumerated,0
NOUNIT,0,"Glass — Haberdashery And Millinery, Including Embroidery And Needlework",0
NOUNIT,0,Glass — Brodery And Needlework,0
NOUNIT,0,General Exports,0
NOUNIT,0,"Furniture, (Household) Cabinet,And Upholstery Wares",0
NOUNIT,0,"Furniture And Hardwoods — House Frames, Fittings, And Joiners' Work",0
NOUNIT,0,"Fruit — Nuts, Principally Used As Fruit",0
NOUNIT,0,"Fish, Fresh And Cured — Unenumerated",0
NOUNIT,0,"Fish, Fresh And Cured",0
NOUNIT,0,Extracts — Of Bark And Other Vegetable Substances Used In Tanning Or Dyeing,0
NOUNIT,0,"Extracts — Farinaceous Substances, And Manufacturesthereof, Unenumerated",0
NOUNIT,0,Extracts — Farinaceous Substances And Manufactures Thereof,0
NOUNIT,0,"Extracts — Factures Thereof, Unenumerated",0
NOUNIT,0,England And Wales,0
NOUNIT,0,"Embroidery And Needlework — Farinaceous Substances And Manufactures Thereof, Unenumerated",0
NOUNIT,0,"Embroidery And Needlework — Extracts, Of Other Sorts Than Dye-Stuffs, Unenumerated",0
NOUNIT,0,"Embroidery And Needlework — Extracts Of Other Sorts, Unenumerated",0
NOUNIT,0,Earthen And China Ware — United States,0
NOUNIT,0,Earthen And China Ware — Red Pottery And Brown Stone Ware,0
NOUNIT,0,"Earthen And China Ware — Earthenware, Chinaware, Parian, And Porcelain",0
NOUNIT,0,"Earthen And China Ware — Earthenware, Chinaware, &C. (Contd)",0
NOUNIT,0,Dye Stuffs — Products Of Coal Tar,0
NOUNIT,0,Dye Stuffs — Other Sorts: Unenumerated,0
NOUNIT,0,Dye Stuffs — Extracts,0
NOUNIT,0,Dye Stuffs — Dyes Obtained From Coal Tar (Aniline),0
NOUNIT,0,"Cutch — Envoys, Unenumerated",0
NOUNIT,0,"Cotton — Drugs, Unenumerated:(Including Medicinal Preparations)",0
NOUNIT,0,Cotton Manufactures — Red Pottery And Brown Stone Ware,0
NOUNIT,0,Cotton Manufactures — Lace And Patent Net,0
NOUNIT,0,Cotton Manufactures — Hosiery Of All Sorts,0
NOUNIT,0,Cotton Manufactures — Hosiery,0
NOUNIT,0,"Cotton Manufactures — Earthenware, Chinaware, Parian, And Porcelain",0
NOUNIT,0,"Cordage, Twine, And Cable Yarn — From British East Indies",0
NOUNIT,0,"Copper — Manufactures Of, Unenumerated, Including Copper Coin",0
NOUNIT,0,"Coals, Cinders, &C — Products Of Coal, Peat, Or Shale, Includingnaphtha, Paraffine, And Oil Thereof, Andpetroleum, Pitch, And Tar",0
NOUNIT,0,"Coals, Cinders, &C — Products Of Coal, Peat, Or Shale, Including Naphtha, Paraffine, Paraffine Oil, Petroleum, Pitch, And Tar",0
NOUNIT,0,"Cheese — Chemical Products Or Preparations, Not Speciallyenumerated",0
NOUNIT,0,"Cheese — Chemical Manufactures And Products, Unenumerated",0
NOUNIT,0,"Cement — Chemical Products Or Preparations, Not Speciallyenumerated",0
NOUNIT,0,"Carriages, &C — Railway Waggons, Trucks, &C. And Parts Thereof For Ballast, Minerals, Or Merchandise",0
NOUNIT,0,"Carriages, &C — Railway Carriages For Passengers And Parts Thereof",0
NOUNIT,0,Calcitrhous Manufactures,0
NOUNIT,0,"Butter — Buttons And Strws, Not Of Metal",0
NOUNIT,0,"Butter — Buttons And Straps, Not Of Metal",0
NOUNIT,0,"Butter — Buttons And Srungs, Not Of Metal",0
NOUNIT,0,"Butter — Buttons And Snaps, Not Of Metal",0
NOUNIT,0,"Bark — Extracts Of Bark, Or Of Other Substances To Be Usedin Tanning Or Dyeing, Unenumerated",0
NOUNIT,0,Bark — Extracts Of Bark Or Other Vegetable Substancesto Be Used In Tanning Or Dyeing,0
NOUNIT,0,Bark — Extracts Of Bark Or Other Substances To Be Used In Tanning Or Dyeing,0
NOUNIT,0,Bank — Extract Of Bank Or Other Vegetable Substancesto Be Used In Tanning Or Dyeing,0
NOUNIT,0,At Certain Ports,0
NOUNIT,0,Articles Subject To Duty — Customs Duty,0
NOUNIT,0,Articles Subject To Duty,0
NOUNIT,0,"Arms, And Ammunition — Rockets And Other Combustibles For Purposesof War, Explosives, Percussion Caps, Andammunition, Unenumerated",0
NOUNIT,0,"Arms, And Ammunition — Rockets And Other Combustibles For Purposesof War And Ammunition, Unenumerated",0
NOUNIT,0,"Arms, And Ammunition — Art, Works Or, Other Than Pictures",0
NOUNIT,0,"Arms, Ammunition, And Military Stores — Parts Of Fire-Arms",0
NOUNIT,0,"Arms, Ammunition, And Military Stores — Other Fire-Arms And Parts Of Fire-Arms",0
NOUNIT,0,"Arms, Ammunition, And Military Stores — Ordnance Stores, Not Otherwise Described",0
NOUNIT,0,"Arms, Ammunition, And Military Stores — Ordnance Stores, Explosives, And Ammunition, Unenumerated",0
NOUNIT,0,"Arms, Ammunition, And Military Stores — Ordnance Stores And Ammunition, Unenumerated",0
NOUNIT,0,"Arms, Ammunition, And Military Stores — Art, Works Of, Other Than Pictures",0
NOUNIT,0,"Arms, Ammunition, And Military Stores — Ammunition, Unenumerated",0
NOUNIT,0,"Arms And Ammunition — Rockets, And Other Combustibles For Purposes Of War, Explosives, Percussion Caps, And Ammunition, Unenumerated",0
NOUNIT,0,"Arms And Ammunition — Rockets And Other Combustiblesfor The Purposes Of War, Ex-Plosives, Percussion Caps, Andammunition, Unenumerated",0
NOUNIT,0,"Arms And Ammunition — Rockets And Other Combustibles Of War, Andammunition, Unenumerated",0
NOUNIT,0,"Arms And Ammunition — Rockets And Other Combustibles Of War, &C., And Ammunition, Unenumerated",0
NOUNIT,0,Apparel And Stores,0
NOUNIT,0,Apparel And Slops,0
ONEYEAR,950000000,"Woollen And Worsted Manufactures — Broad Cloths; Coatings, Duffs, &C., Ofwool, Mixed With Other Materials",950000000
ONEYEAR,750040033,"Woollen And Worsted Manufactures — Narrow Cloths: Coatings, Duffs, &C., Plain,All Wool",750040033
ONEYEAR,100636087,"Bleaching Materials — Books, Printed",100636087
ONEYEAR,50071380,"Wine, British Made — Rough, Hewn, Sawn, Or Split",50071380
ONEYEAR,13652302,Wood And Timber — Sawn Or Split,13652302
ONEYEAR,12755988,Silk — Manufactures,12755988
ONEYEAR,11637694,"Coffee — Rum Shrub, Liqueurs And Cordials, Of And From       British Possessions",11637694
ONEYEAR,5634669,"Cotton — Raw, And Waste Of",5634669
ONEYEAR,4743377,Cheese — Wheat,4743377
ONEYEAR,4423963,"Cotton Manufactures — Piece Goods, Printed And Dyed",4423963
ONEYEAR,3880327,Butterine (Margarine),3880327
ONEYEAR,3772279,Fish — Rough Or Undressed,3772279
ONEYEAR,3658840,Woollen And Worsted Manufactures — Worsted Yarn (Combed),3658840
ONEYEAR,3054679,"Bristles — Note.—The Total Quantities And Value Of ""Butterine,"" Declared As Such, Imported In The Year 1885 Were",3054679
ONEYEAR,2977100,"Jute Yarn — Manufactures, Piece Goods",2977100
ONEYEAR,2962264,Butterine,2962264
ONEYEAR,2723762,Tea — Red: Total Of,2723762
ONEYEAR,2605841,Drugs — Indigo,2605841
ONEYEAR,2533015,Iron And Steel — Manufactures Of Iron And Steel,2533015
ONEYEAR,2286259,Tobacco — Red : Total Of,2286259
ONEYEAR,1930998,"Hides — Tanned, Not Otherwise Dressed",1930998
ONEYEAR,1863437,"Woollen And Worsted Manufactures — Coatings, Duffels, &C. Of Wool Mixed With Other Materials",1863437
ONEYEAR,1856222,Land,1856222
ONEYEAR,1704488,Oil — West Coast Of Africa (Foreign),1704488
ONEYEAR,1519701,"Nitre, Cubic (Nitrate Of Soda) — Palm",1519701
ONEYEAR,1511924,Woollen Yarn — From British North America,1511924
ONEYEAR,1415252,"Flax, Dressed Or Undressed — Unenumerated, Raw",1415252
ONEYEAR,1364884,"Skins, Furs, And Pelts — Pepper",1364884
ONEYEAR,1351152,Pyrites Of Iron Or Copper Or Sulphur Ore,1351152
ONEYEAR,1295272,"Pyrites Of Iron, Copper, Or Sulphur",1295272
ONEYEAR,1175947,Woollen And Worsted Manufactures — Sorts Unenumerated,1175947
ONEYEAR,1048546,Feathers — Cured Or Salted,1048546
ONEYEAR,985462,"Skins, Furs, And Pelts — Goat, Tanned, Tawed, Or Dressed",985462
ONEYEAR,981354,Fish — Olive,981354
ONEYEAR,962654,Iron — Leather Manufacturers,962654
ONEYEAR,916008,"Petroleum, Lubricating",916008
ONEYEAR,907308,"Nitre, Cubic (Nitrate Of Soda) — Olive",907308
ONEYEAR,834458,Cotton Manufactures — Other Than Muslims,834458
ONEYEAR,798911,"Copper — Unwrought, In Ingots, Cakes, Or Slabs",798911
ONEYEAR,783906,"Flax, Dressed Or Undressed — Apples, Raw",783906
ONEYEAR,737550,Wood And Timber — Staves : Mahogany,737550
ONEYEAR,731558,"Bags And Sacks, Empty",731558
ONEYEAR,715964,Gil — Olive,715964
ONEYEAR,705211,Cheese — Manufactured,705211
ONEYEAR,693235,Fruit — Snuff : Cigars,693235
ONEYEAR,659704,"Fish — Flax, Dressed",659704
ONEYEAR,658402,"Ore, Unenumerated — Pulp Of Wood—Mechanical",658402
ONEYEAR,645623,Woollen And Worsted Manufactures — United States,645623
ONEYEAR,639278,Eggs — Ornamental,639278
ONEYEAR,613295,"Painters' Colours And Materials — Writing Or Printing, And Envelopes",613295
ONEYEAR,608112,Wood And Timber — Furniture Woods And Hardwoods : Unenumerated,608112
ONEYEAR,574224,Wood And Timber — Fir : Unenumerated,574224
ONEYEAR,555907,Oil — Pulp Of Wood—Mechanical,555907
ONEYEAR,545580,"Stationery, Other Than Paper — Stones, Marble, And Slate; Rough,Hewn Or Manufactured; Other Thanworks Of Art",545580
ONEYEAR,534299,"Rags And Other Materials For Making Paper — Woollen: Applicable To Other Uses Than Manure, Torn Up Or Not",534299
ONEYEAR,526361,Drugs — Valonia,526361
ONEYEAR,520054,Tin — Valonia,520054
ONEYEAR,517812,"Nitre, Cubic (Nitrate Of Soda) — Seed",517812
ONEYEAR,508615,"Ivory — Teeth, Elephants', Sea Cow, Sea Horse, Or Sea Morsé",508615
ONEYEAR,507377,Salt (Rock And White),507377
ONEYEAR,488512,Gum — From British India,488512
ONEYEAR,481720,Onions — Opium,481720
ONEYEAR,477743,"Eggs — Shell Fish, Oysters For Food",477743
ONEYEAR,470914,"Skins, Furs, And Pelts — Sheep, Tanned, Tawed, Or Dressed",470914
ONEYEAR,466063,"Prints, Engravings, Drawings, &C — Rags (Except Woollen) And Othermaterials For Making Paper",466063
ONEYEAR,428458,"Cordage, Cables, Ropes, And Twine Of Hemp Or Like Material",428458
ONEYEAR,415293,"Plumbago — Quicksilver, Metallic",415293
ONEYEAR,385356,Wood And Timber — Staves : Unenumerated,385356
ONEYEAR,385126,Gil — Seed,385126
ONEYEAR,380858,Cork — Pease,380858
ONEYEAR,379171,Saddlery And Harness — Salt (Rock And White),379171
ONEYEAR,368130,Fish — Seed,368130
ONEYEAR,352674,"Matches, Safety And Other Sorts — Safety",352674
ONEYEAR,351211,"Iron — Bars, Unwrought",351211
ONEYEAR,350741,"Cards, Playing — Molasses",350741
ONEYEAR,330170,Guar — Unenumerated,330170
ONEYEAR,302567,Pork,302567
ONEYEAR,294558,"Cotton Manufactures — Dye Stuffs, And Substances Used In Tanning; Unenumerated",294558
ONEYEAR,292216,"Tar — West Coast Of Africa, Foreign",292216
ONEYEAR,291437,Feathers — Tow Or Codilla Of,291437
ONEYEAR,282046,"Manganese, One Of",282046
ONEYEAR,272720,"Provisions, Unenumerated — Raos (Except Woollen) And Other Materials For Making Paper",272720
ONEYEAR,259949,"Flax, Dressed Or Undressed — Almonds",259949
ONEYEAR,257667,Linen Yarn (Including Linen Yarn Waste),257667
ONEYEAR,256865,"Buttons And Strips, Not Of Metal — L Of All Sorts",256865
ONEYEAR,248761,Beer And Ale — To United States Of America,248761
ONEYEAR,244954,Rags And Other Materials For Making Paper — Sago And Sago Flour,244954
ONEYEAR,244196,Dye Woods: Logwood — Unenumerated,244196
ONEYEAR,236303,"Sugar — Elephants, Sea Cow, And Sea Horse",236303
ONEYEAR,233770,"Animals, Living — Horses",233770
ONEYEAR,229971,Fish — Animal,229971
ONEYEAR,223970,"Coal, Cinders, &C — Fuel, Manufactured",223970
ONEYEAR,220001,Drugs — Myrobalans,220001
ONEYEAR,217520,Stones And Slates — Slate By Talc,217520
ONEYEAR,213040,Gum : Kowrie,213040
ONEYEAR,208483,Spirits — Suggades And Confectionery (Including Fruits And Vegetables Preserved In Sugar),208483
ONEYEAR,208010,"Paper — Unenumerated, And Articles Of Paper (Except Papier Maché)",208010
ONEYEAR,207939,Icr,207939
ONEYEAR,200776,Figs And Fig Cake,200776
ONEYEAR,198945,"Jute Manufactures — Rolled, Sheet, Piping Andtubing",198945
ONEYEAR,194636,Gil — Animal,194636
ONEYEAR,192783,Leather — Locust Beans,192783
ONEYEAR,192532,Oil — Whale Fisheries,192532
ONEYEAR,181219,"Honey — Horns, Tips And Pieces Of Horn, And Hooks",181219
ONEYEAR,178777,"Cordage, Twine, And Cable Yarn — Unmanufactured",178777
ONEYEAR,177280,Tar — West Coast Of Africa,177280
ONEYEAR,174711,"Oil — Fish, Train, Or Blubber : Sperm, Or Head Matter",174711
ONEYEAR,167097,Spices — Molasses,167097
ONEYEAR,163157,Gum — Dutch Possessions In India,163157
ONEYEAR,162387,Woollen Yarn,162387
ONEYEAR,158383,Stones And Slates,158383
ONEYEAR,157053,Preserved Without Sugar,157053
ONEYEAR,155410,"Sugarrefined, Or Rendered By Any Process Equal Thereto; Other Sorts, Including Candy — Molasses",155410
ONEYEAR,154924,Cloucharouc — Manufactures Of,154924
ONEYEAR,151553,Iron — Bar,151553
ONEYEAR,149508,Iron — Facture,149508
ONEYEAR,143967,Sugar (Including All Fruits And Vegetables Preserved In Sugar),143967
ONEYEAR,143621,Olje-Margarine,143621
ONEYEAR,142211,Musical Instruments — Myrobalans,142211
ONEYEAR,131628,"Cannon And Mortars, Mounted Or Accompanied With Carriages — Muskets, Rifles, Carbines, Fowling Pieces, Or Guns Of Any Other Sorts, Not Enumerated, And Pistols",131628
ONEYEAR,127186,Bark,127186
ONEYEAR,124262,"Ore, Unenumerated — Eastern Coast Of Africa",124262
ONEYEAR,120139,"Arms, And Ammunition",120139
ONEYEAR,109749,"Woollen Manufactures — Of Wool Other Than Goats, Or Of Wool Mixedwith Cotton: Cloths",109749
ONEYEAR,109375,"Sugar, Unrefined : Total Of — Molasses",109375
ONEYEAR,105945,"Eggs — For Beds, In Beds Or Otherwise",105945
ONEYEAR,105908,"Fish, Fresh And Cured — Dressed And Undressed",105908
ONEYEAR,104688,"Beef — Brass, Bronze, And Metal, Bronzed And Lacquered",104688
ONEYEAR,104638,Flax — Dressed And Endressed,104638
ONEYEAR,104559,"Saddlery And Harness — Saltpetre, British Prepared",104559
ONEYEAR,99366,Hats Or Bonnets — Tow Or Codilla Of Hemp,99366
ONEYEAR,99006,"Metal — Old, Fit Only For Re-Manufacture",99006
ONEYEAR,96210,Of Felt,96210
ONEYEAR,94162,"Glass — Other Manufactures, Unenume- Rated",94162
ONEYEAR,93274,Spices — Brandy,93274
ONEYEAR,89780,Lead — Oro Of,89780
ONEYEAR,86629,Feathers — For Bends,86629
ONEYEAR,84422,Fruit — Snuff : Cavendish Or Negrohead,84422
ONEYEAR,79433,Cotton — Cinnamon,79433
ONEYEAR,76826,"Corn And Grain — Cotton Yarn, And Waste Of",76826
ONEYEAR,71558,Pork — Prints And Engravings,71558
ONEYEAR,69946,Fruit — Perfumed Spirits (Including Water Cologne),69946
ONEYEAR,69287,Hats Or Bonnets — Vegetable Substances Applicable To The Same Uses As Hemp Or Flax,69287
ONEYEAR,68997,"Arms, Ammunition, And Military Stores — Asphalt, Or Bitumen Judaicum",68997
ONEYEAR,66619,Spirits — Cavendish Or Negrolhead,66619
ONEYEAR,65005,"Wine — White, In Bottles : Sparkling : Saumur",65005
ONEYEAR,63310,Cotton — Ginger,63310
ONEYEAR,63183,"Arms, And Ammunition — Swords, Cutlasses, Matchets, Bayonets, Gun Barrels, Gun Locks, And Cannon And Mortars Of Iron, Not Mounted Nor Accompanied With Carriages",63183
ONEYEAR,61035,"Iron (Con.) — Steel, Unwrought",61035
ONEYEAR,59815,Gals,59815
ONEYEAR,58835,Dye Woods — Spanish Possessions,58835
ONEYEAR,58484,"Spirits — British And Foreign, Mixed In Bond",58484
ONEYEAR,54558,"Woollen And Worsted Manufactures — Coatings, Duffels, &C., All Wool (Contd)",54558
ONEYEAR,51127,"Dye Stuffs, And Substances Used In Tanning — Cocchineal",51127
ONEYEAR,50749,Bark — Cocaine,50749
ONEYEAR,50462,Earthen And China Ware — Salmon,50462
ONEYEAR,50264,"Copper — Old, Fit Only For Remanufacture",50264
ONEYEAR,41669,"Arms, Ammunition, And Military Stores — Swords, Cutlasses, Bayonets, Cannon And Mortars Of Iron, And Arms Of Other Sorts, Unenumerated",41669
ONEYEAR,37932,Earthen And China Ware — Cod And Ling,37932
ONEYEAR,37912,"Tobacco — Manufactured, Cavendish Or Negrohead",37912
ONEYEAR,34679,Zinc Or Spelter — To British India,34679
ONEYEAR,34660,Sugar — Complete,34660
ONEYEAR,33755,Imported In Bottles — Hook,33755
ONEYEAR,33533,Cement — India,33533
ONEYEAR,29091,Varnish — Not Containing Spirit,29091
ONEYEAR,27440,"Quicksilver, (Metallic) — In The Husk",27440
ONEYEAR,22515,"Spirits — Other Sorts, Not Sweetened",22515
ONEYEAR,21789,Rags And Other Materials For Making Paper — Safflower,21789
ONEYEAR,21741,Silk — Spun Silk Yarn,21741
ONEYEAR,20622,"Chicory — Unenumerated, Sweetened Or Mixed (Tested) : Not Tested, For Ascertaining The Strength",20622
ONEYEAR,19576,Fruit — Snuff : Other Sorts (Including Cigarettes),19576
ONEYEAR,15855,Hops — To United States Of America,15855
ONEYEAR,15471,Cotton Manufactures — Maize Or Indian Corn Meal (Including Maizena),15471
ONEYEAR,15324,Perfumery — Refined,15324
ONEYEAR,15054,Dyeing Or Tanning Stuffs — Shunach,15054
ONEYEAR,15027,Gold : „ Leaves Of — Ore Of. Or Ore Of Which The Greater Part In Value Is Gold,15027
ONEYEAR,14932,Meat — Bell,14932
ONEYEAR,14793,"Dye Woods — Earthenware, Not Being Porcelain Or Chinaware",14793
ONEYEAR,14683,"Slates — Refined, Or Rendered By Any Process Equal Thereto : In Lumps And Loaves",14683
ONEYEAR,14491,Sawn — Unenumerated,14491
ONEYEAR,14379,"Glass — Plate, Rough Or Silvered (Contd)",14379
ONEYEAR,13912,Hewn: Fir,13912
ONEYEAR,13640,"Spirits — Liqueurs, Cordials, &C., Not Tested",13640
ONEYEAR,13425,Cotton Manufactures — Piece Goods Of Other Countries,13425
ONEYEAR,12202,"Skins, Furs, And Pelts — Seal, Undressed",12202
ONEYEAR,11712,"Plate Of Silver (Free From 1St May, 1890)",11712
ONEYEAR,11541,"Arms, Ammunition, And Military Stores — To British India",11541
ONEYEAR,11291,Wine,11291
ONEYEAR,10885,Copper — To Australasia,10885
ONEYEAR,10537,"Leather Manufactures — Metal, Bell",10537
ONEYEAR,10533,Cement — To United States Of America,10533
ONEYEAR,10376,Beer And Ale — Malt And Spruce,10376
ONEYEAR,10365,"Onions — One, Unenumerated",10365
ONEYEAR,9998,Tobacco And Snuff — Other Kinds Of Manufactured Tobacco,9998
ONEYEAR,9913,Pi-Umbago,9913
ONEYEAR,9031,Cotton Manufactures — Cotton Predominating,9031
ONEYEAR,8641,"Cordage, Cables, Ropes, And Twine Of Hemp, Or Like Material — To British East Indies",8641
ONEYEAR,8147,Dye Stuffs — Myrobalans,8147
ONEYEAR,8118,Cotton Manufactures — Guth,8118
ONEYEAR,7322,"Chicory — Red, In Bottles, Sparkling : Burgundy",7322
ONEYEAR,7067,Petroleum — Pickles,7067
ONEYEAR,6181,Copper — Piece Goods Of Other Countries,6181
ONEYEAR,6074,Jute — From British East Indies,6074
ONEYEAR,5334,Cotton Manufactures — To United States,5334
ONEYEAR,5259,Linen Manufactures — To United States Of America,5259
ONEYEAR,4999,Tobacco — Moselle : Other Sorts,4999
ONEYEAR,4848,Drugs — Safflower,4848
ONEYEAR,4651,Iron — Puddled And Puddled Bars,4651
ONEYEAR,4630,Tea — Other Sorts,4630
ONEYEAR,3892,Unions,3892
ONEYEAR,3826,Iron And Steel — To United States Of America,3826
ONEYEAR,3621,Woollen And Worsted Manufactures — To British East Indies,3621
ONEYEAR,3558,Floral Hydrate,3558
ONEYEAR,3549,Beads Of All Sorts — Salted,3549
ONEYEAR,3445,Gutta Percha — Raw · Manufactures Of,3445
ONEYEAR,3334,Metals,3334
ONEYEAR,2794,Glass — To United States Of America,2794
ONEYEAR,2591,Cotton Manufactures — Piece Goods Of Mixed Materials : Cotton Predominating : To United States Of America,2591
ONEYEAR,2517,"Tobacco — Red, In Bottles : Sparkling : Other Sorts",2517
ONEYEAR,1882,"Coffee — Coffee And Chicory, Roasted Orground, Mixed In Bond",1882
ONEYEAR,1833,"Coffee — Coffee And Chicory, Roasted Orground, Mixed",1833
ONEYEAR,1827,"Arms, Ammunition, And Military Stores — Swords, Cutlasses, And Bayonets, And Armsof Other Sorts",1827
ONEYEAR,1595,"Tea — White, In Bottles: Sparkling : Burgundy",1595
ONEYEAR,1419,"Coffee — Kiln-Dried, Roasted, Or Ground, In Bond",1419
ONEYEAR,1146,Mafs And Charts,1146
ONEYEAR,1064,Chicory — Champagne : Burgundy,1064
ONEYEAR,1060,"Cards, Playing — Pickles Preserved In Vinegar",1060
ONEYEAR,1056,Silk Manufactures — To Australasia,1056
ONEYEAR,827,"Wine — White, In Bottles : Sparkling : Burgundy",827
ONEYEAR,789,"Arms, And Ammunition — Shot Of Iron",789
ONEYEAR,622,"Tobacco — White, In Bottles: Sparkling : Burgundy",622
ONEYEAR,606,"Cheese — Chicory: Other Vegetable Matter,Applicable To The Uses Of Chicoryor Coffee",606
ONEYEAR,562,"Tobacco — Manufactured, Snuff",562
ONEYEAR,547,"Chicory, Raw Or Kiln-Dried — Pickles Preserved In Vinegar",547
ONEYEAR,476,Cork — Manufactured,476
ONEYEAR,456,"Arms, And Ammunition — Shot Of Lead",456
ONEYEAR,440,Coffee — Collodien,440
ONEYEAR,428,Corn And Grain — Bear Or Bigg,428
ONEYEAR,416,Coffee — Pickles Preserved In Vinegar,416
ONEYEAR,386,Drugs — From British Possessions In Southafrica,386
ONEYEAR,378,"Tobacco — Varnish, Containing Alcohol",378
ONEYEAR,295,"Naphtha Or Methylic Alcohol, Purified",295
ONEYEAR,148,"Cheese — Imitation (Including Lard,Cheese, And All Kinds Ofartificial Cheese)",148
ONEYEAR,57,"Meat, Unenumerated — Unenumerated; Unwrought : Wrought Or Manufactured",57
ONEYEAR,0,Woollen And Worsted Manufactures — Zinc Or Spekter,0
ONEYEAR,0,Wood And Timber — Staves And Empty Casks,0
ONEYEAR,0,"Wine, British Made — Unenumerated",0
ONEYEAR,0,"Wine, British Made — Staves And Empty Casks",0
ONEYEAR,0,Value Of Articles Imported Byparcel Post,0
ONEYEAR,0,Total Value — Dyes And Dyeing Stuffs,0
ONEYEAR,0,Total Of British And Foreign Exports,0
ONEYEAR,0,Tobacco — Toxs,0
ONEYEAR,0,Sugar— — 4Th Class,0
ONEYEAR,0,Sugar— — 3Rd Class,0
ONEYEAR,0,Skins And Furs — British: Unenumerated,0
ONEYEAR,0,"Silk — Broad Stuffs, Silk Or Satin",0
ONEYEAR,0,"Silk Manufactures — Silver One, Or One Of Which The Greater Part Invalue Is Silver",0
ONEYEAR,0,"Silk Manufactures — Manufactures Of Silk, Ex Of Silk Mixed With Other Materials, Unenumerated",0
ONEYEAR,0,Silk Manufactures — In Value Is Silver,0
ONEYEAR,0,Scotland,0
ONEYEAR,0,Plated And Gift Wares,0
ONEYEAR,0,Pilchards — Unenumerated,0
ONEYEAR,0,Paper — To United States Of America,0
ONEYEAR,0,"Paper — Brown Or Waste, Or Any Other Sort Un- Enumerated",0
ONEYEAR,0,"Nuts And Kernels — Other Sorts, Unenumerated (Notfruit)",0
ONEYEAR,0,"Machinery And Mills Work — Steam Engines Or Parts Of Steam Engines,Other Descriptions",0
ONEYEAR,0,"Machinery And Mills Work — Steam Engines Or Parts Of Steam Engines,Locomotive",0
ONEYEAR,0,Machinery And Mills Work — Not Being Steam Engines ; Agricultural,0
ONEYEAR,0,Machinery And Mill Work — Agricultural,0
ONEYEAR,0,Linen Manufactures — To Australasia,0
ONEYEAR,0,"Linen Manufactures — Steam Engines Or Parts Of Steam Engines,Locomotive",0
ONEYEAR,0,Linen Manufactures — Lucifers And Vesta Matches,0
ONEYEAR,0,Jute — Lace And Articles Thereof,0
ONEYEAR,0,Isle Of Man,0
ONEYEAR,0,Ireland,0
ONEYEAR,0,Ink,0
ONEYEAR,0,Implements And Tools,0
ONEYEAR,0,Hail — Unenumerated,0
ONEYEAR,0,Glass — Brodery And Needlework,0
ONEYEAR,0,General Exports,0
ONEYEAR,0,"Furniture And Hardwoods — House Frames, Fittings, And Joiners' Work",0
ONEYEAR,0,"Fish, Fresh And Cured",0
ONEYEAR,0,Earthen And China Ware — United States,0
ONEYEAR,0,"Earthen And China Ware — Earthenware, Chinaware, &C. (Contd)",0
ONEYEAR,0,"Cutch — Envoys, Unenumerated",0
ONEYEAR,0,"Cotton — Drugs, Unenumerated:(Including Medicinal Preparations)",0
ONEYEAR,0,Cotton Manufactures — Red Pottery And Brown Stone Ware,0
ONEYEAR,0,"Cotton Manufactures — Earthenware, Chinaware, Parian, And Porcelain",0
ONEYEAR,0,"Cordage, Twine, And Cable Yarn — From British East Indies",0
ONEYEAR,0,"Coals, Cinders, &C — Products Of Coal, Peat, Or Shale, Includingnaphtha, Paraffine, And Oil Thereof, Andpetroleum, Pitch, And Tar",0
ONEYEAR,0,"Coals, Cinders, &C — Products Of Coal, Peat, Or Shale, Including Naphtha, Paraffine, Paraffine Oil, Petroleum, Pitch, And Tar",0
ONEYEAR,0,"Cheese — Chemical Manufactures And Products, Unenumerated",0
ONEYEAR,0,"Cement — Chemical Products Or Preparations, Not Speciallyenumerated",0
ONEYEAR,0,Calcitrhous Manufactures,0
ONEYEAR,0,"Butter — Buttons And Srungs, Not Of Metal",0
ONEYEAR,0,"Butter — Buttons And Snaps, Not Of Metal",0
ONEYEAR,0,"Bark — Extracts Of Bark, Or Of Other Substances To Be Usedin Tanning Or Dyeing, Unenumerated",0
ONEYEAR,0,Bark — Extracts Of Bark Or Other Vegetable Substancesto Be Used In Tanning Or Dyeing,0
ONEYEAR,0,Bank — Extract Of Bank Or Other Vegetable Substancesto Be Used In Tanning Or Dyeing,0
ONEYEAR,0,Articles Subject To Duty — Customs Duty,0
ONEYEAR,0,"Arms, And Ammunition — Rockets And Other Combustibles For Purposesof War, Explosives, Percussion Caps, Andammunition, Unenumerated",0
ONEYEAR,0,"Arms, And Ammunition — Rockets And Other Combustibles For Purposesof War And Ammunition, Unenumerated",0
ONEYEAR,0,"Arms, And Ammunition — Art, Works Or, Other Than Pictures",0
ONEYEAR,0,"Arms, Ammunition, And Military Stores — Other Fire-Arms And Parts Of Fire-Arms",0
ONEYEAR,0,"Arms, Ammunition, And Military Stores — Ordnance Stores, Not Otherwise Described",0
ONEYEAR,0,"Arms And Ammunition — Rockets And Other Combustiblesfor The Purposes Of War, Ex-Plosives, Percussion Caps, Andammunition, Unenumerated",0
ONEYEAR,0,Apparel And Stores,0
NOVALUE,950000000,"Woollen And Worsted Manufactures — Broad Cloths; Coatings, Duffs, &C., Ofwool, Mixed With Other Materials",950000000
NOVALUE,12755988,Silk — Manufactures,12755988
NOVALUE,1149207,Skins And Furs — Unenumerated,1149207
NOVALUE,991329,"Painters' Colours And Pigments, Unenumerated",991329
NOVALUE,652665,"Skins, Furs, And Pelts — Manufactures Of Skins And Furs",652665
NOVALUE,613492,Leather Manufactures — Unenumerated,613492
NOVALUE,559969,"Cordage, Twine, And Cable Yarn",559969
NOVALUE,531497,Chemical Manufactures And Pro-Ducts,531497
NOVALUE,379833,Painters' Colours And Pigments,379833
NOVALUE,371455,"Cotton — Hosiery, Of All Sorts",371455
NOVALUE,341176,"Flowers, Artificial",341176
NOVALUE,337959,"Plants, Shrubs, Trees, And Flower Roots",337959
NOVALUE,277450,Lace,277450
NOVALUE,266740,Musical Instruments,266740
NOVALUE,264525,"Vegetables, Raw, Unenumerated",264525
NOVALUE,155332,Silk Manufactures — Of Countries Out Of Europe,155332
NOVALUE,130463,Linen Manufactures,130463
NOVALUE,101609,Embroidery And Needlework,101609
NOVALUE,75264,"Art, Works Of, Other Than Pictures",75264
NOVALUE,69670,"Manufactures Of Hair, And Of Goats' Wool",69670
NOVALUE,43786,Precious Stones (Unset),43786
NOVALUE,29091,Varnish — Not Containing Spirit,29091
NOVALUE,14852,Plated And Gilt Ware,14852
NOVALUE,0,"Yarn, Alpaca, Mohair, And Other Sorts Une-Numerated",0
NOVALUE,0,Woollen And Worsted Manufactures — Zinc Or Spekter,0
NOVALUE,0,"Woollen And Worsted Manufactures — Small Wares, And Manufactures Of Wool Or Worsted, Unenumerated",0
NOVALUE,0,Woollen And Worsted Manufactures — Hosiery,0
NOVALUE,0,Wood And Timber — Staves And Empty Casks,0
NOVALUE,0,"Wood And Timber — House Frames, Fittings, And Joiners' Work",0
NOVALUE,0,"Wine, British Made — Unenumerated",0
NOVALUE,0,"Wine, British Made — Staves And Empty Casks",0
NOVALUE,0,Value Of Articles Imported Byparcel Post,0
NOVALUE,0,Unrefined — 1St Class,0
NOVALUE,0,Umbrellas And Parasols,0
NOVALUE,0,Toys — Not Containing Spirit,0
NOVALUE,0,Total Value — Dyes And Dyeing Stuffs,0
NOVALUE,0,Total Value - - - - -,0
NOVALUE,0,Total Of British And Foreign Produce,0
NOVALUE,0,Total Of British And Foreign Exports,0
NOVALUE,0,Tobacco — Toxs,0
NOVALUE,0,Telegraphic Wires And Apparatus,0
NOVALUE,0,Sugar— — 4Th Class,0
NOVALUE,0,Sugar— — 3Rd Class,0
NOVALUE,0,"Stationery, Other Than Paper",0
NOVALUE,0,"Spirits, British And Irish — Stationery, Other Than Paper",0
NOVALUE,0,"Specimens, Illustrative Of Naturalscience",0
NOVALUE,0,"Soap — Stationery, Other Than Paper",0
NOVALUE,0,"Skins, Furs, And Pelts — Manufactures Of, Including Rugs",0
NOVALUE,0,"Skins, Furs, And Pelts — Articles Manufactured Of Skins And Furs",0
NOVALUE,0,Skins And Furs — British: Unenumerated,0
NOVALUE,0,"Silk — Broad Stuffs, Silk Or Satin",0
NOVALUE,0,"Silk Manufactures — Velvet, Plain Or Figured",0
NOVALUE,0,Silk Manufactures — Unenumerated,0
NOVALUE,0,"Silk Manufactures — Silver One, Or One Of Which The Greater Part Invalue Is Silver",0
NOVALUE,0,Silk Manufactures — Silk And Satin,0
NOVALUE,0,Silk Manufactures — Ribbons:—Other Kinds,0
NOVALUE,0,"Silk Manufactures — Ribbons, Silk Or Satin",0
NOVALUE,0,Silk Manufactures — Ribbons Of All Kinds,0
NOVALUE,0,"Silk Manufactures — Plush, Used For Making Hats",0
NOVALUE,0,Silk Manufactures — Other Kinds,0
NOVALUE,0,"Silk Manufactures — Manufactures Of Silk, Or Of Silk Mixed With Other Materials, Unenumerated",0
NOVALUE,0,"Silk Manufactures — Manufactures Of Silk, Ex Of Silk Mixed With Other Materials, Unenumerated",0
NOVALUE,0,Silk Manufactures — In Value Is Silver,0
NOVALUE,0,"Silk Manufactures — Handkerchiefs, Scarfs, And Shawls",0
NOVALUE,0,Scotland,0
NOVALUE,0,Saddlery And Harness,0
NOVALUE,0,"Provisions, Unenumerated",0
NOVALUE,0,"Prints, Engravings, Drawings, &C",0
NOVALUE,0,"Potatoes — Poultry And Game (Alive Or Dead),Including Rabbits",0
NOVALUE,0,Plated And Gilt Wares,0
NOVALUE,0,Plated And Gift Wares,0
NOVALUE,0,Pilchards — Unenumerated,0
NOVALUE,0,"Pictures, Drawings, And Photographs",0
NOVALUE,0,"Pickles, Vinegar, Sauces, Condiments, Preserved Fruits, And Confectionery",0
NOVALUE,0,"Pickles, Vinegar, And Sauces",0
NOVALUE,0,Petroleum — Pickles And Vegetables Preserved In Salt,0
NOVALUE,0,Paper — To United States Of America,0
NOVALUE,0,"Paper — Brown Or Waste, Or Any Other Sort Un- Enumerated",0
NOVALUE,0,Paper — Brown And Waste Or Any Other Sorts Un-Enumerated,0
NOVALUE,0,Painters' Colours And Materials — Unenumerated,0
NOVALUE,0,"Nuts And Kernels — Other Sorts, Unenumerated (Notfruit)",0
NOVALUE,0,"Medicines — Musical Instruments, And Parts Thereof",0
NOVALUE,0,"Medicines — Metals, And Manufactures Thereof: Unenumerated",0
NOVALUE,0,Medicines,0
NOVALUE,0,"Machinery And Mills Work — Steam Engines Or Parts Of Steam Engines,Other Descriptions",0
NOVALUE,0,"Machinery And Mills Work — Steam Engines Or Parts Of Steam Engines,Locomotive",0
NOVALUE,0,Machinery And Mills Work — Not Being Steam Engines ; Agricultural,0
NOVALUE,0,Machinery And Mill Work — Steam Engines Or Parts Of Steam Engines: Agricultural,0
NOVALUE,0,"Machinery And Mill Work — Steam Engines Or Parts Of Steam Engines, Other Descriptions",0
NOVALUE,0,"Machinery And Mill Work — Steam Engines Or Parts Of Steam Engines, Locomotive",0
NOVALUE,0,Machinery And Mill Work — Not Being Steam Engines: Agricultural,0
NOVALUE,0,Machinery And Mill Work — Not Being Steam Engines ; Other Descriptions,0
NOVALUE,0,Machinery And Mill Work — Agricultural,0
NOVALUE,0,Lucifer And Vesta Matches,0
NOVALUE,0,Linen Manufactures — To Australasia,0
NOVALUE,0,"Linen Manufactures — Steam Engines Or Parts Of Steam Engines,Locomotive",0
NOVALUE,0,Linen Manufactures — Lucifers And Vesta Matches,0
NOVALUE,0,Linen And Jute Manufactures — Luoifer And Vesta Matches,0
NOVALUE,0,Lace — Pillow Lace,0
NOVALUE,0,Lace — Machine Or Imitation Lace,0
NOVALUE,0,Jute — Pillow Lace,0
NOVALUE,0,"Jute — Machine Or Imitation Lace, Not Made By Hand",0
NOVALUE,0,Jute — Lace And Articles Thereof,0
NOVALUE,0,Isle Of Man,0
NOVALUE,0,Ireland,0
NOVALUE,0,Ink,0
NOVALUE,0,Implements And Tools — Unenumerated,0
NOVALUE,0,"Implements And Tools — Instruments And Apparatus ;Surgical, Anatomical, And Scientific",0
NOVALUE,0,Implements And Tools — Agricultural,0
NOVALUE,0,Implements And Tools,0
NOVALUE,0,Hair — Unenumerated,0
NOVALUE,0,Hail — Unenumerated,0
NOVALUE,0,"Glass — Haberdashery And Millinery, Including Embroidery And Needlework",0
NOVALUE,0,Glass — Brodery And Needlework,0
NOVALUE,0,General Exports,0
NOVALUE,0,"Furniture, (Household) Cabinet,And Upholstery Wares",0
NOVALUE,0,"Furniture And Hardwoods — House Frames, Fittings, And Joiners' Work",0
NOVALUE,0,"Fruit — Nuts, Principally Used As Fruit",0
NOVALUE,0,"Fish, Fresh And Cured — Unenumerated",0
NOVALUE,0,"Fish, Fresh And Cured",0
NOVALUE,0,Extracts — Of Bark And Other Vegetable Substances Used In Tanning Or Dyeing,0
NOVALUE,0,"Extracts — Farinaceous Substances, And Manufacturesthereof, Unenumerated",0
NOVALUE,0,Extracts — Farinaceous Substances And Manufactures Thereof,0
NOVALUE,0,"Extracts — Factures Thereof, Unenumerated",0
NOVALUE,0,England And Wales,0
NOVALUE,0,"Embroidery And Needlework — Farinaceous Substances And Manufactures Thereof, Unenumerated",0
NOVALUE,0,"Embroidery And Needlework — Extracts, Of Other Sorts Than Dye-Stuffs, Unenumerated",0
NOVALUE,0,"Embroidery And Needlework — Extracts Of Other Sorts, Unenumerated",0
NOVALUE,0,Earthen And China Ware — United States,0
NOVALUE,0,Earthen And China Ware — Red Pottery And Brown Stone Ware,0
NOVALUE,0,"Earthen And China Ware — Earthenware, Chinaware, Parian, And Porcelain",0
NOVALUE,0,"Earthen And China Ware — Earthenware, Chinaware, &C. (Contd)",0
NOVALUE,0,Dye Stuffs — Products Of Coal Tar,0
NOVALUE,0,Dye Stuffs — Other Sorts: Unenumerated,0
NOVALUE,0,Dye Stuffs — Extracts,0
NOVALUE,0,Dye Stuffs — Dyes Obtained From Coal Tar (Aniline),0
NOVALUE,0,"Cutch — Envoys, Unenumerated",0
NOVALUE,0,"Cotton — Drugs, Unenumerated:(Including Medicinal Preparations)",0
NOVALUE,0,Cotton Manufactures — Red Pottery And Brown Stone Ware,0
NOVALUE,0,Cotton Manufactures — Lace And Patent Net,0
NOVALUE,0,Cotton Manufactures — Hosiery Of All Sorts,0
NOVALUE,0,Cotton Manufactures — Hosiery,0
NOVALUE,0,"Cotton Manufactures — Earthenware, Chinaware, Parian, And Porcelain",0
NOVALUE,0,"Cordage, Twine, And Cable Yarn — From British East Indies",0
NOVALUE,0,"Copper — Manufactures Of, Unenumerated, Including Copper Coin",0
NOVALUE,0,"Coals, Cinders, &C — Products Of Coal, Peat, Or Shale, Includingnaphtha, Paraffine, And Oil Thereof, Andpetroleum, Pitch, And Tar",0
NOVALUE,0,"Coals, Cinders, &C — Products Of Coal, Peat, Or Shale, Including Naphtha, Paraffine, Paraffine Oil, Petroleum, Pitch, And Tar",0
NOVALUE,0,"Cheese — Chemical Products Or Preparations, Not Speciallyenumerated",0
NOVALUE,0,"Cheese — Chemical Manufactures And Products, Unenumerated",0
NOVALUE,0,"Cement — Chemical Products Or Preparations, Not Speciallyenumerated",0
NOVALUE,0,"Carriages, &C — Railway Waggons, Trucks, &C. And Parts Thereof For Ballast, Minerals, Or Merchandise",0
NOVALUE,0,"Carriages, &C — Railway Carriages For Passengers And Parts Thereof",0
NOVALUE,0,Calcitrhous Manufactures,0
NOVALUE,0,"Butter — Buttons And Strws, Not Of Metal",0
NOVALUE,0,"Butter — Buttons And Straps, Not Of Metal",0
NOVALUE,0,"Butter — Buttons And Srungs, Not Of Metal",0
NOVALUE,0,"Butter — Buttons And Snaps, Not Of Metal",0
NOVALUE,0,"Bark — Extracts Of Bark, Or Of Other Substances To Be Usedin Tanning Or Dyeing, Unenumerated",0
NOVALUE,0,Bark — Extracts Of Bark Or Other Vegetable Substancesto Be Used In Tanning Or Dyeing,0
NOVALUE,0,Bark — Extracts Of Bark Or Other Substances To Be Used In Tanning Or Dyeing,0
NOVALUE,0,Bank — Extract Of Bank Or Other Vegetable Substancesto Be Used In Tanning Or Dyeing,0
NOVALUE,0,At Certain Ports,0
NOVALUE,0,Articles Subject To Duty — Customs Duty,0
NOVALUE,0,Articles Subject To Duty,0
NOVALUE,0,"Arms, And Ammunition — Rockets And Other Combustibles For Purposesof War, Explosives, Percussion Caps, Andammunition, Unenumerated",0
NOVALUE,0,"Arms, And Ammunition — Rockets And Other Combustibles For Purposesof War And Ammunition, Unenumerated",0
NOVALUE,0,"Arms, And Ammunition — Art, Works Or, Other Than Pictures",0
NOVALUE,0,"Arms, Ammunition, And Military Stores — Parts Of Fire-Arms",0
NOVALUE,0,"Arms, Ammunition, And Military Stores — Other Fire-Arms And Parts Of Fire-Arms",0
NOVALUE,0,"Arms, Ammunition, And Military Stores — Ordnance Stores, Not Otherwise Described",0
NOVALUE,0,"Arms, Ammunition, And Military Stores — Ordnance Stores, Explosives, And Ammunition, Unenumerated",0
NOVALUE,0,"Arms, Ammunition, And Military Stores — Ordnance Stores And Ammunition, Unenumerated",0
NOVALUE,0,"Arms, Ammunition, And Military Stores — Art, Works Of, Other Than Pictures",0
NOVALUE,0,"Arms, Ammunition, And Military Stores — Ammunition, Unenumerated",0
NOVALUE,0,"Arms And Ammunition — Rockets, And Other Combustibles For Purposes Of War, Explosives, Percussion Caps, And Ammunition, Unenumerated",0
NOVALUE,0,"Arms And Ammunition — Rockets And Other Combustiblesfor The Purposes Of War, Ex-Plosives, Percussion Caps, Andammunition, Unenumerated",0
NOVALUE,0,"Arms And Ammunition — Rockets And Other Combustibles Of War, Andammunition, Unenumerated",0
NOVALUE,0,"Arms And Ammunition — Rockets And Other Combustibles Of War, &C., And Ammunition, Unenumerated",0
NOVALUE,0,Apparel And Stores,0
NOVALUE,0,Apparel And Slops,0
RESID,597485071,Wine — Total Of All Kinds,597485071
RESID,80928139,Oil,80928139
RESID,36413395,Silk — Skins,36413395
RESID,35336875,Wine — Provisions,35336875
RESID,10281377,Dye Stuffs,10281377
RESID,8581342,Tobacco — Wood,8581342
RESID,5991391,Copper,5991391
RESID,3841219,Leather Manufactures,3841219
RESID,2310410,Woollen,2310410
RESID,1704488,Oil — West Coast Of Africa (Foreign),1704488
RESID,962654,Iron — Leather Manufacturers,962654
RESID,591849,Whalefins,591849
RESID,210411,Ivory — West Africa,210411
RESID,193540,"Fish, Fresh And Cured — Oysters",193540
RESID,104638,Flax — Dressed And Endressed,104638
RESID,86489,"Arms And Ammunition — Muskets, Rifles, Carbines, Fowling-Pieces,Or Guns Of Any Other Sort, Not Enumerated,And Pistols",86489
RESID,75937,Ivory — West Coast Of Africa,75937
RESID,69191,"Fish, Fresh And Cured — Pilchards",69191
RESID,65005,"Wine — White, In Bottles : Sparkling : Saumur",65005
RESID,63721,Metals And Ores — Puddled,63721
RESID,62817,Corn And Grain — Rye Meal,62817
RESID,61025,"Tobacco — Manufactured, In Bond",61025
RESID,54558,"Woollen And Worsted Manufactures — Coatings, Duffels, &C., All Wool (Contd)",54558
RESID,52026,Beads — Unenumerated,52026
RESID,19070,"Cannon And Mortars, Mounted Or Accompanied With Carriages — Shot Of Iron",19070
RESID,18643,Flax & Hemp — Dressed And Undressed,18643
RESID,15324,Perfumery — Refined,15324
RESID,14491,Sawn — Unenumerated,14491
RESID,14379,"Glass — Plate, Rough Or Silvered (Contd)",14379
RESID,12733,Turpentine (Rough),12733
RESID,12335,Hemp — British Dressed,12335
RESID,11414,"Cannon And Mortars, Mounted Or Accompanied With Carriages — Percussion Caps",11414
RESID,11291,Wine,11291
RESID,9031,Cotton Manufactures — Cotton Predominating,9031
RESID,6911,Plumbago — From British East Indies,6911
RESID,6294,"Umbrellas And Parasols — Wine, British Made",6294
RESID,6181,Copper — Piece Goods Of Other Countries,6181
RESID,6074,Jute — From British East Indies,6074
RESID,5419,"Varnish, Containing Alcohol",5419
RESID,5334,Cotton Manufactures — To United States,5334
RESID,4651,Iron — Puddled And Puddled Bars,4651
RESID,3892,Unions,3892
RESID,3677,Tea — For The Manufacture Of Caffeine,3677
RESID,3621,Woollen And Worsted Manufactures — To British East Indies,3621
RESID,3533,Linen Waste,3533
RESID,3445,Gutta Percha — Raw · Manufactures Of,3445
RESID,3334,Metals,3334
RESID,3295,"Cannon And Mortars, Mounted Or Accompanied With Carriages — Shot Of Lead",3295
RESID,3033,Bark — Unenumerated,3033
RESID,2981,Corn And Grain — Barley Meal,2981
RESID,2376,Butyric,2376
RESID,2081,Oil — Turpentine (Rough),2081
RESID,1882,"Coffee — Coffee And Chicory, Roasted Orground, Mixed In Bond",1882
RESID,1861,Tobacco — Stalks,1861
RESID,1833,"Coffee — Coffee And Chicory, Roasted Orground, Mixed",1833
RESID,1827,"Arms, Ammunition, And Military Stores — Swords, Cutlasses, And Bayonets, And Armsof Other Sorts",1827
RESID,1447,Spirits — Manufactured : Snuff,1447
RESID,1419,"Coffee — Kiln-Dried, Roasted, Or Ground, In Bond",1419
RESID,1188,Corn And Grain — Pea Meal,1188
RESID,1146,Mafs And Charts,1146
RESID,1060,"Cards, Playing — Pickles Preserved In Vinegar",1060
RESID,951,Corn And Grain — Bean Meal,951
RESID,789,"Arms, And Ammunition — Shot Of Iron",789
RESID,770,"Arms, Ammunition, And Military Stores — Shot Of Iron",770
RESID,606,"Cheese — Chicory: Other Vegetable Matter,Applicable To The Uses Of Chicoryor Coffee",606
RESID,593,Corn And Grain — Bean Meal And Pea Meal,593
RESID,562,"Tobacco — Manufactured, Snuff",562
RESID,547,"Chicory, Raw Or Kiln-Dried — Pickles Preserved In Vinegar",547
RESID,456,"Arms, And Ammunition — Shot Of Lead",456
RESID,440,Coffee — Collodien,440
RESID,428,Corn And Grain — Bear Or Bigg,428
RESID,416,Coffee — Pickles Preserved In Vinegar,416
RESID,386,Drugs — From British Possessions In Southafrica,386
RESID,378,"Tobacco — Varnish, Containing Alcohol",378
RESID,295,"Naphtha Or Methylic Alcohol, Purified",295
RESID,265,"Arms, Ammunition, And Military Stores — Shot Of Lead",265
RESID,148,"Cheese — Imitation (Including Lard,Cheese, And All Kinds Ofartificial Cheese)",148
ANCHOR-under,0.485,"Varnished, Japanned Or Enamelled",4207314
ANCHOR-under,0.445,"Hides, Raw, And Pieces Thereof — Dry",21450168
ANCHOR-under,0.437,Butterine,2962264
ANCHOR-under,0.347,Bacon,123647765
ANCHOR-under,0.32,"Seeds — Unenumerated, For Expressing Oil Therefrom",4823286
ANCHOR-under,0.253,Wheatmeal And Flour,19235606
ANCHOR-under,0.162,"Skins, Furs, And Pelts — Sheep, Undressed",19828875
ANCHOR-under,0.115,Oil — Palm,25929457
ANCHOR-under,0.08,"Ivory — Teeth, Elephants', Sea Cow, And Sea Horse",364764
ANCHOR-under,0.06,Woollen Yarn,162387
ANCHOR-under,0.048,Furniture And Hardwoods — Unenumerated,720592
ANCHOR-under,0.031,Hides — Raw,917765
ANCHOR-under,0.002,"Flax, Dressed Or Undressed",57400776
ANCHOR-over,4.946,Wool — Other Goats' Wool Or Hair,10979859
ANCHOR-over,2.587,Saltpetre (Nitrate Of Potash),8851660
ANCHOR-over,2.408,Collodium,4517460
ANCHOR-over,1.868,"Kiln-Dried, Roasted, Or Ground",12855
ANCHOR-over,1.683,Wine — White,77056561
ANCHOR-over,1.286,"Sauces Or Condiments, Unenumerated",1324910
ANCHOR-over,1.199,"Skins, Furs, And Pelts — Goat, Undressed",11334935
ANCHOR-over,1.199,"Cured Or Salted, Unenumerated",42271072
MONO,36631940,Diamonds,36631940
MONO,10281377,Dye Stuffs,10281377
MONO,1907256,Nuts And Kernels — Turpentine,1907256
MONO,1567972,"Animals, Living — British North America",1567972
MONO,518420,Flax And Hemp — To United States Of America,518420
MONO,374660,"Fish, Fresh And Cured — Salmon",374660
MONO,244954,Rags And Other Materials For Making Paper — Sago And Sago Flour,244954
MONO,242986,Corn And Grain — Maize Or Indian Corn Meal (Including Maizena),242986
MONO,207939,Icr,207939
MONO,200776,Figs And Fig Cake,200776
MONO,193540,"Fish, Fresh And Cured — Oysters",193540
MONO,184749,Spirits — To British East Indies,184749
MONO,124262,"Ore, Unenumerated — Eastern Coast Of Africa",124262
MONO,105908,"Fish, Fresh And Cured — Dressed And Undressed",105908
MONO,104638,Flax — Dressed And Endressed,104638
MONO,84422,Fruit — Snuff : Cavendish Or Negrohead,84422
MONO,63721,Metals And Ores — Puddled,63721
MONO,62817,Corn And Grain — Rye Meal,62817
MONO,54558,"Woollen And Worsted Manufactures — Coatings, Duffels, &C., All Wool (Contd)",54558
MONO,34660,Sugar — Complete,34660
MONO,28198,Cocoa — Paste Or Chocolate,28198
MONO,27440,"Quicksilver, (Metallic) — In The Husk",27440
MONO,21789,Rags And Other Materials For Making Paper — Safflower,21789
MONO,20870,Beer And Ale — Bones (Except Whalefins) Applicable To Manufacturing Purposes,20870
MONO,15855,Hops — To United States Of America,15855
MONO,15471,Cotton Manufactures — Maize Or Indian Corn Meal (Including Maizena),15471
MONO,15324,Perfumery — Refined,15324
MONO,15027,Gold : „ Leaves Of — Ore Of. Or Ore Of Which The Greater Part In Value Is Gold,15027
MONO,14805,Manures — From British East Indies,14805
MONO,14793,"Dye Woods — Earthenware, Not Being Porcelain Or Chinaware",14793
MONO,14683,"Slates — Refined, Or Rendered By Any Process Equal Thereto : In Lumps And Loaves",14683
MONO,14491,Sawn — Unenumerated,14491
MONO,12335,Hemp — British Dressed,12335
MONO,12202,"Skins, Furs, And Pelts — Seal, Undressed",12202
MONO,11541,"Arms, Ammunition, And Military Stores — To British India",11541
MONO,10533,Cement — To United States Of America,10533
MONO,10365,"Onions — One, Unenumerated",10365
MONO,9913,Pi-Umbago,9913
MONO,8641,"Cordage, Cables, Ropes, And Twine Of Hemp, Or Like Material — To British East Indies",8641
MONO,8147,Dye Stuffs — Myrobalans,8147
MONO,7067,Petroleum — Pickles,7067
MONO,6911,Plumbago — From British East Indies,6911
MONO,6181,Copper — Piece Goods Of Other Countries,6181
MONO,5259,Linen Manufactures — To United States Of America,5259
MONO,4848,Drugs — Safflower,4848
MONO,4572,"Copper, Ore Of — Safflower",4572
MONO,3549,Beads Of All Sorts — Salted,3549
MONO,2794,Glass — To United States Of America,2794
MONO,2591,Cotton Manufactures — Piece Goods Of Mixed Materials : Cotton Predominating : To United States Of America,2591
MONO,2517,"Tobacco — Red, In Bottles : Sparkling : Other Sorts",2517
MONO,1064,Chicory — Champagne : Burgundy,1064
MONO,1056,Silk Manufactures — To Australasia,1056
MONO,476,Cork — Manufactured,476
