source,target,n_exact,n_near,n_via_aggregate_drop,years,source_has_own_t1,overlap_years,source_unit,target_unit,target_gap_years,source_gbp,target_gbp,detail
Oil — Animal,Animal,18,3,0,1872;1873;1874;1875;1876;1877;1878;1880;1881;1882;1883;1884;1885;1886;1887;1888;1889;1894;1896;1898;1899,1,,Cwt,Cwt,33,4535726,60152,1872:23111v23111;1873:24999v24999;1874:20660v20660;1875:20175v20175;1876:26914v26914;1877:51726v51726;1878:109894v109894;1880:127819v127819;1881:67893v67893;1882:67877v67877;1883:82629v82629;1884:95781v95811;1885:121498v121498;1886:113482v113482;1887:140467v140467;1888:120283v120283;1889:118415v118415;1894:54608v54608;1896:64323v64323;1898:56718v56723;1899:54364v54373
Oil — Olive,Olive,17,7,0,1873;1874;1875;1876;1877;1878;1879;1880;1881;1882;1883;1884;1885;1886;1887;1888;1889;1890;1891;1892;1893;1894;1895;1896,1,,Tun,Ton,35,24606515,1559183,1873:35121v35121;1874:22720v22720;1875:35453v35453;1876:24022v24022;1877:31271v31271;1878:20615v20615;1879:26198v26198;1880:20260v20260;1881:29864v29864;1882:23450v23450;1883:31053v31053;1884:17213v17213;1885:24209v24227;1886:20664v20661;1887:20789v20789;1888:18535v18535;1889:22882v22882;1890:20187v20187;1891:18105v18108;1892:20476v20476;1893:17197v17200;1894:26709v26711;1895:14821v14834;1896:18862v18853
"Thrown, Dyed Or Not Dyed",Silk — Thrown,16,1,0,1880;1881;1882;1883;1884;1885;1886;1887;1888;1889;1890;1891;1892;1893;1894;1895;1896,1,,Lb,Lb,23,9672480,1282589,1880:203567v203567;1881:131836v131836;1882:294207v294207;1883:292433v292433;1884:323947v323947;1885:230299v230299;1886:253215v253215;1887:453872v453872;1888:559289v559289;1889:607651v607651;1890:584286v584589;1891:581867v581867;1892:502777v502777;1893:344622v344622;1894:398266v398266;1895:460444v460444;1896:572599v572599
"Dye Stuffs, And Substances Used In Tanning — Shumach",Shumach,16,1,0,1872;1873;1875;1876;1878;1879;1880;1881;1883;1884;1885;1886;1887;1888;1889;1890;1892,0,1874,?,Ton,25,3712197,642159,1872:14614v14614;1873:13782v13782;1875:14686v14686;1876:12797v12797;1878:13923v13923;1879:12131v12131;1880:11620v11620;1881:13096v13096;1883:14876v14876;1884:11714v11704;1885:11157v11157;1886:13083v13083;1887:13038v13038;1888:12050v12050;1889:12514v12514;1890:11432v11432;1892:12286v12286
Coffee — Manufactured,Cork — Manufactured,15,2,0,1872;1873;1874;1876;1878;1879;1880;1881;1882;1883;1884;1885;1886;1887;1888;1889;1890,0,1892,?,Lb,24,12748529,476,1872:4381633v4381633;1873:5680206v5680206;1874:5810180v5810180;1876:6661203v6661203;1878:5638645v5638645;1879:4973021v4973021;1880:5303546v5303094;1881:5979467v5978257;1882:7462683v7462683;1883:6605599v6605599;1884:6642900v6642900;1885:6666547v6666547;1886:6308008v6308008;1887:6635727v6635727;1888:7316143v7316143;1889:8767249v8767249;1890:9734200v9734200
Oil — Coco-Nut,Coco Nut,15,0,0,1873;1876;1878;1879;1881;1882;1883;1886;1887;1889;1890;1891;1892;1893;1896,1,,Cwt,Cwt,32,8204058,790841,1873:266798v266798;1876:199431v199431;1878:92915v92915;1879:199991v199991;1881:248412v248412;1882:133782v133782;1883:210874v210874;1886:156775v156775;1887:180792v180792;1889:213090v213090;1890:184409v184409;1891:186469v186469;1892:164569v164569;1893:155347v155347;1896:219198v219198
Fruit — Currants,Currants,14,7,0,1876;1877;1878;1879;1880;1881;1882;1883;1884;1887;1888;1889;1890;1891;1892;1893;1894;1895;1896;1898;1899,1,,Cwt,Cwt,30,38775142,1586042,1876:1125949v1125949;1877:1349965v1349965;1878:1087266v1087266;1879:1148512v1148512;1880:820146v820146;1881:1189830v1189830;1882:1012102v1012102;1883:1026584v1026584;1884:1202844v1202844;1887:1100689v1100737;1888:1009873v1009873;1889:1173302v1173306;1890:1139914v1139939;1891:1366449v1366449;1892:1153427v1153427;1893:1233535v1233535;1894:1307403v1307403;1895:1092803v1093080;1896:986584v986657;1898:1241411v1241421;1899:1170913v1170934
Gum — Unenumerated,Of Other Sorts,14,6,2,1873;1875;1876;1877;1878;1879;1880;1881;1882;1883;1884;1885;1886;1887;1889;1890;1891;1893;1895;1896,1,,Cwt,Cwt,35,8109280,309099,1873:100048v100048;1875:73908v73908;1876:74077v74077;1877:86972v86972;1878:76152v76152;1879:82327v82327;1880:92243v92283;1881:117970v117970;1882:108231v108289;1883:117945v117945;1884:98232v98232;1885:104889v104889;1886:88317v88317;1887:101805v101835;1889:123610v123610;1890:106337v106332;1891:108566v108596;1893:128752v128722*;1895:136011v136011*;1896:170411v170411
Hats Or Bonnets — Of Straw,Straw,13,1,0,1873;1875;1876;1877;1878;1879;1880;1881;1882;1883;1884;1885;1886;1892,1,,Lb,Lb,31,2028935,1519580,1873:200258v200258;1875:464651v464651;1876:478480v478480;1877:478541v478541;1878:308101v308101;1879:284076v284076;1880:248528v248528;1881:256909v256909;1882:355369v355369;1883:366664v366664;1884:302816v302816;1885:397756v397756;1886:250581v250581;1892:392629v393001
Saltpetre (Nitrate Of Potash),Saltpetre,12,3,6,1875;1876;1877;1881;1882;1883;1884;1885;1886;1887;1888;1889;1890;1891;1892,1,,Cwt,Cwt,29,8862101,715089,1875:282550v282550;1876:260579v260579;1877:268175v268175;1881:247127v247127;1882:322024v322024;1883:285627v285647;1884:333708v333708;1885:324737v324737*;1886:270876v270876;1887:301048v301048;1888:351052v351052*;1889:331395v331390*;1890:312767v312767*;1891:278782v278782*;1892:308645v308355*
Boots And Shoes,Leather Manufactures — Boots And Shoes,12,2,0,1876;1879;1880;1881;1882;1884;1885;1886;1887;1888;1889;1890;1891;1893,1,,Dozen Pairs,Dozen Pairs,21,10967996,370147,1876:109896v109896;1879:127504v127504;1880:95487v95487;1881:86451v86451;1882:109959v109959;1884:111204v111204;1885:102782v102782;1886:103541v103541;1887:140945v140915;1888:129980v129980;1889:100195v100195;1890:99613v99613;1891:102082v102082;1893:122116v122219
Pitch,Pitch And Tar :Pitch,11,4,1,1872;1874;1875;1876;1877;1879;1880;1882;1884;1886;1886;1887;1888;1889;1890,1,,Cwt,Cwt,26,776644,18371,1872:35482v35482;1874:37701v37701;1875:35921v35921;1876:35606v35606;1877:81558v81558;1879:57188v57188;1880:63427v63430;1882:74195v74195;1884:86649v86649;1886:97969v97969*;1886:97986v97969;1887:76744v76744;1888:69065v69065;1889:100766v100796;1890:82833v82837
Leather Manufactures — Gloves,Gloves,9,13,1,1878;1879;1880;1881;1882;1884;1885;1886;1887;1888;1889;1890;1891;1892;1893;1894;1895;1896;1896;1897;1898;1899,1,,Dozen Pairs,Dozen Pairs,23,49899470,1219989,1878:1060438v1060438;1879:1062747v1062747;1880:1455765v1455765;1881:1254842v1254842;1882:1615308v1615308;1884:1495599v1495599;1885:1369538v1369538;1886:1407316v1407311;1887:1513456v1513456;1888:1470876v1470966;1889:1574461v1575242;1890:1628428v1628481;1891:1777397v1777697;1892:1842849v1843243;1893:1969849v1969922;1894:1966681v1966718;1895:2030419v2030619;1896:2213583v2213583*;1896:2213624v2213583;1897:2026236v2026516;1898:1907147v1907347;1899:1882486v1882818
Oil — Seed,Seed,9,1,0,1881;1882;1885;1887;1888;1889;1890;1892;1893;1896,1,,Ton,Ton,20,13929275,396126,1881:17102v17102;1882:14507v14507;1885:12940v12940;1887:15508v15508;1888:16257v16257;1889:17039v17039;1890:22988v22984;1892:22033v22033;1893:30164v30164;1896:33616v33616
Nuts And Kernels — Commonly Used For Expressing Oil Therefrom,For Expressing Oil Therefrom,8,2,0,1873;1877;1878;1879;1881;1885;1887;1888;1889;1894,1,,Ton,Ton,25,19508832,374505,1873:17075v17075;1877:28806v28806;1878:32557v32557;1879:34366v34366;1881:38173v38173;1885:55820v55820;1887:56774v56774;1888:62937v62932;1889:61857v61857;1894:75150v75102
"Dye Stuffs, And Substances Used In Tanning — Bark",Bark,8,2,2,1883;1884;1885;1886;1887;1888;1889;1891;1892;1893,0,1894,?,Cwt,16,2292907,753739,1883:364806v365106;1884:433106v433136;1885:356828v356828;1886:390738v390738;1887:346556v346556;1888:339691v339691;1889:456344v456344;1891:489846v489846;1892:380337v380337*;1893:318617v318617*
Oil — Seed,"Seed, Of All Kinds",8,0,0,1872;1873;1874;1875;1877;1878;1879;1881,1,,Ton,Ton,16,13929275,629654,1872:20084v20084;1873:17593v17593;1874:17803v17803;1875:19061v19061;1877:14827v14827;1878:12863v12863;1879:15865v15865;1881:17102v17102
"Drugs — Bark, Peruvian",Bark — Peruvian,7,3,0,1883;1884;1885;1886;1887;1888;1889;1890;1894;1896,1,,Cwt,Cwt,22,12443774,7063303,1883:116921v116921;1884:105791v105791;1885:128104v128104;1886:145367v145367;1887:143177v143177;1888:144880v144820;1889:129354v129357;1890:116811v116811;1894:58351v58352;1896:35291v35291
"Skins, Furs, And Pelts — Goat, Undressed","Skins And Furs — Goat, Undressed",7,3,0,1880;1881;1883;1884;1885;1886;1887;1889;1890;1891,1,,Number,Number,15,11334935,839302,1880:2540760v2541060;1881:2263542v2263542;1883:4749765v4749795;1884:4570325v4570325;1885:5688629v5691659;1886:5158176v5158176;1887:4889119v4889119;1889:6981290v6981290;1890:8888298v8888298;1891:8329105v8329105
"Meat — Salted Or Fresh, Not Otherwise Described","Meat, Salted Or Fresh",7,1,0,1873;1874;1875;1876;1877;1878;1879;1881,1,,Cwt,Cwt,14,10411046,119423,1873:79841v79841;1874:119400v119403;1875:144954v144954;1876:92556v92556;1877:130178v130178;1878:145981v145981;1879:153284v153284;1881:178256v178256
"Unenumerated, Not Sweetened Or Mixed","Unenumerated, Not Sweetened",7,0,0,1875;1877;1878;1891;1892;1893;1896,1,,Proof Gallon,Proof Gallon,31,73088906,63878,1875:2795378v2795378;1877:2455738v2455738;1878:1687195v1687195;1891:1639895v1639895;1892:1591123v1591123;1893:1727786v1727786;1896:1329500v1329500
Beer And Ale — Raw Or Kiln Dried,"Chicory, Raw Or Kiln-Dried",7,0,0,1876;1883;1884;1889;1890;1891;1892,0,1893;1894;1895;1896;1897;1898,?,Cwt,17,710751,1122333,1876:116055v116055;1883:122215v122215;1884:113210v113210;1889:119738v119738;1890:114843v114843;1891:113961v113961;1892:105199v105199
Fruit — Raisins,Raisins,6,8,0,1881;1882;1883;1884;1885;1886;1887;1889;1891;1892;1893;1894;1897;1899,1,,Cwt,Cwt,25,39405611,1033510,1881:568608v568608;1882:548911v548911;1883:588309v588309;1884:511870v511870;1885:591204v591234;1886:493673v493673;1887:653138v653138;1889:573529v573516;1891:611071v611280;1892:657713v657716;1893:524707v524746;1894:721784v721306;1897:671598v671602;1899:702772v702774
"Straw Platting, For Making Hats Or Bonnets",Straw Platting For Hats Or Bonnets,6,4,0,1886;1887;1888;1890;1891;1892;1893;1894;1895;1896,1,,Lb,Lb,11,10785553,1319747,1886:7332331v7332331;1887:11019879v11022879;1888:8121465v8121465;1890:8558542v8558542;1891:7934378v7934378;1892:8162714v8162714;1893:9127550v9127550;1894:11625242v11629352;1895:10607057v10598797;1896:11671832v11669802
"Bar, Angle, Bolt And Rod",Iron — In Bars,6,3,0,1883;1884;1887;1888;1889;1891;1892;1893;1894,1,,Ton,Ton,21,15787295,8704506,1883:122895v122895;1884:115486v115486;1887:112968v112968;1888:113175v113175;1889:111775v111779;1891:77427v77427;1892:75915v75915;1893:65819v65820;1894:63241v63247
Glucose (Solid Or Liquid),Sugar — Glucose,6,2,0,1875;1876;1879;1882;1883;1884;1886;1887,1,1877;1878;1880;1881;1893;1894;1896,Cwt,Cwt,17,20953781,4223573,1875:237997v237997;1876:221495v221495;1879:317763v317763;1882:423583v423583;1883:403404v403404;1884:437145v437419;1886:502503v502567;1887:536707v536707
Kowrie,Gum : Kowrie,6,2,3,1882;1883;1883;1884;1889;1890;1891;1892,1,,Cwt,Cwt,9,9001187,213040,1882:39621v39621*;1883:70250v70289*;1883:70272v70289;1884:62378v62378*;1889:59882v59882;1890:55076v55076;1891:72686v72686;1892:61569v61569
Drugs — Opium,Opium,6,2,0,1883;1884;1885;1886;1887;1888;1889;1892,1,,Lb,Lb,27,5975386,3169329,1883:774069v774069;1884:490675v490675;1885:710099v710099;1886:521124v521124;1887:654072v654122;1888:587374v587365;1889:492115v492115;1892:539210v539210
"Rags, And Other Materials For Making Paper — Rags, Woollen, Applicable To Other Uses Than Manure","Rags, Woollen, Applicable To Other Uses Than Manure, Torn Up Or Not",6,0,0,1886;1887;1888;1889;1891;1895,1,,Ton,Ton,10,4130429,10544268,1886:30526v30526;1887:31670v31670;1888:31643v31643;1889:31335v31335;1891:37037v37037;1895:37616v37616
Lard — Imitation Lard (Including All Kinds Of Artificial Or Imitation Lard),Imitation Lard,6,0,0,1893;1894;1895;1896;1898;1899,0,,?,Cwt,8,1042450,170090,1893:83754v83754;1894:47974v47974;1895:48444v48444;1896:39663v39663;1898:84454v84454;1899:78281v78281
Iron — Ore Of (Including Chrome),Iron — Ore Of,5,2,0,1876;1877;1878;1879;1880;1881;1896,1,,Ton,Ton,9,30615633,34634503,1876:672235v672235;1877:1142308v1142308;1878:1173411v1173411;1879:1085045v1085045;1880:2632561v2632601;1881:2450698v2450698;1896:5442386v5438307
Almonds,Fruit — Almonds,5,2,0,1877;1878;1879;1880;1881;1886;1888,1,1894;1895;1896;1897;1898,Cwt,Cwt,13,6768178,3959759,1877:60547v60547;1878:58360v58360;1879:46319v46319;1880:86763v86763;1881:76604v76634;1886:78015v78015;1888:81353v81403
Almonds,Fruit — Almonds Of All Kinds,5,1,0,1872;1876;1877;1878;1879;1880,1,,Cwt,Cwt,15,6768178,244078,1872:70210v70270;1876:77196v77196;1877:60547v60547;1878:58360v58360;1879:46319v46319;1880:86763v86763
Cork — Unmanufactured,Unmanufactured,5,1,0,1879;1881;1883;1884;1885;1886,1,,Ton,Ton,11,5178257,2501526,1879:6461v6461;1881:7941v7941;1883:11776v11779;1884:11406v11406;1885:12601v12601;1886:11676v11676
Gum — Arabic,Arabic,5,1,0,1873;1875;1877;1878;1879;1880,1,,Cwt,Cwt,17,4926901,200083,1873:64378v64378;1875:56856v56856;1877:54014v54014;1878:59147v59147;1879:88957v88957;1880:75367v75397
"Madder, Madder Root, Garancine, And Munjeet","Dyeing Or Tanning Stuffs — Madder, Madder Root, Garanoine, And Munjeet",5,1,0,1884;1886;1887;1888;1890;1892,1,,Cwt,Cwt,10,3638655,21395,1884:23208v23208;1886:21395v21395;1887:19347v19347;1888:14204v14204;1890:11373v11378;1892:6891v6891
Boots And Shoes,Leather Manufactures,5,0,0,1887;1888;1889;1890;1891,1,,Dozen Pairs,Dozen Pairs,5,10967996,3841219,1887:140945v140945;1888:129980v129980;1889:100195v100195;1890:99613v99613;1891:102082v102082
"Dye Stuffs, And Substances Used In Tanning — Shumach",Sumach,5,0,0,1889;1890;1891;1892;1894,0,,?,Ton,11,3712197,255606,1889:12514v12514;1890:11432v11432;1891:11648v11648;1892:12286v12286;1894:12616v12616
Beer And Ale — Mum And Spruce,"Beer And Ale :Mun, Spruce Or Black }Beer, Berlin White Beer, }And Other Similar Pre- }Parations",5,0,0,1893;1894;1895;1896;1897,0,,?,Barrels Of Gallons,5,140163,0,1893:1522v1522;1894:1531v1531;1895:1559v1559;1896:1568v1568;1897:1518v1518
Beer And Ale — Mum And Spruce,"Beer And Ale : Mum, Spruce Or Black } Barrels Of 36 Gallons",5,0,0,1894;1896;1897;1898;1899,0,,?,Cwt,6,140163,0,1894:1531v1531;1896:1568v1568;1897:1518v1518;1898:1367v1367;1899:1492v1492
Cotton — Raw,Raw,4,3,0,1882;1884;1885;1886;1887;1888;1889,1,,Cwt,Lb,31,1270928688,4727126,1882:15929664v15929564;1884:15617582v15617582;1885:12730503v12730503;1886:15310079v15312900;1887:15994976v15994976;1888:15462099v15462099;1889:17298830v17298770
Seeds — Rape,Rape,4,2,4,1892;1893;1894;1896;1897;1899,1,,Quarter,Quarter,12,23137134,307348,1892:244017v244017;1893:252560v252560;1894:299046v299016*;1896:179730v179730*;1897:185333v185232*;1899:207648v207648*
Wood And Timber — Mahogany,Wood And Timber — Furniture Hardwoods And Veneers : Mahogany,4,2,0,1872;1873;1874;1882;1883;1884,1,1877;1878;1880;1881,Ton,Ton,12,21182198,3520530,1872:33920v33920;1873:53330v53330;1874:64644v64674;1882:36478v36478;1883:50138v50158;1884:62836v62836
"Hair — Cow, Ox, Bull, Or Elk","Cow, Ox, Bull, Or Elk",4,2,0,1873;1877;1879;1880;1881;1897,1,,Cwt,?,18,3557884,218396,1873:66042v66042;1877:61044v61044;1879:51437v51427;1880:85122v85122;1881:62319v62319;1897:74272v74247
Quicksilver (Metallic),Quicksilver,4,2,0,1872;1875;1876;1877;1878;1879,0,,?,Lb,15,3268235,8051095,1872:2734804v2734094;1875:3195786v3195786;1876:2843918v2843918;1877:3593961v3593961;1878:3232618v3232618;1879:3972330v3972630
Hats Or Bonnets — Of Felt,Of Felt,4,2,0,1893;1894;1895;1896;1897;1898,1,,Number,Number,7,2346884,96210,1893:451690v451699;1894:438973v438973;1895:523119v523119;1896:518612v518612;1897:569588v569588;1898:547979v548081
"Beef — Books, Bound Or Unbound, Including Maps And Charts",Books,4,2,0,1888;1889;1891;1893;1894;1895,0,,?,Cwt,16,1572844,1715939,1888:30350v30350;1889:33310v33310;1891:33052v33052;1893:32526v32529;1894:41414v41409;1895:47095v47095
"Bar, Angle, Bolt And Rod","Unwrought, Part Wrought, And Old",4,1,0,1887;1888;1889;1890;1891,1,,Ton,Ton,7,15787295,0,1887:112968v112968;1888:113175v113175;1889:111775v111779;1890:92899v92899;1891:77427v77427
"Flowers, Artificial — Raw, Not Otherwise Described",Fruit — Unenumerated : Raw,4,1,0,1872;1876;1877;1878;1879,0,,?,Bushel,12,9217789,17917393,1872:1691694v1691703;1876:2372779v2372779;1877:3053724v3053724;1878:3938271v3938271;1879:4219951v4219951
"Dye Stuffs, And Substances Used In Tanning — Shumach",Shumash,4,1,0,1886;1887;1888;1889;1890,0,,?,Ton,5,3712197,0,1886:13083v13088;1887:13038v13038;1888:12050v12050;1889:12514v12514;1890:11432v11432
Cherries — Raw,Cherries,4,1,0,1894;1895;1896;1897;1899,1,,Bushel,Bushel,7,2560640,166859,1894:311215v311215;1895:195602v195632;1896:219367v219367;1897:312294v312294;1899:281236v281236
Spices — Ginger,Ginger,4,1,0,1892;1893;1894;1895;1896,1,,Cwt,Cwt,9,2293290,175435,1892:34411v34411;1893:61732v61732;1894:85464v85464;1895:88230v88260;1896:96217v96217
"Fruit — Plums, Dried Or Preserved",Dried Or Preserved,4,1,0,1894;1895;1896;1898;1899,0,,?,Cwt,7,527076,12749,1894:18904v18904;1895:21653v21652;1896:26197v26197;1898:40133v40133;1899:62000v62000
Silk — Raw,Raw,4,0,0,1890;1892;1893;1894,1,,Lb,Lb,31,127642923,4727126,1890:1961281v1961281;1892:1503283v1503283;1893:2272929v2272929;1894:1436631v1436631
Seeds — Rape,Hemp,4,0,1,1891;1892;1893;1894,1,,Quarter,Quarter,5,23137134,8037192,1891:261169v261169;1892:244017v244017;1893:252560v252560;1894:299046v299046*
Dye Woods — Logwood,Logwood,4,0,0,1886;1888;1889;1893,1,,Ton,Ton,17,21269545,363083,1886:55598v55598;1888:62306v62306;1889:73772v73772;1893:52300v52300
"Tin — In Blocks, Ingots, Bars, Or Slabs, And Regulus","Tin — In Blocks, Ingots, Bars, Or Slabs",4,0,0,1877;1878;1879;1880,1,1881,Cwt,Cwt,9,11484436,41132729,1877:275252v275252;1878:332885v332885;1879:335266v335266;1880:389967v389967
"Wool — Alpaca, Vicuña, And Llama","Wool — Alpaca, Vlonna, And Llama",4,0,0,1886;1887;1888;1889,1,,Lb,?,5,7819550,0,1886:3926774v3926774;1887:4743757v4743757;1888:4324290v4324290;1889:4891570v4891570
"Dye Stuffs, And Substances Used In Tanning — Shumach",Dyeing Or Tanning Stuffs — Shunach,4,0,0,1879;1880;1881;1883,0,,?,Ton,5,3712197,15054,1879:12131v12131;1880:11620v11620;1881:13096v13096;1883:14876v14876
"Madder, Madder Root, Garancine, And Munjeet","Madder, Madder Root, Garnoine, And Munjeet",4,0,0,1887;1888;1889;1892,1,,Cwt,Cwt,9,3638655,0,1887:19347v19347;1888:14204v14204;1889:14236v14236;1892:6891v6891
Tares And Lentils,Seeds — Tares And Lexills,4,0,0,1876;1877;1879;1880,1,,Bushel,Bushel,5,3625832,0,1876:455789v455789;1877:671362v671362;1879:321172v321172;1880:312866v312866
"Books, Bound Or Unbound, Including Maps And Charts",Books,4,0,0,1885;1890;1892;1895,0,1882;1883;1884;1886;1887,?,Cwt,16,3105387,1715939,1885:22309v22309;1890:32268v32268;1892:29522v29522;1895:47095v47095
"Bark — For Tanners' Or Dyers' Use, Unenumerated",Bark — For Tanners' Or Dyers' Use,4,0,0,1872;1873;1874;1875,0,,?,?,14,741496,1331193,1872:476323v476323;1873:467515v467515;1874:324703v324703;1875:471900v471900
Whalefins,Whalebone (Whalefins),4,0,0,1878;1879;1880;1881,1,,Cwt,Cwt,4,591849,1765707,1878:1468v1468;1879:2145v2145;1880:2145v2145;1881:2103v2103
Cotton Manufactures — Muslins,"Manufactures, Piece Goods, Muslins",4,0,0,1893;1894;1895;1896,0,,?,Yard,8,251507,7650,1893:379769v379769;1894:464260v464260;1895:554470v554470;1896:526603v526603
Beer And Ale — Mum And Spruce,"Beer And Ale: Mum, Spruce Or Black } Beer, Berlin White Beer, And Other Similar Preparations",4,0,0,1896;1897;1898;1899,0,,?,Barrels Of Gallons,6,140163,10065,1896:1568v1568;1897:1518v1518;1898:1367v1367;1899:1492v1492
Fruit — Transparent In The Manufacture Of Which Spirit Has Been Used,"Soup, Transparent, In The Manufacture Of Which Spirit } Has Been Used",4,0,0,1894;1895;1896;1898,0,,?,Lb,6,3446,0,1894:14719v14719;1895:13842v13842;1896:14595v14595;1898:12164v12164
"Skins, Furs, And Pelts — Sheep, Undressed","Skins — Sheep And Lamb, Undressed",3,6,3,1883;1884;1885;1887;1888;1889;1891;1892;1893,1,,Number,Number,17,18458529,7696671,1883:8140131v8145431;1884:8001312v8001312;1885:8525672v8525662;1887:8968947v8968897;1888:8926077v8926077;1889:11302232v11302380;1891:13041500v13041530*;1892:12381713v12382213*;1893:14362907v14362907*
"Flax — Unenumerated, Raw","Unenumerated, Viz. : Raw",3,5,4,1893;1894;1894;1895;1895;1896;1896;1897,0,,?,Bushel,8,2780217,447979,1893:1079764v1079794*;1894:1300518v1300518*;1894:1301510v1300518;1895:1249563v1249563*;1895:1250415v1249563;1896:1427105v1427105*;1896:1428329v1427105;1897:1724816v1725116
"Flax — Unenumerated, Raw",Unenumerated — Raw,3,4,4,1893;1894;1894;1895;1895;1896;1896,0,,?,Bushel,10,2780217,513261,1893:1079764v1079794*;1894:1300518v1300518*;1894:1301510v1300518;1895:1249563v1249563*;1895:1250415v1249563;1896:1427105v1427105*;1896:1428329v1427105
Fruit — Figs And Fig Cake,Figs And Fig Cake,3,3,0,1892;1894;1895;1896;1898;1899,1,,Cwt,Cwt,9,3536988,200776,1892:151765v151765;1894:164030v164036;1895:138737v138737;1896:143339v143339;1898:99938v100009;1899:143491v143559
"Animals Living — Horses, Mares, Geldings, Colts, And Foals","Animals, Living — Horses",3,3,1,1883;1884;1885;1886;1886;1887,0,,?,Number,15,1049026,6454541,1883:10409v10409;1884:12926v12929;1885:13020v13023;1886:11026v11026*;1886:11027v11026;1887:11641v11641
Pork — Salted,Meat (Except Poultry And Game) — Salted,3,2,1,1896;1896;1897;1898;1899,0,,?,Cwt,5,11475961,0,1896:247536v247536*;1896:247586v247536;1897:174936v174936;1898:208966v208945;1899:178183v178183
Manures — Phosphate Of Lime And Rock,Manures — Phosphate Of Lime And Rook,3,2,0,1886;1887;1888;1889;1890,1,,Ton,?,5,10753601,611088,1886:223113v223111;1887:283415v283415;1888:257886v257886;1889:304963v304953;1890:343501v343501
Oil — Olive,Nuts And Kernels — Olive,3,1,0,1883;1884;1885;1886,1,1893;1894;1895;1896,Tun,Tun,5,24606515,3037841,1883:31053v31053;1884:17213v17213;1885:24209v24227;1886:20664v20664
Onions — Raw,Olives — Raw,3,1,0,1890;1891;1892;1894,1,,Bushel,Bushel,5,15346577,0,1890:3870795v3871195;1891:4281046v4281046;1892:4420276v4420276;1894:5288512v5288512
"Oil — Chemical, Essential, Or Perfumed","Chemical, Essential, Or Perfumed",3,1,1,1884;1894;1895;1896,1,,Lb,Cwt,7,12616462,0,1884:794443v795043;1894:1456180v1456180;1895:1689221v1689221*;1896:2038324v2038324
Manures — Phosphate Of Lime And Rock,Phosphate Of Lime And Rock,3,1,0,1886;1890;1891;1892,1,1894;1895;1896;1897;1898,Ton,Ton,9,10753601,5375181,1886:223113v223111;1890:343501v343501;1891:256772v256772;1892:314130v314130
"Seeds — Unenumerated, For Expressing Oil Therefrom","Unenumerated, For Expressing Oil Therefrom",3,1,1,1883;1884;1891;1895,1,,Quarter,Bushel,12,7265593,164083,1883:102426v102426;1884:152817v152817;1891:94421v94426;1895:97544v97544*
Rags And Other Materials For Making Paper — Linen And Cotton,Paper-Making Materials — Linen And Cotton Rags,3,1,0,1889;1890;1891;1892,1,,Ton,Ton,8,6627064,809585,1889:42443v42443;1890:34889v34889;1891:32821v32824;1892:23032v23032
"Cocoa Or Chocolate, In The Manufacture Of Which Spirit Has Been Used",In The Manufacture Of Which Spirit Has Been Used,3,1,0,1896;1897;1898;1899,1,,Lb,?,7,5160404,7236,1896:51603v51603;1897:75233v75233;1898:99196v99196;1899:109704v109754
"Dye Stuffs, And Substances Used In Tanning — Myrobalans",Myrobalans,3,1,4,1888;1889;1891;1892,0,,?,Cwt,13,3929118,179007,1888:454119v454114*;1889:645408v645408*;1891:516107v516107*;1892:645937v645937*
"Manufactures Of Iron And Steel — Methylic Alcohol, Not Purified So As To Be Potable","Methylic Alcohol, Not Purified So As To Be Potable",3,1,0,1894;1896;1897;1898,1,,Gallon,Ton,7,145022,699130,1894:178352v178352;1896:228929v228939;1897:210951v210951;1898:263947v263947
"Cotton Manufactures — Piece Goods, Muslins","Manufactures, Piece Goods, Muslins",3,1,0,1893;1894;1895;1897,0,,?,Yard,8,57640,7650,1893:379769v379769;1894:464260v464260;1895:554470v554470;1897:465819v465570
Metal — Wrought Or Manufactured,"Iron And Steel, Wrought Or Manufactured - Cuts",3,0,0,1872;1873;1874,1,,Cwt,Ton,5,12834643,0,1872:781966v781966;1873:614358v614358;1874:1054019v1054019
Paraffine,Paraffine And Paraffine Wax,3,0,0,1897;1898;1899,1,,Cwt,Cwt,5,12402185,711050,1897:774161v774161;1898:946933v946933;1899:1077003v1077003
Oil — Coco-Nut,Nuts And Kernels — Coco-Nut,3,0,0,1883;1886;1887,1,1893;1894;1895;1896,Cwt,Cwt,5,8204058,15011461,1883:210874v210874;1886:156775v156775;1887:180792v180792
Bark — Peruvian,"Drugs — Bark, Peruvian",3,0,0,1878;1879;1881,1,,Cwt,Cwt,4,7063303,12443774,1878:53886v53886;1879:60681v60681;1881:125358v125358
Apples — Raw,"Fruit — Apples, Raw",3,0,0,1888;1890;1891,1,1886,Bushel,Bushel,4,6709080,10945059,1888:3796592v3796592;1890:2574957v2574957;1891:3147373v3147373
"Metal — Unenumerated, Unwrought",Unenumerated — Unwrought,3,0,1,1893;1897;1898,1,,Ton,Ton,7,3079965,129714,1893:2764v2764*;1897:6762v6762;1898:5328v5328
Galls,Gals,3,0,0,1876;1877;1878,1,,Cwt,Cwt,5,2665452,59815,1876:25884v25884;1877:26425v26425;1878:31478v31478
"Cotton — Unenumerated, Other Sorts",Seeds — Of Other Sorts,3,0,0,1878;1880;1896,0,,?,Value,30,2560024,251765,1878:347232v347232;1880:304596v304596;1896:478135v478135
"Straw — Straw Platting, For Making Hatsor Bonnets",Straw Platting For Hats Or Bonnets,3,0,0,1892;1895;1896,0,,?,Lb,11,2246045,1319747,1892:8162714v8162714;1895:10598797v10598797;1896:11669802v11669802
"Hemp — Unenumerated Vegetable Substances, Applicable To The Same Uses As Flax Or Hemp",Unenumerated Vegetable Substances Applic-Able To The Same Uses As Hemp Or Flax - },3,0,2,1893;1894;1896,1,,Ton,Ton,5,1355538,0,1893:4963v4963*;1894:6900v6900*;1896:6444v6444
Bark — Sumach,Sumach,3,0,0,1889;1895;1896,0,1893,?,Ton,11,710530,255606,1889:12514v12514;1895:15618v15618;1896:15172v15172
Fruit — Plums (French) And Prunelles,"Plums, French, And Pruneloes",3,0,0,1894;1897;1899,0,1895;1896,?,Cwt,4,554391,619064,1894:36866v36866;1897:12336v12336;1899:17098v17098
Feathers And Down — For Beds,Feathers — For Beds,3,0,0,1891;1892;1893,1,,Cwt,Cwt,14,356314,1875738,1891:35601v35601;1892:38115v38115;1893:25373v25373
"Nuts And Kernels — Fish, Sperm Or Head-Matter",Sperm,3,0,1,1897;1898;1899,0,,?,Ton,8,234451,27935,1897:451v451;1898:837v837*;1899:467v467
"Coal, Culm, And Cinders","Coals, Cinders, &C — Coals And Culm",3,0,3,1894;1897;1898,0,1895;1896,?,Ton,4,193020,37480356,1894:10313v10313*;1897:9454v9454*;1898:11015v11015*
"Cheese — Imitation Cheese (Including Lard Cheese, And All Kinds Of Artificial Or Imitation Cheese)",Margarine Cheese,3,0,0,1897;1898;1899,0,,?,?,5,88249,718,1897:11885v11885;1898:10165v10165;1899:5731v5731
"Cheese — Imitation Cheese (Including Lard Cheese, And All Kinds Of Artificial Or Imitation Cheese)",Imitation Cheese,3,0,0,1897;1898;1899,0,,?,Cwt,6,88249,148,1897:11885v11885;1898:10165v10165;1899:5731v5731
"Coffee And Chicory, Mixed","Chicory And Coffee, Roasted Or Ground Mixed",3,0,0,1893;1895;1896,0,,?,Lb,7,57981,549,1893:31306v31306;1895:25220v25220;1896:21541v21541
"Soap, Transparent, In The Manufacture Of Which Spirit Has Been Used","Soup, Transparent, In The Manufacture Of Which Spirit } Has Been Used",3,0,0,1893;1894;1895,1,,Lb,Lb,6,30546,0,1893:18169v18169;1894:14719v14719;1895:13842v13842
Fruit — Transparent In The Manufacture Of Which Spirit Has Been Used,"Soap, Transparent, In The Manufacture Of Which Spirit Has Been Used",3,0,0,1896;1897;1898,0,1894;1895,?,Lb,5,3446,30546,1896:14595v14595;1897:13397v13397;1898:12164v12164
"Copper — Manufactures Of, Unenumerated, Including Copper Coin","Manufactures, Unenumerated",3,0,0,1877;1880;1884,0,,?,Value,24,0,86211,1877:16690v16690;1880:94296v94296;1884:59252v59252
Tobacco — Unmanufactured,Tobacco — Raw,2,6,0,1872;1874;1875;1876;1877;1878;1879;1881,1,,Lb,Lb,16,68464531,1743287,1872:45549700v45549700;1874:76155285v76175215;1875:48944559v48943559;1876:76814974v76814974;1877:74362308v74362318;1878:89249993v89250023;1879:38829220v38861220;1881:48195897v48195597
Fruit — Rum,Rum,2,5,4,1895;1896;1896;1897;1897;1898;1899,0,,?,Proof Gallon,12,2027406,344446,1895:5655913v5656268*;1896:5347580v5347580*;1896:5347662v5347580;1897:4918599v4918673*;1897:4918632v4918673;1898:5469092v5469092*;1899:5577012v5577678
"Copper — Unwrought, In Bars, Blocks Or Slabs, Cakes Or Ingots","Unwrought, In Bars, Blocks, Slabs, Cakes, Or Ingots",2,3,5,1894;1895;1897;1898;1899,0,,?,Ton,8,44387366,1703535,1894:55298v55298*;1895:42057v42031*;1897:60609v60608*;1898:68308v68347*;1899:59048v59048*
"Fruit — Apples, Raw",Apples — Raw,2,3,4,1883;1893;1894;1895;1896,1,1886,Bushel,Bushel,17,10945059,6709080,1883:2251925v2251925;1893:3459984v3459984*;1894:4968649v4968669*;1895:3294575v3292262*;1896:6178813v6176956*
Caoutchouc — Manufactures Of,"Animals, Living — Manufactures Of",2,3,0,1883;1884;1885;1886;1887,1,,Lb,Lb,6,10361298,0,1883:2073374v2073374;1884:2612738v2612740;1885:3139332v3139632;1886:2681210v2681210;1887:2814890v2816653
"Tin — In Blocks, Ingots, Bars, Or Slabs","In Blocks, Ingots, Bars, Or Slabs",2,2,1,1893;1894;1895;1896,1,,Cwt,Cwt,8,41132729,2743814,1893:671162v671162;1894:782945v782951;1895:831998v832028;1896:767495v767495*
Pork — Salted,Beef — Salted,2,2,1,1892;1892;1898;1899,0,1893;1894;1895;1896;1897,?,Cwt,3,11475961,16153,1892:275394v275394*;1892:275397v275394;1898:208966v208945;1899:178183v178183
"Manufactures Of Iron Or Steel — Girders, Beams And Pillars","Manufactures Of Iron And Steel — Girders, Beams, Joists And Pillars",2,2,0,1896;1897;1898;1899,1,,Ton,Ton,5,9351443,467385,1896:75217v75197;1897:75910v75910;1898:103439v103439;1899:95407v95476
"Pictures And Drawings, By Hand",Paper And Pasteboard,2,2,0,1887;1888;1890;1891,1,,Number,Number,5,6221886,0,1887:44852v44855;1888:38230v38230;1890:49636v49636;1891:46273v46303
Zinc — Articles Imported By Parcel Post,Parcel Post (Goods Free Of Duty) - Number Of Parcels,2,2,2,1893;1894;1895;1896,0,,?,Cwt,9,5135099,559928,1893:502454v502364;1894:559898v559928;1895:654322v654322*;1896:727033v727033*
Beer And Ale — Of Other Sorts,"Beer, Berlin White Beer, And Other Similar Preparations",2,2,0,1894;1895;1896;1897,0,,?,Cwt,5,1605219,0,1894:41587v41590;1895:42840v42840;1896:43612v43612;1897:44629v44659
"Brass, Bronze, And Metal Bronzed Or Lacquered, Manufactures Of, Not Otherwise Enumerated","Brass, Bronze, And Metal Bronzed Or Lacquered, }Manufactures Of",2,2,0,1895;1896;1897;1898,0,,?,Cwt,8,996198,170981,1895:32221v32221;1896:40850v40850;1897:42878v42908;1898:46395v46404
Woollen Manufactures — Stuffs,Stuffs,2,1,0,1894;1895;1896,1,,Yard,Yard,5,81404071,5111544,1894:75454965v75458938;1895:90135913v90135913;1896:81912246v81912246
Wood And Timber — Staves,Slates,2,1,0,1893;1894;1895,1,,Load,Load,7,15404033,11237210,1893:131708v131708;1894:132135v132145;1895:144751v144751
Spirits — Rum,Rum,2,1,2,1892;1893;1894,1,,Proof Gallon,Proof Gallon,12,15066488,344446,1892:6774993v6780993;1893:5885069v5885069*;1894:6092063v6092063*
Spices — Pepper,Pepper,2,1,1,1893;1895;1896,1,,Lb,Lb,12,13745201,301942,1893:31571418v31562418;1895:26710660v26710660*;1896:26113001v26113001
Confectionery,Confectionery (Not Containing Any Article Liable To Duty) Ccts,2,1,0,1893;1894;1895,1,,Cwt,Gallon,3,7901877,0,1893:45836v45836;1894:53101v53105;1895:50526v50526
"Wood And Timber — Hewn, Unenumerated",Wood And Timber — Unenumerated,2,1,0,1895;1897;1898,0,1875;1876;1878;1879;1880;1881;1884;1887;1890;1891;1896,?,Load,6,5925208,9295072,1895:84581v84581;1897:88005v87974;1898:81256v81256
"Cured, Sardines",Fresh (Not Of British Taking) — Cured Or Salted; Sardines,2,1,0,1896;1897;1898,1,,Cwt,Cwt,5,5332149,518855,1896:175693v175723;1897:197747v197747;1898:239273v239273
"Hair — Cow, Ox, Bull, Or Elk","Gow, Ox, Bull, Or Elk",2,1,0,1873;1876;1877,1,,Cwt,?,5,3557884,0,1873:66042v66042;1876:44702v44725;1877:61044v61044
"Woollen Yarn — For Fancy Purposes, Including Berlin Wool And Zephyr Yarn","Woollen Yarn, For Fancy Purposes, Including Berlin } Lbs",2,1,0,1895;1897;1898,1,,Lb,?,5,1978757,0,1895:1220214v1221104;1897:1129496v1129496;1898:1037840v1037840
"Quicksilver, (Metallic) — Woollen: Applicable To Other Uses Than Manure, Torn Up Or Not","Rags, And Other Materials For Making Paper — Rags, Woollen, Applicable To Other Uses Than Manure",2,1,0,1873;1874;1875,0,,?,Ton,12,1615335,4130429,1873:24827v24827;1874:25561v25581;1875:25415v25415
Beer And Ale — Of Other Sorts,"Beer, Berlin White Beer, And Other Similar Pre- }",2,1,0,1895;1896;1897,0,,?,Cwt,5,1605219,0,1895:42840v42840;1896:43612v43612;1897:44629v44659
Spices — Ginger (Raw),Spices — Ginger,2,1,0,1879;1880;1881,1,,Cwt,Cwt,4,1160577,2293290,1879:61840v61840;1880:49961v49962;1881:27310v27310
"Perfumery, And Articles Used In The Manufacture Thereof, Except Perfumed Spirits","Perfumery, And Articles Used In The Manufacture Thereof",2,1,0,1894;1895;1897,1,,Lb,Lb,5,1024063,1414281,1894:1642163v1643063;1895:1751564v1751564;1897:1097120v1097120
"Iron — Old Broken, And Old Cast Iron And Steel","Old Broken, And Old Broken Steel",2,1,1,1893;1895;1896,0,,?,Ton,7,741908,34554,1893:13961v13962*;1895:15715v15715;1896:15333v15333
"Potatoes — Poultry And Game (Alive Or Dead),Including Rabbits",Poultry And Game (Including Rabbits),2,1,0,1874;1884;1885,0,,?,Value,20,0,155826,1874:270264v270264;1884:670609v670609;1885:655347v655397
Extracts — Farinaceous Substances And Manufactures Thereof,Other Farinaceous Substances,2,1,0,1875;1876;1878,0,,?,Value,27,0,267381,1875:484230v484230;1876:474622v474652;1878:558306v558306
"Zinc — Crude, In Cakes","Zinc : Oxide, In Cakes",2,0,0,1890;1891,1,,Ton,Ton,5,29089108,0,1890:56205v56205;1891:58513v58513
"Silk — Knubs Or Husks Of Silk, And Waste","Knobs Or Husks Of Silk, And Waste",2,0,0,1890;1892,1,,Cwt,Lb,4,25199705,0,1890:70634v70634;1892:46392v46392
Seeds — Clover And Grass,Clover And Grass,2,0,0,1892;1894,1,,Cwt,?,4,19794910,855524,1892:297321v297321;1894:345118v345118
Manures — Guano,Guanö,2,0,0,1874;1875,1,,Ton,Ton,2,18126315,0,1874:112429v112429;1875:114454v114454
Pork — Salted (Not Hams),Meat (Except Poultry And Game) — Salted (Other Than Bacon And Hams),2,0,0,1896;1898,1,,Cwt,Cwt,5,13961638,0,1896:255339v255339;1898:275993v275993
Oil — Seed,Nuts And Kernels — Seed,2,0,0,1885;1887,1,1893;1894;1895;1896,Ton,Ton,5,13929275,6703371,1885:12940v12940;1887:15508v15508
Metal — Wrought Or Manufactured,Iron And Steel — Manufactures Of Iron And Steel,2,0,0,1876;1878,1,,Cwt,Cwt,11,12834643,2533015,1876:1390225v1390225;1878:2109885v2109885
Oil — Coco-Nut,Cocoa Nut,2,0,0,1873;1876,1,,Cwt,Cwt,8,8204058,1104442,1873:266798v266798;1876:199431v199431
"Yeast, Dried",Yeast,2,0,0,1885;1886,1,,Cwt,Cwt,3,8155790,7335383,1885:293238v293238;1886:296682v296682
"Fruit — Unenumerated, Dried",Dried,2,0,0,1893;1894,0,,?,Cwt,9,7356237,240962,1893:258082v258082;1894:386313v386313
"Flowers, Artificial — Unenumerated, Raw",Fruit — Unenumerated : Raw,2,0,0,1880;1881,0,,?,Bushel,12,4337060,17917393,1880:5133432v5133432;1881:4045691v4045691
"Rags, And Other Materials For Making Paper — Rags, Woollen, Applicable To Other Uses Than Manure","Rugs, Woollen, Applicable To Other Uses Than Manure",2,0,0,1889;1891,1,,Ton,Ton,5,4130429,0,1889:31335v31335;1891:37037v37037
Horns And Hoofs,Horns And Hoofs Of Cattle,2,0,0,1880;1881,1,1872;1873;1874;1875;1876;1877,Ton,Ton,8,3709447,2316666,1880:5763v5763;1881:4948v4948
Gold — Leaves Of,Metals And Ores — Leaves Of,2,0,0,1898;1899,1,1896;1897,Number,Number,3,3537302,285,1898:63632700v63632700;1899:49108570v49108570
Wood And Timber — Furniture Hardwoods And Veneers : Mahogany,Wood And Timber — Mahogany,2,0,0,1886;1887,1,1877;1878;1880;1881,Ton,Ton,9,3520530,21182198,1886:48732v48732;1887:37650v37650
Rabbits,Rabbits (Dead),2,0,0,1892;1893,1,1895;1896,Cwt,Cwt,4,3508692,3335014,1892:107630v107630;1893:103823v103823
Gutta Percha — Raw,Gutta Percha,2,0,0,1877;1881,1,1872;1874;1875;1876;1878;1879;1880,Cwt,Cwt,3,3478078,13473083,1877:26068v26068;1881:68445v68445
"Books, Bound Or Unbound, Including Maps And Charts","Books, Bound And Unbound, Including Maps And Charts Cts",2,0,0,1895;1899,0,,?,Ton,5,3105387,0,1895:47095v47095;1899:43448v43448
"Stones, Marble, And Slate — (Other Than Works Of Art)","Stones, Marble, And Slate : Rough, Hewn Or Manufactured : (Other Than Works Of Art)",2,0,0,1889;1893,0,1890;1891,?,Ton,6,2993059,8639675,1889:399122v399122;1893:546219v546219
Fruit — Brandy,Brandy,2,0,2,1895;1896,0,,?,Proof Gallon,10,2469378,1261800,1895:2603646v2603646*;1896:2749624v2749624*
"Horns, Tips And Pieces Of Horns And Hoofs — Manufactures Of Iron Or Steel: Girders, Beams, And Pillars","Manufactures Of Iron And Steel — Girders, Beams, Joists And Pillars",2,0,0,1896;1897,0,,?,Ton,5,2234568,467385,1896:75197v75197;1897:75910v75910
Spices — Cinnamon,Cinnamon,2,0,1,1892;1894,1,,Lb,Lb,7,2026282,136066,1892:1136281v1136281*;1894:1222521v1222521
"Horns — Bars, Unwrought",Iron — In Bars,2,0,0,1872;1873,0,,?,Ton,21,1910452,8704506,1872:82371v82371;1873:74666v74666
"Skins, Furs, And Pelts — Goat And Kid, Undressed","Skins And Furs — Goat, Undressed",2,0,0,1878;1879,0,,?,Number,15,1486079,839302,1878:1299389v1299389;1879:1642529v1642529
Linen And Cotton Rags,Rags And Other Materials For Making Paper — Linen And Cotton,2,0,0,1874;1875,1,1885,Ton,Ton,7,1176334,6627064,1874:17209v17209;1875:15792v15792
Cocoa Nut,Coco Nut,2,0,0,1875;1877,1,,Cwt,Cwt,32,1104442,790841,1875:219158v219158;1877:195115v195115
Onions,Onions — Raw,2,0,0,1872;1877,0,1882,?,Bushel,10,1076770,15346577,1872:859031v859031;1877:1964234v1964234
"Brass, Bronze, And Metal, Bronzed Or Lacquered, Manufactures Of, Unenumerated",Brass And Bronze Manufactures,2,0,0,1892;1896,0,,?,Cwt,5,1013441,106836,1892:14993v14993;1896:40850v40850
"Brass, Bronze, And Metal Bronzed Or Lacquered, Manufactures Of, Not Otherwise Enumerated",Brass And Bronze Manufactures,2,0,0,1895;1896,0,,?,Cwt,5,996198,106836,1895:32221v32221;1896:40850v40850
Whalebone,Whalebone (Including Finners),2,0,0,1897;1898,1,,Cwt,Cwt,5,826668,130013,1897:3608v3608;1898:2475v2475
Wood And Timber — Furniture And Hardwoods : Mahogany,Wood And Timber — Mahogany,2,0,0,1887;1888,0,,?,Ton,9,683643,21182198,1887:37650v37650;1888:42859v42859
"Beads Of All Sorts — Brass, Bronze, And Metal Bronzed Or Lacquered, Manufactures Of, Unenumerated",Brass And Bronze Manufactures,2,0,0,1893;1894,0,,?,Cwt,5,591901,106836,1893:18639v18639;1894:22311v22311
"Beads Of All Sorts — Brass, Bronze, And Metal Bronzed Or Lacquered, Manufactures Of, Unenumerated","Brass, Bronze, And Metal Bronzed Or Lacquered, }Manufactures Of",2,0,0,1893;1894,0,,?,Cwt,8,591901,170981,1893:18639v18639;1894:22311v22311
Bones (Except Whalefins) — Applicable To Manufacturing Pur- Poses,Bones For Manufacturing Purposes,2,0,0,1891;1895,0,,?,Ton,7,584878,77478,1891:9678v9678;1895:11794v11794
Bones (Except Whalefins) — Applicable To Manufacturing Pur- Poses,"Bones, Applicable To Manufacturing Purposes",2,0,0,1895;1896,0,,?,Ton,8,584878,68566,1895:11794v11794;1896:7098v7098
"Corn And Grain — Meal, Not Otherwise Enumerated","Meal, Unenumerated",2,0,1,1895;1896,0,,?,Cwt,6,560377,1112669,1895:336631v336631*;1896:536647v536647
"Cordage, Twine, And Cable Yarn",Cordage And Twine,2,0,0,1872;1877,0,,?,Value,28,559969,377757,1872:656436v656436;1877:542048v542048
Fruit — Plums (French) And Prunelles,"Fruit, Dried Or Preserved, Liable To Duty — Plums, Commonly Called French Plums, And Pruneloes „",2,0,0,1896;1897,0,,?,?,5,554391,0,1896:32783v32783;1897:12336v12336
Lates — Cinnamon,Cinnamon,2,0,2,1894;1895,0,,?,Lb,7,482098,136066,1894:1222521v1222521*;1895:1645340v1645340*
Beer And Ale — Plums (French) And Prunelloes,"Plums, French, And Pruneloes",2,0,0,1894;1897,0,1893;1895;1896,?,Cwt,4,457819,619064,1894:36866v36866;1897:12336v12336
Beer And Ale — Plums (French) And Prunelloes,"Fruit, Dried Or Preserved, Liable To Duty — Plums, Commonly Called French Plums, And Pruneloes „",2,0,0,1896;1897,0,,?,?,5,457819,0,1896:32783v32783;1897:12336v12336
Zinc — Of Other Sorts,"Beer, Berlin White Beer, And Other Similar Preparations",2,0,0,1894;1897,0,,?,Cwt,5,402557,0,1894:41590v41590;1897:44659v44659
Conk — Unmanufactured,Cork — Unmanufactured,2,0,0,1882;1892,0,,?,Ton,8,389725,5178257,1882:9683v9683;1892:12522v12522
"China, Or Porcelain, And Earthenware — Fresh (Not Of British Taking) : Herrings","Fish : Fresh, Herrings",2,0,0,1895;1896,0,,?,Cwt,5,238954,114934,1895:767598v767598;1896:773591v773591
"China, Or Porcelain, And Earthenware — Fresh (Not Of British Taking) : Herrings","Fresh, Herrings",2,0,0,1895;1896,0,,?,?,6,238954,116379,1895:767598v767598;1896:773591v773591
"Nuts And Kernels — Fish, Sperm Or Head-Matter",Spermi,2,0,1,1897;1898,0,,?,Ton,5,234451,26579,1897:451v451;1898:837v837*
"Coal, Culm, And Cinders","Coals, Culm, Cinders, And Shale",2,0,2,1897;1898,0,,?,Ton,5,193020,26015,1897:9454v9454*;1898:11015v11015*
"Oil — Fish: Sperm, Or Head Matter",Sperm,2,0,2,1894;1895,0,,?,Ton,8,183440,27935,1894:747v747*;1895:953v953*
"Oil — Fish: Sperm, Or Head Matter",Spermi,2,0,2,1894;1895,0,,?,Ton,5,183440,26579,1894:747v747*;1895:953v953*
Mica And Talc,Mica And Tale,2,0,0,1895;1896,0,,?,Cwt,5,152356,18094,1895:18094v18094;1896:34509v34509
"Fruit — Liqueurs, Cordials, &C., Not Tested, For Ascertaining The Strength",Not Tested,2,0,0,1897;1898,0,,?,Gallon,7,129103,17375,1897:13869v13869;1898:12891v12891
"Fruit — Liqueurs, Cordials, &C., Not Tested, For Ascertaining The Strength","Liqueurs, Cordials, &Amp;C., Not Tested }",2,0,0,1897;1898,0,,?,Casks Gallons,5,129103,23731,1897:13869v13869;1898:12891v12891
"Methylic Alcohol, Not Potable","Methylic Alcohol, Not Purified So As To Be Potable",2,0,0,1894;1896,0,,?,Ton,7,66063,699130,1894:178352v178352;1896:228939v228939
Paper — Pitch,Pitch And Tar :Pitch,2,0,0,1878;1883,0,,?,Cwt,26,64560,18371,1878:80918v80918;1883:93161v93161
"Collodion — Confectionery, Containing Not More Than50% Chocolate, In The Manufacture Ofwhich Spirit Has Been Used",Containing Not More Than 50 Per Cent. Of Chocolate With Spirit,2,0,0,1895;1896,0,,?,Lb,6,4045,1705,1895:17983v17983;1896:22796v22796
"Cards, Playing — Transparent In The Manufacture Of Which Spirit Has Been Used","Soap, Transparent, In The Manufacture Of Which Spirit Has Been Used",2,0,0,1898;1899,0,1893;1895,?,Lb,5,3421,30546,1898:12164v12164;1899:10862v10862
"Collodion — Confectionery, Containing Not More Than50% Chocolate",Containing Not More Than 50 Per Cent. Of Chocolate,2,0,0,1895;1896,0,,?,Lb,6,1235,399,1895:4530v4530;1896:12095v12095
"Copper — Manufactures Of, Unenumerated, Including Copper Coin","Metals — Manufactures, Unenumerated",2,0,0,1882;1883,0,,?,Value,2,0,34981,1882:89138v89138;1883:74546v74546
Fruit — Unenumerated : Raw,"Unenumerated, Viz. : Raw",1,8,3,1893;1894;1895;1895;1896;1896;1897;1898;1898,1,,Bushel,Bushel,8,17917393,447979,1893:1079794v1079794;1894:1300516v1300518;1895:1249732v1249563*;1895:1250584v1249563;1896:1427055v1427105*;1896:1428279v1427105;1897:1724777v1725116;1898:2176992v2177132*;1898:2177036v2177132
"Wood And Timber — Hewn, Fir",Hewn: Fir,1,7,3,1893;1894;1895;1895;1896;1896;1897;1897,1,,Load,Load,5,96683621,13912,1893:1890833v1889385;1894:2123875v2122975;1895:2009426v2008206*;1895:2009526v2008206;1896:2136095v2135080*;1896:2136900v2135080;1897:2485716v2485716*;1897:2486485v2485716
Corn And Grain — Wheat,Wheat,1,5,5,1892;1893;1894;1895;1896;1896,1,,Cwt,Cwt,9,651233249,18760505,1892:64901799v64901799*;1893:65420232v65461988*;1894:70131232v70126232*;1895:81719955v81749955*;1896:70026130v70025980*;1896:70032720v70025980
Fruit — Unenumerated : Raw,Unenumerated — Raw,1,5,2,1893;1894;1895;1895;1896;1896,1,,Bushel,Bushel,10,17917393,513261,1893:1079794v1079794;1894:1300516v1300518;1895:1249732v1249563*;1895:1250584v1249563;1896:1427055v1427105*;1896:1428279v1427105
"Wool — Alpaca, Vicuña, And Llama","Alpaca, Vicuña, And Lama",1,4,0,1893;1894;1895;1896;1897,1,,Lb,Lb,5,7819550,0,1893:5184134v5184190;1894:4917682v4917685;1895:4423560v4423860;1896:4962080v4962080;1897:5121483v5121543
Spirits — Geneva,Geneva,1,4,0,1890;1891;1892;1893;1894,1,,Proof Gallon,Proof Gallon,14,708164,61252,1890:320369v320428;1891:337711v337711;1892:340037v340209;1893:323512v323629;1894:335916v336179
"Copper — Unwrought, In Bars, Blocks Or Slabs, Cakes Or Ingots","Unwrought, In Bars, Blocks, Slabs, Cakes }",1,3,4,1894;1895;1897;1898,0,,?,Ton,5,44387366,0,1894:55298v55298*;1895:42057v42031*;1897:60609v60608*;1898:68308v68347*
"Slates — In Blocks, Ingots, Bars, Or Slabs","In Blocks, Ingots, Bars, Or Slabs",1,3,4,1893;1896;1897;1898,0,,?,Cwt,8,12062484,2743814,1893:671162v671162*;1896:767503v767495*;1897:535616v535716*;1898:406888v406788*
"Woollen Yarn — For Weaving, Mixed Or Not With Silk",For Weaving,1,3,0,1894;1896;1897;1898,0,,?,Lb,7,10727723,1511924,1894:14990504v14991494;1896:18688650v18688650;1897:16224209v16219234;1898:18094441v18091916
Woollen Manufactures — Cloths,Of Wool (Other Than Goats'): Cloths,1,3,0,1893;1894;1895;1896,0,,?,Yard,8,5977576,974052,1893:2880298v2881186;1894:2742389v2744851;1895:4149636v4149656;1896:5832998v5832998
Lead — Pig And Sheet,Pig And Sheet,1,2,2,1892;1898;1899,1,,Ton,Ton,9,72358755,1976436,1892:182787v182782;1898:194336v194479*;1899:198377v198377*
"Paper-Making Materials — Esparto, And Other Vegetable Fibres",Paper,1,2,0,1896;1898;1899,1,,Ton,Ton,5,30357824,578837,1896:187278v187278;1898:197321v197341;1899:207514v207604
"Paper-Making Materials — Esparto, And Other Vegetable Fibres","Esparto, And Other Vegetable Fibres For Making Paper",1,2,0,1896;1898;1899,1,,Ton,?,5,30357824,796683,1896:187278v187278;1898:197321v197341;1899:207514v207604
"Skins, Furs, And Pelts — Furs","Furs, Of All Sorts (Other Than Seal Skins)",1,2,3,1891;1892;1893,0,,?,Number,5,15946437,998963,1891:39158444v39158304*;1892:46035769v46035769*;1893:43295994v43295494*
Fresh (Not Of British Taking) — Herrings,"Fresh, Herrings",1,2,0,1897;1898;1899,1,,Cwt,?,6,12672523,116379,1897:528039v528039;1898:966296v966394;1899:674487v674619
Paper-Making Materials — Pulp Of Wood,"Paper-Making Materials — Pulp Of Wood, Chemical",1,2,0,1895;1896;1897,1,,Ton,Ton,6,12073331,2661603,1895:297095v297095;1896:326780v327080;1897:387974v388304
"Sugar — In Blocks, Ingots, Bars, Or Slabs","In Blocks, Ingots, Bars, Or Slabs",1,2,3,1895;1896;1897,0,,?,Cwt,8,11154125,2743814,1895:831978v832028*;1896:766865v767495*;1897:535716v535716*
"Woollen Yarn — For Weaving, Mixed Or Not With Silk",Woollen Yarn — For Weaving,1,2,0,1896;1897;1898,0,,?,Lb,5,10727723,35942005,1896:18688650v18688650;1897:16224209v16219234;1898:18094441v18091016
"Woollen Yarn — For Weaving, Mixed Or Not With Silk",Wool And Zephyr Yarn,1,2,0,1896;1897;1898,0,,?,?,5,10727723,0,1896:18688650v18688650;1897:16224209v16219234;1898:18094441v18091016
"Rags, Woollen, Applicable To Other Uses Than Manure, Torn Up Or Not","Rags, And Other Materials For Making Paper — Rags, Woollen, Applicable To Other Uses Than Manure",1,2,0,1877;1878;1879,1,,Ton,Ton,12,10544268,4130429,1877:33402v33408;1878:32376v32376;1879:33306v33309
"Iron And Steel — Iron, Ore Of (Including Chrome)",Iron — Ore Of,1,2,2,1894;1895;1896,0,,?,Ton,9,9745835,34634503,1894:4413702v4413652;1895:4450311v4450311*;1896:5438277v5438307*
"Cured, Sardines",Other Sorts Of Shell Fish,1,2,0,1893;1894;1895,1,,Cwt,Cwt,8,5332149,50174,1893:125292v125292;1894:105125v105116;1895:140187v140178
"Fruit — Preserved Without Sugar, Unenumerated",Preserved Without Sugar,1,2,0,1892;1894;1895,0,,?,Lb,6,4495099,157053,1892:41551884v41549884;1894:42874894v42874894;1895:45856283v45856313
Fruit — Figs And Fig Cake,Figs And Fig Cuke,1,2,0,1894;1895;1898,1,,Cwt,Cwt,6,3536988,0,1894:164030v164036;1895:138737v138737;1898:99938v100009
Fruit — Figs And Fig Cake,Fruit — Figs,1,2,0,1884;1887;1888,1,,Cwt,Cwt,19,3536988,986263,1884:131896v131896;1887:106746v106749;1888:105167v105172
"Shells Of All Kinds — Knubs Or Hueks Of Silk, And Waste","Knubs Or Husks Of Silk, And Waste - Cuts",1,2,0,1893;1895;1896,0,,?,Lb,5,2608110,67239,1893:56839v56839;1895:56405v56435;1896:62913v62923
Waste Of (Raw And Yarn),Waste Of,1,2,0,1896;1898;1899,1,,Lb,Lb,10,1977615,1116485,1896:19503049v19503049;1898:13644425v13644422;1899:14018804v14028104
"Beef — Books, Bound Or Unbound, Including Maps And Charts","Books, Bound And Unbound, Including Maps And Charts Cicts",1,2,0,1893;1894;1895,0,,?,Ton,5,1572844,0,1893:32526v32529;1894:41414v41409;1895:47095v47095
"Copper, Ore Of — Opium",Opium,1,2,0,1895;1896;1898,0,,?,Lb,27,1097105,3169329,1895:383066v383066;1896:489145v489235;1898:425742v426042
"Dye Stuffs (Other Than Dye Woods), And Substances Used In Tanning Or Dyeing — Sumach",Sumach,1,2,0,1895;1897;1898,0,,?,Ton,11,710762,255606,1895:15618v15618;1897:14163v14166;1898:11649v11659
Paper — Wood Pulp Boards,Wood Pulp Board,1,2,0,1895;1896;1898,1,,Cwt,Cwt,7,611867,83912,1895:171548v171548;1896:175292v175352;1898:257870v257879
Spirits — Brandy,Brandy,1,1,1,1892;1898,1,,Proof Gallon,Proof Gallon,10,38702285,1261800,1892:2986366v2986366;1898:2513853v2514789*
Corn And Grain — Pease,Peas,1,1,1,1894;1899,0,1897;1898,?,Cwt,6,21855359,1711200,1894:2272623v2272623*;1899:2754900v2752950
"Skins, Furs, And Pelts — Furs",Skins And Furs — Unenumerated,1,1,2,1893;1894,0,,?,Number,8,15946437,1149207,1893:43295994v43295494*;1894:8148166v8148166*
Oil — Seed,Sced,1,1,0,1890;1892,1,,Ton,Ton,5,13929275,0,1890:22988v22983;1892:22033v22033
"Straw Platting, For Making Hats Or Bonnets","Plaiting Of Straw, And Other Materials For Making Hats Or Bonnets",1,1,0,1897;1899,1,,Lb,Lb,5,10785553,911629,1897:12015582v12015582;1899:10490508v10490918
"Rags, Woollen, Applicable To Other Uses Than Manure, Torn Up Or Not","Rugs, Woollen, Applicable To Other Uses Than Manure",1,1,0,1892;1893,1,,Ton,Ton,5,10544268,0,1892:25232v25232;1893:32983v32986
Confectionery,Confectionery (Not Containing Any Article Liable To Duty) Cuts,1,1,0,1894;1895,1,,Cwt,Gallon,5,7901877,0,1894:53101v53106;1895:50526v50526
Rags And Other Materials For Making Paper — Linen And Cotton,Linen And Cotton Rags,1,1,0,1891;1892,1,1885,Ton,Ton,7,6627064,1176334,1891:32821v32824;1892:23032v23032
Manures — Bones For Manure,Manures — Bones For Manure (Whether Burnt Or Not),1,1,0,1893;1896,1,,Ton,?,7,6117896,1355296,1893:44924v44924;1896:66678v66681
Oil-Seed Cake — Cotton Cake,Cotton-Seed Cake,1,1,0,1897;1898,1,,Ton,?,5,4348089,89727,1897:111822v111822;1898:158576v158672
Fruit — Figs And Fig Cake,"Fruit, Dried Or Preserved, Liable To Duty — Figs And Figs Cake",1,1,0,1896;1899,1,,Cwt,?,5,3536988,0,1896:143339v143339;1899:143491v143559
Quicksilver (Metallic),Qui Silver,1,1,0,1872;1874,0,,?,Lb,5,3268235,0,1872:2734804v2734094;1874:2995447v2995447
"Sago, And Flour Or Meal Thereof","Farinaceous Substances — Sago, Sago Meal And Flour",1,1,0,1898;1899,1,,Cwt,Cwt,5,3111542,206740,1898:457181v457271;1899:407261v407261
"Woollen Yarn — For Fancy Purposes, Including Berlin Wool And Zephyr Yarn",Woollen Yarn — For Fancy Purposes,1,1,0,1895;1897,1,1893;1894;1896,Lb,Lb,2,1978757,4458294,1895:1220214v1221101;1897:1129496v1129496
"Beef — Books, Bound Or Unbound, Including Maps And Charts","Books, Bound And Unbound, Including Maps And Charts Cuts",1,1,0,1894;1895,0,,?,Ton,5,1572844,0,1894:41414v41409;1895:47095v47095
"Beef — Books, Bound Or Unbound, Including Maps And Charts","Books, Bound And Unbound, Including Maps And Charts Cwts",1,1,0,1894;1895,0,,?,Ton,5,1572844,0,1894:41414v41409;1895:47095v47095
"Stationery, Other Than Paper — Rough, Hewn Or Manufactured: (Other Than Works Of Art)","Stones, Marble, And Slate : Rough, Hewn Or Manufactured : (Other Than Works Of Art)",1,1,0,1889;1893,0,,?,Ton,6,1359042,8639675,1889:399122v399122;1893:546719v546219
"Sauces Or Condiments, Unenumerated","Sauces Or Condiments, Unenumerated (Including Table Salt)",1,1,0,1897;1899,1,,Lb,Lb,5,1324910,55809,1897:4770757v4770757;1899:5794401v5794301
"Dye Stuffs (Other Than Dye Woods), And Substances Used In Tanning Or Dyeing — Bark","Bark, For Tanning",1,1,2,1897;1899,0,,?,Cwt,5,1002550,113369,1897:313895v313985*;1899:324725v324725*
Yarn And Waste Of,Yarn,1,1,0,1872;1873,1,1874;1875;1876;1877;1878;1879;1880;1881,Lb,Lb,9,725135,20468994,1872:2632071v2632702;1873:2646524v2646524
"Horns, Tips, And Pieces Of Horn, And Hoofs",Horns And Hoofs,1,1,0,1895;1896,1,1877,Ton,Ton,4,722052,3709447,1895:6689v6692;1896:6385v6385
Fruit — Plums (French) And Prunelles,"Plums, Commonly Called French Plums, And Prunelloes",1,1,0,1896;1897,0,,?,?,5,554391,76970,1896:32783v32788;1897:12336v12336
Beer And Ale — Plums (French) And Prunelloes,"Plums, Commonly Called French Plums, And Prunelloes",1,1,0,1896;1897,0,,?,?,5,457819,76970,1896:32783v32788;1897:12336v12336
"Potatoes — Poultry And Game (Alive Or Dead),Including Rabbits",Poultry And Game,1,1,0,1884;1885,0,,?,Value,14,0,501008,1884:670609v670609;1885:655347v655397
