pair_id	fiscal_year	volume	md_path	family	stmt_no	l_idx	l_offset	l_rows	l_inherited	r_idx	r_offset	r_rows	r_inherited	row_delta
0	1908	statcan_nibi_w2_1908	/home/jic823/sessional_papers/statcan_trade/ocr/statcan_nibi_w2/statcan_CS4-4_1908_w2/statcan_CS4-4_1908_w2/statcan_CS4-4_1908_w2.md	imports_37	1	295	1278105	36	0	296	1283135	38	0	2
1	1908	statcan_nibi_w2_1908	/home/jic823/sessional_papers/statcan_trade/ocr/statcan_nibi_w2/statcan_CS4-4_1908_w2/statcan_CS4-4_1908_w2/statcan_CS4-4_1908_w2.md	imports_37	1	297	1289174	38	0	298	1294422	38	0	0
2	1908	statcan_nibi_w2_1908	/home/jic823/sessional_papers/statcan_trade/ocr/statcan_nibi_w2/statcan_CS4-4_1908_w2/statcan_CS4-4_1908_w2/statcan_CS4-4_1908_w2.md	imports_37	1	299	1299566	43	0	300	1305080	42	0	-1
3	1908	statcan_nibi_w2_1908	/home/jic823/sessional_papers/statcan_trade/ocr/statcan_nibi_w2/statcan_CS4-4_1908_w2/statcan_CS4-4_1908_w2/statcan_CS4-4_1908_w2.md	imports_37	1	301	1311225	34	0	302	1315896	34	0	0
4	1908	statcan_nibi_w2_1908	/home/jic823/sessional_papers/statcan_trade/ocr/statcan_nibi_w2/statcan_CS4-4_1908_w2/statcan_CS4-4_1908_w2/statcan_CS4-4_1908_w2.md	imports_37	1	303	1320454	32	0	304	1325312	35	0	3
5	1908	statcan_nibi_w2_1908	/home/jic823/sessional_papers/statcan_trade/ocr/statcan_nibi_w2/statcan_CS4-4_1908_w2/statcan_CS4-4_1908_w2/statcan_CS4-4_1908_w2.md	imports_37	1	305	1330426	41	0	306	1336494	43	0	2
6	1908	statcan_nibi_w2_1908	/home/jic823/sessional_papers/statcan_trade/ocr/statcan_nibi_w2/statcan_CS4-4_1908_w2/statcan_CS4-4_1908_w2/statcan_CS4-4_1908_w2.md	imports_37	1	307	1343349	40	0	308	1348479	39	0	-1
7	1908	statcan_nibi_w2_1908	/home/jic823/sessional_papers/statcan_trade/ocr/statcan_nibi_w2/statcan_CS4-4_1908_w2/statcan_CS4-4_1908_w2/statcan_CS4-4_1908_w2.md	imports_37	1	309	1354801	43	0	310	1360052	43	0	0
8	1908	statcan_nibi_w2_1908	/home/jic823/sessional_papers/statcan_trade/ocr/statcan_nibi_w2/statcan_CS4-4_1908_w2/statcan_CS4-4_1908_w2/statcan_CS4-4_1908_w2.md	imports_37	1	311	1366846	49	0	312	1373332	48	0	-1
9	1908	statcan_nibi_w2_1908	/home/jic823/sessional_papers/statcan_trade/ocr/statcan_nibi_w2/statcan_CS4-4_1908_w2/statcan_CS4-4_1908_w2/statcan_CS4-4_1908_w2.md	imports_37	1	313	1379842	44	0	314	1385893	45	0	1
10	1908	statcan_nibi_w2_1908	/home/jic823/sessional_papers/statcan_trade/ocr/statcan_nibi_w2/statcan_CS4-4_1908_w2/statcan_CS4-4_1908_w2/statcan_CS4-4_1908_w2.md	imports_37	1	315	1392955	28	0	316	1397028	30	0	2
11	1908	statcan_nibi_w2_1908	/home/jic823/sessional_papers/statcan_trade/ocr/statcan_nibi_w2/statcan_CS4-4_1908_w2/statcan_CS4-4_1908_w2/statcan_CS4-4_1908_w2.md	imports_37	1	317	1401901	42	0	318	1407320	41	0	-1
12	1908	statcan_nibi_w2_1908	/home/jic823/sessional_papers/statcan_trade/ocr/statcan_nibi_w2/statcan_CS4-4_1908_w2/statcan_CS4-4_1908_w2/statcan_CS4-4_1908_w2.md	imports_37	1	319	1413774	42	0	320	1419456	42	0	0
13	1908	statcan_nibi_w2_1908	/home/jic823/sessional_papers/statcan_trade/ocr/statcan_nibi_w2/statcan_CS4-4_1908_w2/statcan_CS4-4_1908_w2/statcan_CS4-4_1908_w2.md	imports_37	1	321	1426175	44	0	322	1432096	44	0	0
14	1908	statcan_nibi_w2_1908	/home/jic823/sessional_papers/statcan_trade/ocr/statcan_nibi_w2/statcan_CS4-4_1908_w2/statcan_CS4-4_1908_w2/statcan_CS4-4_1908_w2.md	imports_37	1	323	1438014	30	0	324	1442809	32	0	2
15	1908	statcan_nibi_w2_1908	/home/jic823/sessional_papers/statcan_trade/ocr/statcan_nibi_w2/statcan_CS4-4_1908_w2/statcan_CS4-4_1908_w2/statcan_CS4-4_1908_w2.md	imports_37	1	325	1447269	34	0	326	1452243	32	0	-2
16	1908	statcan_nibi_w2_1908	/home/jic823/sessional_papers/statcan_trade/ocr/statcan_nibi_w2/statcan_CS4-4_1908_w2/statcan_CS4-4_1908_w2/statcan_CS4-4_1908_w2.md	imports_37	1	327	1457357	41	0	328	1462433	41	0	0
17	1908	statcan_nibi_w2_1908	/home/jic823/sessional_papers/statcan_trade/ocr/statcan_nibi_w2/statcan_CS4-4_1908_w2/statcan_CS4-4_1908_w2/statcan_CS4-4_1908_w2.md	imports_37	1	329	1469060	42	0	330	1474554	43	0	1
18	1908	statcan_nibi_w2_1908	/home/jic823/sessional_papers/statcan_trade/ocr/statcan_nibi_w2/statcan_CS4-4_1908_w2/statcan_CS4-4_1908_w2/statcan_CS4-4_1908_w2.md	imports_37	1	331	1480219	39	0	332	1485688	43	0	4
19	1908	statcan_nibi_w2_1908	/home/jic823/sessional_papers/statcan_trade/ocr/statcan_nibi_w2/statcan_CS4-4_1908_w2/statcan_CS4-4_1908_w2/statcan_CS4-4_1908_w2.md	imports_37	1	333	1492953	37	0	334	1498260	37	0	0
20	1908	statcan_nibi_w2_1908	/home/jic823/sessional_papers/statcan_trade/ocr/statcan_nibi_w2/statcan_CS4-4_1908_w2/statcan_CS4-4_1908_w2/statcan_CS4-4_1908_w2.md	imports_37	1	335	1504286	37	0	336	1509365	38	0	1
21	1908	statcan_nibi_w2_1908	/home/jic823/sessional_papers/statcan_trade/ocr/statcan_nibi_w2/statcan_CS4-4_1908_w2/statcan_CS4-4_1908_w2/statcan_CS4-4_1908_w2.md	imports_37	1	337	1515416	41	0	338	1521138	40	0	-1
22	1908	statcan_nibi_w2_1908	/home/jic823/sessional_papers/statcan_trade/ocr/statcan_nibi_w2/statcan_CS4-4_1908_w2/statcan_CS4-4_1908_w2/statcan_CS4-4_1908_w2.md	imports_37	1	339	1527586	32	0	340	1532054	31	0	-1
23	1908	statcan_nibi_w2_1908	/home/jic823/sessional_papers/statcan_trade/ocr/statcan_nibi_w2/statcan_CS4-4_1908_w2/statcan_CS4-4_1908_w2/statcan_CS4-4_1908_w2.md	imports_37	1	341	1537112	45	0	342	1543389	45	0	0
24	1908	statcan_nibi_w2_1908	/home/jic823/sessional_papers/statcan_trade/ocr/statcan_nibi_w2/statcan_CS4-4_1908_w2/statcan_CS4-4_1908_w2/statcan_CS4-4_1908_w2.md	imports_37	1	343	1550819	28	0	344	1555216	30	0	2
25	1908	statcan_nibi_w2_1908	/home/jic823/sessional_papers/statcan_trade/ocr/statcan_nibi_w2/statcan_CS4-4_1908_w2/statcan_CS4-4_1908_w2/statcan_CS4-4_1908_w2.md	imports_37	1	345	1559513	43	0	346	1564811	42	0	-1
26	1908	statcan_nibi_w2_1908	/home/jic823/sessional_papers/statcan_trade/ocr/statcan_nibi_w2/statcan_CS4-4_1908_w2/statcan_CS4-4_1908_w2/statcan_CS4-4_1908_w2.md	imports_37	1	347	1571480	38	0	348	1576351	38	0	0
27	1908	statcan_nibi_w2_1908	/home/jic823/sessional_papers/statcan_trade/ocr/statcan_nibi_w2/statcan_CS4-4_1908_w2/statcan_CS4-4_1908_w2/statcan_CS4-4_1908_w2.md	imports_37	1	349	1582524	42	0	350	1587862	40	0	-2
28	1908	statcan_nibi_w2_1908	/home/jic823/sessional_papers/statcan_trade/ocr/statcan_nibi_w2/statcan_CS4-4_1908_w2/statcan_CS4-4_1908_w2/statcan_CS4-4_1908_w2.md	imports_37	1	351	1594410	45	0	352	1600353	42	0	-3
29	1908	statcan_nibi_w2_1908	/home/jic823/sessional_papers/statcan_trade/ocr/statcan_nibi_w2/statcan_CS4-4_1908_w2/statcan_CS4-4_1908_w2/statcan_CS4-4_1908_w2.md	imports_37	1	353	1607157	39	0	354	1612504	40	0	1
30	1908	statcan_nibi_w2_1908	/home/jic823/sessional_papers/statcan_trade/ocr/statcan_nibi_w2/statcan_CS4-4_1908_w2/statcan_CS4-4_1908_w2/statcan_CS4-4_1908_w2.md	imports_37	1	355	1618850	33	0	356	1623589	34	0	1
31	1908	statcan_nibi_w2_1908	/home/jic823/sessional_papers/statcan_trade/ocr/statcan_nibi_w2/statcan_CS4-4_1908_w2/statcan_CS4-4_1908_w2/statcan_CS4-4_1908_w2.md	imports_37	1	357	1629067	39	0	358	1634693	38	0	-1
32	1908	statcan_nibi_w2_1908	/home/jic823/sessional_papers/statcan_trade/ocr/statcan_nibi_w2/statcan_CS4-4_1908_w2/statcan_CS4-4_1908_w2/statcan_CS4-4_1908_w2.md	imports_37	1	359	1640064	47	0	360	1646117	41	0	-6
33	1908	statcan_nibi_w2_1908	/home/jic823/sessional_papers/statcan_trade/ocr/statcan_nibi_w2/statcan_CS4-4_1908_w2/statcan_CS4-4_1908_w2/statcan_CS4-4_1908_w2.md	imports_37	1	361	1652726	46	0	362	1658805	43	0	-3
34	1908	statcan_nibi_w2_1908	/home/jic823/sessional_papers/statcan_trade/ocr/statcan_nibi_w2/statcan_CS4-4_1908_w2/statcan_CS4-4_1908_w2/statcan_CS4-4_1908_w2.md	imports_37	1	363	1665594	32	0	364	1670296	30	0	-2
35	1908	statcan_nibi_w2_1908	/home/jic823/sessional_papers/statcan_trade/ocr/statcan_nibi_w2/statcan_CS4-4_1908_w2/statcan_CS4-4_1908_w2/statcan_CS4-4_1908_w2.md	imports_37	1	365	1675163	32	0	366	1679654	32	0	0
36	1908	statcan_nibi_w2_1908	/home/jic823/sessional_papers/statcan_trade/ocr/statcan_nibi_w2/statcan_CS4-4_1908_w2/statcan_CS4-4_1908_w2/statcan_CS4-4_1908_w2.md	imports_37	1	367	1684890	49	0	368	1690563	43	0	-6
37	1908	statcan_nibi_w2_1908	/home/jic823/sessional_papers/statcan_trade/ocr/statcan_nibi_w2/statcan_CS4-4_1908_w2/statcan_CS4-4_1908_w2/statcan_CS4-4_1908_w2.md	imports_37	1	369	1696151	45	0	370	1701673	46	0	1
38	1908	statcan_nibi_w2_1908	/home/jic823/sessional_papers/statcan_trade/ocr/statcan_nibi_w2/statcan_CS4-4_1908_w2/statcan_CS4-4_1908_w2/statcan_CS4-4_1908_w2.md	imports_37	1	371	1707652	40	0	372	1712699	40	0	0
39	1908	statcan_nibi_w2_1908	/home/jic823/sessional_papers/statcan_trade/ocr/statcan_nibi_w2/statcan_CS4-4_1908_w2/statcan_CS4-4_1908_w2/statcan_CS4-4_1908_w2.md	imports_37	1	373	1718540	44	0	374	1724477	47	0	3
40	1908	statcan_nibi_w2_1908	/home/jic823/sessional_papers/statcan_trade/ocr/statcan_nibi_w2/statcan_CS4-4_1908_w2/statcan_CS4-4_1908_w2/statcan_CS4-4_1908_w2.md	imports_37	1	375	1731152	45	0	376	1736437	40	0	-5
41	1908	statcan_nibi_w2_1908	/home/jic823/sessional_papers/statcan_trade/ocr/statcan_nibi_w2/statcan_CS4-4_1908_w2/statcan_CS4-4_1908_w2/statcan_CS4-4_1908_w2.md	imports_37	1	377	1742360	42	0	378	1747580	41	0	-1
42	1908	statcan_nibi_w2_1908	/home/jic823/sessional_papers/statcan_trade/ocr/statcan_nibi_w2/statcan_CS4-4_1908_w2/statcan_CS4-4_1908_w2/statcan_CS4-4_1908_w2.md	imports_37	1	379	1753595	47	0	380	1759219	43	0	-4
43	1908	statcan_nibi_w2_1908	/home/jic823/sessional_papers/statcan_trade/ocr/statcan_nibi_w2/statcan_CS4-4_1908_w2/statcan_CS4-4_1908_w2/statcan_CS4-4_1908_w2.md	imports_37	1	381	1765509	39	0	382	1770411	37	0	-2
44	1908	statcan_nibi_w2_1908	/home/jic823/sessional_papers/statcan_trade/ocr/statcan_nibi_w2/statcan_CS4-4_1908_w2/statcan_CS4-4_1908_w2/statcan_CS4-4_1908_w2.md	imports_37	1	383	1776329	37	0	384	1781644	34	0	-3
45	1908	statcan_nibi_w2_1908	/home/jic823/sessional_papers/statcan_trade/ocr/statcan_nibi_w2/statcan_CS4-4_1908_w2/statcan_CS4-4_1908_w2/statcan_CS4-4_1908_w2.md	imports_37	1	385	1787119	30	0	386	1791687	34	0	4
46	1908	statcan_nibi_w2_1908	/home/jic823/sessional_papers/statcan_trade/ocr/statcan_nibi_w2/statcan_CS4-4_1908_w2/statcan_CS4-4_1908_w2/statcan_CS4-4_1908_w2.md	imports_37	1	387	1796925	32	0	388	1801634	30	0	-2
47	1908	statcan_nibi_w2_1908	/home/jic823/sessional_papers/statcan_trade/ocr/statcan_nibi_w2/statcan_CS4-4_1908_w2/statcan_CS4-4_1908_w2/statcan_CS4-4_1908_w2.md	imports_37	1	389	1806526	50	0	390	1812647	44	0	-6
48	1908	statcan_nibi_w2_1908	/home/jic823/sessional_papers/statcan_trade/ocr/statcan_nibi_w2/statcan_CS4-4_1908_w2/statcan_CS4-4_1908_w2/statcan_CS4-4_1908_w2.md	imports_37	1	391	1818332	36	0	392	1823676	39	0	3
49	1908	statcan_nibi_w2_1908	/home/jic823/sessional_papers/statcan_trade/ocr/statcan_nibi_w2/statcan_CS4-4_1908_w2/statcan_CS4-4_1908_w2/statcan_CS4-4_1908_w2.md	imports_37	1	393	1829857	40	0	394	1834976	36	0	-4
50	1908	statcan_nibi_w2_1908	/home/jic823/sessional_papers/statcan_trade/ocr/statcan_nibi_w2/statcan_CS4-4_1908_w2/statcan_CS4-4_1908_w2/statcan_CS4-4_1908_w2.md	imports_37	1	395	1840723	41	0	396	1845955	38	0	-3
51	1908	statcan_nibi_w2_1908	/home/jic823/sessional_papers/statcan_trade/ocr/statcan_nibi_w2/statcan_CS4-4_1908_w2/statcan_CS4-4_1908_w2/statcan_CS4-4_1908_w2.md	imports_37	1	397	1851548	45	0	398	1857352	43	0	-2
52	1908	statcan_nibi_w2_1908	/home/jic823/sessional_papers/statcan_trade/ocr/statcan_nibi_w2/statcan_CS4-4_1908_w2/statcan_CS4-4_1908_w2/statcan_CS4-4_1908_w2.md	imports_37	1	399	1863245	40	0	400	1868995	38	0	-2
53	1908	statcan_nibi_w2_1908	/home/jic823/sessional_papers/statcan_trade/ocr/statcan_nibi_w2/statcan_CS4-4_1908_w2/statcan_CS4-4_1908_w2/statcan_CS4-4_1908_w2.md	imports_37	1	401	1875089	40	0	402	1880468	38	0	-2
54	1908	statcan_nibi_w2_1908	/home/jic823/sessional_papers/statcan_trade/ocr/statcan_nibi_w2/statcan_CS4-4_1908_w2/statcan_CS4-4_1908_w2/statcan_CS4-4_1908_w2.md	imports_37	1	403	1886656	42	0	404	1892546	41	0	-1
55	1908	statcan_nibi_w2_1908	/home/jic823/sessional_papers/statcan_trade/ocr/statcan_nibi_w2/statcan_CS4-4_1908_w2/statcan_CS4-4_1908_w2/statcan_CS4-4_1908_w2.md	imports_37	1	405	1897999	40	0	406	1903599	39	0	-1
56	1908	statcan_nibi_w2_1908	/home/jic823/sessional_papers/statcan_trade/ocr/statcan_nibi_w2/statcan_CS4-4_1908_w2/statcan_CS4-4_1908_w2/statcan_CS4-4_1908_w2.md	imports_37	1	407	1909971	38	0	408	1915366	37	0	-1
57	1908	statcan_nibi_w2_1908	/home/jic823/sessional_papers/statcan_trade/ocr/statcan_nibi_w2/statcan_CS4-4_1908_w2/statcan_CS4-4_1908_w2/statcan_CS4-4_1908_w2.md	imports_37	1	409	1920457	45	0	410	1926088	44	0	-1
58	1908	statcan_nibi_w2_1908	/home/jic823/sessional_papers/statcan_trade/ocr/statcan_nibi_w2/statcan_CS4-4_1908_w2/statcan_CS4-4_1908_w2/statcan_CS4-4_1908_w2.md	imports_37	1	411	1933162	46	0	412	1938703	45	0	-1
59	1908	statcan_nibi_w2_1908	/home/jic823/sessional_papers/statcan_trade/ocr/statcan_nibi_w2/statcan_CS4-4_1908_w2/statcan_CS4-4_1908_w2/statcan_CS4-4_1908_w2.md	imports_37	1	413	1944596	45	0	414	1950328	37	0	-8
60	1908	statcan_nibi_w2_1908	/home/jic823/sessional_papers/statcan_trade/ocr/statcan_nibi_w2/statcan_CS4-4_1908_w2/statcan_CS4-4_1908_w2/statcan_CS4-4_1908_w2.md	imports_37	1	415	1956522	46	0	416	1962052	45	0	-1
61	1908	statcan_nibi_w2_1908	/home/jic823/sessional_papers/statcan_trade/ocr/statcan_nibi_w2/statcan_CS4-4_1908_w2/statcan_CS4-4_1908_w2/statcan_CS4-4_1908_w2.md	imports_37	1	417	1969271	48	0	418	1975301	46	0	-2
62	1908	statcan_nibi_w2_1908	/home/jic823/sessional_papers/statcan_trade/ocr/statcan_nibi_w2/statcan_CS4-4_1908_w2/statcan_CS4-4_1908_w2/statcan_CS4-4_1908_w2.md	imports_37	1	419	1982072	36	0	420	1987030	33	0	-3
63	1908	statcan_nibi_w2_1908	/home/jic823/sessional_papers/statcan_trade/ocr/statcan_nibi_w2/statcan_CS4-4_1908_w2/statcan_CS4-4_1908_w2/statcan_CS4-4_1908_w2.md	imports_37	1	421	1992402	46	0	422	1997840	38	0	-8
64	1908	statcan_nibi_w2_1908	/home/jic823/sessional_papers/statcan_trade/ocr/statcan_nibi_w2/statcan_CS4-4_1908_w2/statcan_CS4-4_1908_w2/statcan_CS4-4_1908_w2.md	imports_37	1	423	2003916	46	0	424	2010150	43	0	-3
65	1908	statcan_nibi_w2_1908	/home/jic823/sessional_papers/statcan_trade/ocr/statcan_nibi_w2/statcan_CS4-4_1908_w2/statcan_CS4-4_1908_w2/statcan_CS4-4_1908_w2.md	imports_37	1	425	2016442	40	0	426	2021897	37	0	-3
66	1908	statcan_nibi_w2_1908	/home/jic823/sessional_papers/statcan_trade/ocr/statcan_nibi_w2/statcan_CS4-4_1908_w2/statcan_CS4-4_1908_w2/statcan_CS4-4_1908_w2.md	imports_37	1	427	2027895	31	0	428	2032323	28	0	-3
67	1908	statcan_nibi_w2_1908	/home/jic823/sessional_papers/statcan_trade/ocr/statcan_nibi_w2/statcan_CS4-4_1908_w2/statcan_CS4-4_1908_w2/statcan_CS4-4_1908_w2.md	imports_37	1	429	2036859	35	0	430	2041726	34	0	-1
68	1908	statcan_nibi_w2_1908	/home/jic823/sessional_papers/statcan_trade/ocr/statcan_nibi_w2/statcan_CS4-4_1908_w2/statcan_CS4-4_1908_w2/statcan_CS4-4_1908_w2.md	imports_37	1	431	2047092	44	0	432	2052834	35	0	-9
69	1908	statcan_nibi_w2_1908	/home/jic823/sessional_papers/statcan_trade/ocr/statcan_nibi_w2/statcan_CS4-4_1908_w2/statcan_CS4-4_1908_w2/statcan_CS4-4_1908_w2.md	imports_37	1	433	2058541	42	0	434	2064193	40	0	-2
70	1908	statcan_nibi_w2_1908	/home/jic823/sessional_papers/statcan_trade/ocr/statcan_nibi_w2/statcan_CS4-4_1908_w2/statcan_CS4-4_1908_w2/statcan_CS4-4_1908_w2.md	imports_37	1	435	2070574	34	0	436	2075464	33	0	-1
71	1908	statcan_nibi_w2_1908	/home/jic823/sessional_papers/statcan_trade/ocr/statcan_nibi_w2/statcan_CS4-4_1908_w2/statcan_CS4-4_1908_w2/statcan_CS4-4_1908_w2.md	imports_37	1	437	2080816	32	0	438	2085811	29	0	-3
72	1908	statcan_nibi_w2_1908	/home/jic823/sessional_papers/statcan_trade/ocr/statcan_nibi_w2/statcan_CS4-4_1908_w2/statcan_CS4-4_1908_w2/statcan_CS4-4_1908_w2.md	imports_37	1	439	2090761	35	0	440	2096159	35	0	0
73	1908	statcan_nibi_w2_1908	/home/jic823/sessional_papers/statcan_trade/ocr/statcan_nibi_w2/statcan_CS4-4_1908_w2/statcan_CS4-4_1908_w2/statcan_CS4-4_1908_w2.md	imports_37	1	441	2101930	25	0	442	2105900	23	0	-2
74	1908	statcan_nibi_w2_1908	/home/jic823/sessional_papers/statcan_trade/ocr/statcan_nibi_w2/statcan_CS4-4_1908_w2/statcan_CS4-4_1908_w2/statcan_CS4-4_1908_w2.md	imports_37	1	443	2109427	28	0	444	2113773	26	0	-2
75	1908	statcan_nibi_w2_1908	/home/jic823/sessional_papers/statcan_trade/ocr/statcan_nibi_w2/statcan_CS4-4_1908_w2/statcan_CS4-4_1908_w2/statcan_CS4-4_1908_w2.md	imports_37	1	445	2117786	38	0	446	2122988	36	0	-2
76	1908	statcan_nibi_w2_1908	/home/jic823/sessional_papers/statcan_trade/ocr/statcan_nibi_w2/statcan_CS4-4_1908_w2/statcan_CS4-4_1908_w2/statcan_CS4-4_1908_w2.md	imports_37	1	447	2128797	35	0	448	2134049	37	0	2
77	1908	statcan_nibi_w2_1908	/home/jic823/sessional_papers/statcan_trade/ocr/statcan_nibi_w2/statcan_CS4-4_1908_w2/statcan_CS4-4_1908_w2/statcan_CS4-4_1908_w2.md	imports_37	1	449	2139942	34	0	450	2145089	28	0	-6
78	1908	statcan_nibi_w2_1908	/home/jic823/sessional_papers/statcan_trade/ocr/statcan_nibi_w2/statcan_CS4-4_1908_w2/statcan_CS4-4_1908_w2/statcan_CS4-4_1908_w2.md	imports_37	1	451	2150116	43	0	452	2155406	38	0	-5
79	1908	statcan_nibi_w2_1908	/home/jic823/sessional_papers/statcan_trade/ocr/statcan_nibi_w2/statcan_CS4-4_1908_w2/statcan_CS4-4_1908_w2/statcan_CS4-4_1908_w2.md	imports_37	1	453	2161456	33	0	454	2166335	34	0	1
80	1908	statcan_nibi_w2_1908	/home/jic823/sessional_papers/statcan_trade/ocr/statcan_nibi_w2/statcan_CS4-4_1908_w2/statcan_CS4-4_1908_w2/statcan_CS4-4_1908_w2.md	imports_37	1	455	2171848	19	0	456	2175503	25	0	6
81	1908	statcan_nibi_w2_1908	/home/jic823/sessional_papers/statcan_trade/ocr/statcan_nibi_w2/statcan_CS4-4_1908_w2/statcan_CS4-4_1908_w2/statcan_CS4-4_1908_w2.md	imports_37	1	457	2179796	43	0	458	2185168	36	0	-7
82	1908	statcan_nibi_w2_1908	/home/jic823/sessional_papers/statcan_trade/ocr/statcan_nibi_w2/statcan_CS4-4_1908_w2/statcan_CS4-4_1908_w2/statcan_CS4-4_1908_w2.md	imports_37	1	459	2191101	38	0	460	2196699	33	0	-5
83	1908	statcan_nibi_w2_1908	/home/jic823/sessional_papers/statcan_trade/ocr/statcan_nibi_w2/statcan_CS4-4_1908_w2/statcan_CS4-4_1908_w2/statcan_CS4-4_1908_w2.md	imports_37	1	461	2201567	47	0	462	2207279	44	0	-3
84	1908	statcan_nibi_w2_1908	/home/jic823/sessional_papers/statcan_trade/ocr/statcan_nibi_w2/statcan_CS4-4_1908_w2/statcan_CS4-4_1908_w2/statcan_CS4-4_1908_w2.md	imports_37	1	463	2213749	30	0	464	2218478	31	0	1
85	1908	statcan_nibi_w2_1908	/home/jic823/sessional_papers/statcan_trade/ocr/statcan_nibi_w2/statcan_CS4-4_1908_w2/statcan_CS4-4_1908_w2/statcan_CS4-4_1908_w2.md	imports_37	1	465	2223525	45	0	466	2228981	33	0	-12
86	1908	statcan_nibi_w2_1908	/home/jic823/sessional_papers/statcan_trade/ocr/statcan_nibi_w2/statcan_CS4-4_1908_w2/statcan_CS4-4_1908_w2/statcan_CS4-4_1908_w2.md	imports_37	1	467	2234345	44	0	468	2239716	40	0	-4
87	1908	statcan_nibi_w2_1908	/home/jic823/sessional_papers/statcan_trade/ocr/statcan_nibi_w2/statcan_CS4-4_1908_w2/statcan_CS4-4_1908_w2/statcan_CS4-4_1908_w2.md	imports_37	1	469	2245376	40	0	470	2250380	39	0	-1
88	1908	statcan_nibi_w2_1908	/home/jic823/sessional_papers/statcan_trade/ocr/statcan_nibi_w2/statcan_CS4-4_1908_w2/statcan_CS4-4_1908_w2/statcan_CS4-4_1908_w2.md	imports_37	1	471	2256596	41	0	472	2262346	41	0	0
89	1908	statcan_nibi_w2_1908	/home/jic823/sessional_papers/statcan_trade/ocr/statcan_nibi_w2/statcan_CS4-4_1908_w2/statcan_CS4-4_1908_w2/statcan_CS4-4_1908_w2.md	imports_37	1	473	2268948	34	0	474	2273945	32	0	-2
90	1908	statcan_nibi_w2_1908	/home/jic823/sessional_papers/statcan_trade/ocr/statcan_nibi_w2/statcan_CS4-4_1908_w2/statcan_CS4-4_1908_w2/statcan_CS4-4_1908_w2.md	imports_37	1	475	2279262	41	0	476	2284566	38	0	-3
91	1908	statcan_nibi_w2_1908	/home/jic823/sessional_papers/statcan_trade/ocr/statcan_nibi_w2/statcan_CS4-4_1908_w2/statcan_CS4-4_1908_w2/statcan_CS4-4_1908_w2.md	imports_37	1	479	2300298	41	0	480	2305358	40	0	-1
92	1908	statcan_nibi_w2_1908	/home/jic823/sessional_papers/statcan_trade/ocr/statcan_nibi_w2/statcan_CS4-4_1908_w2/statcan_CS4-4_1908_w2/statcan_CS4-4_1908_w2.md	imports_37	1	481	2310571	36	0	482	2315819	35	0	-1
93	1908	statcan_nibi_w2_1908	/home/jic823/sessional_papers/statcan_trade/ocr/statcan_nibi_w2/statcan_CS4-4_1908_w2/statcan_CS4-4_1908_w2/statcan_CS4-4_1908_w2.md	imports_37	1	483	2321016	33	0	484	2325330	31	0	-2
94	1908	statcan_nibi_w2_1908	/home/jic823/sessional_papers/statcan_trade/ocr/statcan_nibi_w2/statcan_CS4-4_1908_w2/statcan_CS4-4_1908_w2/statcan_CS4-4_1908_w2.md	imports_37	1	485	2330432	49	0	486	2336321	42	0	-7
95	1908	statcan_nibi_w2_1908	/home/jic823/sessional_papers/statcan_trade/ocr/statcan_nibi_w2/statcan_CS4-4_1908_w2/statcan_CS4-4_1908_w2/statcan_CS4-4_1908_w2.md	imports_37	1	487	2343034	31	0	488	2347404	24	0	-7
96	1908	statcan_nibi_w2_1908	/home/jic823/sessional_papers/statcan_trade/ocr/statcan_nibi_w2/statcan_CS4-4_1908_w2/statcan_CS4-4_1908_w2/statcan_CS4-4_1908_w2.md	imports_37	1	489	2351397	43	0	490	2356812	43	0	0
97	1908	statcan_nibi_w2_1908	/home/jic823/sessional_papers/statcan_trade/ocr/statcan_nibi_w2/statcan_CS4-4_1908_w2/statcan_CS4-4_1908_w2/statcan_CS4-4_1908_w2.md	imports_37	1	491	2363750	38	0	492	2368416	38	0	0
98	1908	statcan_nibi_w2_1908	/home/jic823/sessional_papers/statcan_trade/ocr/statcan_nibi_w2/statcan_CS4-4_1908_w2/statcan_CS4-4_1908_w2/statcan_CS4-4_1908_w2.md	imports_37	1	493	2374432	58	0	494	2381226	39	0	-19
99	1908	statcan_nibi_w2_1908	/home/jic823/sessional_papers/statcan_trade/ocr/statcan_nibi_w2/statcan_CS4-4_1908_w2/statcan_CS4-4_1908_w2/statcan_CS4-4_1908_w2.md	imports_37	1	495	2386446	41	0	496	2391969	36	0	-5
100	1908	statcan_nibi_w2_1908	/home/jic823/sessional_papers/statcan_trade/ocr/statcan_nibi_w2/statcan_CS4-4_1908_w2/statcan_CS4-4_1908_w2/statcan_CS4-4_1908_w2.md	imports_37	1	497	2396951	44	0	498	2402870	42	0	-2
101	1908	statcan_nibi_w2_1908	/home/jic823/sessional_papers/statcan_trade/ocr/statcan_nibi_w2/statcan_CS4-4_1908_w2/statcan_CS4-4_1908_w2/statcan_CS4-4_1908_w2.md	imports_37	1	499	2409487	38	0	500	2414838	36	0	-2
102	1908	statcan_nibi_w2_1908	/home/jic823/sessional_papers/statcan_trade/ocr/statcan_nibi_w2/statcan_CS4-4_1908_w2/statcan_CS4-4_1908_w2/statcan_CS4-4_1908_w2.md	imports_37	1	501	2419911	54	0	502	2426392	54	0	0
103	1908	statcan_nibi_w2_1908	/home/jic823/sessional_papers/statcan_trade/ocr/statcan_nibi_w2/statcan_CS4-4_1908_w2/statcan_CS4-4_1908_w2/statcan_CS4-4_1908_w2.md	imports_37	1	503	2433076	45	0	504	2438721	45	0	0
104	1908	statcan_nibi_w2_1908	/home/jic823/sessional_papers/statcan_trade/ocr/statcan_nibi_w2/statcan_CS4-4_1908_w2/statcan_CS4-4_1908_w2/statcan_CS4-4_1908_w2.md	imports_37	1	505	2445892	42	0	506	2451755	40	0	-2
105	1908	statcan_nibi_w2_1908	/home/jic823/sessional_papers/statcan_trade/ocr/statcan_nibi_w2/statcan_CS4-4_1908_w2/statcan_CS4-4_1908_w2/statcan_CS4-4_1908_w2.md	imports_37	1	507	2458332	42	0	508	2463862	37	0	-5
106	1908	statcan_nibi_w2_1908	/home/jic823/sessional_papers/statcan_trade/ocr/statcan_nibi_w2/statcan_CS4-4_1908_w2/statcan_CS4-4_1908_w2/statcan_CS4-4_1908_w2.md	imports_37	1	509	2468868	38	0	510	2473922	36	0	-2
107	1908	statcan_nibi_w2_1908	/home/jic823/sessional_papers/statcan_trade/ocr/statcan_nibi_w2/statcan_CS4-4_1908_w2/statcan_CS4-4_1908_w2/statcan_CS4-4_1908_w2.md	imports_37	1	511	2479825	44	0	512	2485348	37	0	-7
108	1908	statcan_nibi_w2_1908	/home/jic823/sessional_papers/statcan_trade/ocr/statcan_nibi_w2/statcan_CS4-4_1908_w2/statcan_CS4-4_1908_w2/statcan_CS4-4_1908_w2.md	imports_37	1	513	2490800	46	0	514	2496335	39	0	-7
109	1908	statcan_nibi_w2_1908	/home/jic823/sessional_papers/statcan_trade/ocr/statcan_nibi_w2/statcan_CS4-4_1908_w2/statcan_CS4-4_1908_w2/statcan_CS4-4_1908_w2.md	imports_37	1	515	2501989	45	0	516	2507777	45	0	0
110	1908	statcan_nibi_w2_1908	/home/jic823/sessional_papers/statcan_trade/ocr/statcan_nibi_w2/statcan_CS4-4_1908_w2/statcan_CS4-4_1908_w2/statcan_CS4-4_1908_w2.md	imports_37	1	517	2514336	46	0	518	2519969	44	0	-2
111	1908	statcan_nibi_w2_1908	/home/jic823/sessional_papers/statcan_trade/ocr/statcan_nibi_w2/statcan_CS4-4_1908_w2/statcan_CS4-4_1908_w2/statcan_CS4-4_1908_w2.md	imports_37	1	519	2525752	34	0	520	2530640	33	0	-1
112	1908	statcan_nibi_w2_1908	/home/jic823/sessional_papers/statcan_trade/ocr/statcan_nibi_w2/statcan_CS4-4_1908_w2/statcan_CS4-4_1908_w2/statcan_CS4-4_1908_w2.md	imports_37	1	521	2535934	37	0	522	2541110	39	0	2
113	1908	statcan_nibi_w2_1908	/home/jic823/sessional_papers/statcan_trade/ocr/statcan_nibi_w2/statcan_CS4-4_1908_w2/statcan_CS4-4_1908_w2/statcan_CS4-4_1908_w2.md	imports_37	1	523	2546212	40	0	524	2551729	40	0	0
114	1908	statcan_nibi_w2_1908	/home/jic823/sessional_papers/statcan_trade/ocr/statcan_nibi_w2/statcan_CS4-4_1908_w2/statcan_CS4-4_1908_w2/statcan_CS4-4_1908_w2.md	imports_37	1	525	2558131	39	0	526	2563687	36	0	-3
115	1908	statcan_nibi_w2_1908	/home/jic823/sessional_papers/statcan_trade/ocr/statcan_nibi_w2/statcan_CS4-4_1908_w2/statcan_CS4-4_1908_w2/statcan_CS4-4_1908_w2.md	imports_37	1	527	2568683	47	0	528	2574936	46	0	-1
116	1908	statcan_nibi_w2_1908	/home/jic823/sessional_papers/statcan_trade/ocr/statcan_nibi_w2/statcan_CS4-4_1908_w2/statcan_CS4-4_1908_w2/statcan_CS4-4_1908_w2.md	imports_37	1	529	2580952	41	0	530	2586299	41	0	0
117	1908	statcan_nibi_w2_1908	/home/jic823/sessional_papers/statcan_trade/ocr/statcan_nibi_w2/statcan_CS4-4_1908_w2/statcan_CS4-4_1908_w2/statcan_CS4-4_1908_w2.md	imports_37	1	531	2592868	41	0	532	2598247	40	0	-1
118	1908	statcan_nibi_w2_1908	/home/jic823/sessional_papers/statcan_trade/ocr/statcan_nibi_w2/statcan_CS4-4_1908_w2/statcan_CS4-4_1908_w2/statcan_CS4-4_1908_w2.md	imports_37	1	533	2604644	33	0	534	2608851	37	0	4
119	1908	statcan_nibi_w2_1908	/home/jic823/sessional_papers/statcan_trade/ocr/statcan_nibi_w2/statcan_CS4-4_1908_w2/statcan_CS4-4_1908_w2/statcan_CS4-4_1908_w2.md	imports_37	1	535	2614775	32	0	536	2619705	31	0	-1
120	1908	statcan_nibi_w2_1908	/home/jic823/sessional_papers/statcan_trade/ocr/statcan_nibi_w2/statcan_CS4-4_1908_w2/statcan_CS4-4_1908_w2/statcan_CS4-4_1908_w2.md	imports_37	1	537	2624865	42	0	538	2630397	41	0	-1
121	1908	statcan_nibi_w2_1908	/home/jic823/sessional_papers/statcan_trade/ocr/statcan_nibi_w2/statcan_CS4-4_1908_w2/statcan_CS4-4_1908_w2/statcan_CS4-4_1908_w2.md	imports_37	1	539	2636412	50	0	540	2642461	45	0	-5
122	1908	statcan_nibi_w2_1908	/home/jic823/sessional_papers/statcan_trade/ocr/statcan_nibi_w2/statcan_CS4-4_1908_w2/statcan_CS4-4_1908_w2/statcan_CS4-4_1908_w2.md	imports_37	1	541	2649495	39	0	542	2654505	40	0	1
123	1908	statcan_nibi_w2_1908	/home/jic823/sessional_papers/statcan_trade/ocr/statcan_nibi_w2/statcan_CS4-4_1908_w2/statcan_CS4-4_1908_w2/statcan_CS4-4_1908_w2.md	imports_37	1	543	2660973	40	0	544	2666621	40	0	0
124	1908	statcan_nibi_w2_1908	/home/jic823/sessional_papers/statcan_trade/ocr/statcan_nibi_w2/statcan_CS4-4_1908_w2/statcan_CS4-4_1908_w2/statcan_CS4-4_1908_w2.md	imports_37	1	545	2673163	34	0	546	2677864	32	0	-2
125	1908	statcan_nibi_w2_1908	/home/jic823/sessional_papers/statcan_trade/ocr/statcan_nibi_w2/statcan_CS4-4_1908_w2/statcan_CS4-4_1908_w2/statcan_CS4-4_1908_w2.md	imports_37	1	547	2682989	48	0	548	2689347	46	0	-2
126	1908	statcan_nibi_w2_1908	/home/jic823/sessional_papers/statcan_trade/ocr/statcan_nibi_w2/statcan_CS4-4_1908_w2/statcan_CS4-4_1908_w2/statcan_CS4-4_1908_w2.md	imports_37	1	549	2696514	50	0	550	2703299	44	0	-6
127	1908	statcan_nibi_w2_1908	/home/jic823/sessional_papers/statcan_trade/ocr/statcan_nibi_w2/statcan_CS4-4_1908_w2/statcan_CS4-4_1908_w2/statcan_CS4-4_1908_w2.md	imports_37	1	551	2710203	45	0	552	2716269	37	0	-8
128	1908	statcan_nibi_w2_1908	/home/jic823/sessional_papers/statcan_trade/ocr/statcan_nibi_w2/statcan_CS4-4_1908_w2/statcan_CS4-4_1908_w2/statcan_CS4-4_1908_w2.md	imports_37	1	553	2722071	35	0	554	2727000	34	0	-1
129	1908	statcan_nibi_w2_1908	/home/jic823/sessional_papers/statcan_trade/ocr/statcan_nibi_w2/statcan_CS4-4_1908_w2/statcan_CS4-4_1908_w2/statcan_CS4-4_1908_w2.md	imports_37	1	555	2731553	48	0	556	2737662	45	0	-3
130	1908	statcan_nibi_w2_1908	/home/jic823/sessional_papers/statcan_trade/ocr/statcan_nibi_w2/statcan_CS4-4_1908_w2/statcan_CS4-4_1908_w2/statcan_CS4-4_1908_w2.md	imports_37	1	557	2744792	55	0	558	2751300	44	0	-11
131	1908	statcan_nibi_w2_1908	/home/jic823/sessional_papers/statcan_trade/ocr/statcan_nibi_w2/statcan_CS4-4_1908_w2/statcan_CS4-4_1908_w2/statcan_CS4-4_1908_w2.md	imports_37	1	559	2758228	48	0	560	2763641	37	0	-11
132	1908	statcan_nibi_w2_1908	/home/jic823/sessional_papers/statcan_trade/ocr/statcan_nibi_w2/statcan_CS4-4_1908_w2/statcan_CS4-4_1908_w2/statcan_CS4-4_1908_w2.md	imports_37	1	561	2769476	42	0	562	2774798	37	0	-5
133	1908	statcan_nibi_w2_1908	/home/jic823/sessional_papers/statcan_trade/ocr/statcan_nibi_w2/statcan_CS4-4_1908_w2/statcan_CS4-4_1908_w2/statcan_CS4-4_1908_w2.md	imports_37	1	563	2780649	33	0	564	2785593	38	0	5
134	1908	statcan_nibi_w2_1908	/home/jic823/sessional_papers/statcan_trade/ocr/statcan_nibi_w2/statcan_CS4-4_1908_w2/statcan_CS4-4_1908_w2/statcan_CS4-4_1908_w2.md	imports_37	1	565	2791693	40	0	566	2796882	36	0	-4
135	1908	statcan_nibi_w2_1908	/home/jic823/sessional_papers/statcan_trade/ocr/statcan_nibi_w2/statcan_CS4-4_1908_w2/statcan_CS4-4_1908_w2/statcan_CS4-4_1908_w2.md	imports_37	1	567	2802617	33	0	568	2808193	33	0	0
136	1908	statcan_nibi_w2_1908	/home/jic823/sessional_papers/statcan_trade/ocr/statcan_nibi_w2/statcan_CS4-4_1908_w2/statcan_CS4-4_1908_w2/statcan_CS4-4_1908_w2.md	imports_37	1	569	2814125	30	0	570	2819092	27	0	-3
137	1908	statcan_nibi_w2_1908	/home/jic823/sessional_papers/statcan_trade/ocr/statcan_nibi_w2/statcan_CS4-4_1908_w2/statcan_CS4-4_1908_w2/statcan_CS4-4_1908_w2.md	imports_37	1	571	2822951	31	0	572	2827217	38	0	7
138	1908	statcan_nibi_w2_1908	/home/jic823/sessional_papers/statcan_trade/ocr/statcan_nibi_w2/statcan_CS4-4_1908_w2/statcan_CS4-4_1908_w2/statcan_CS4-4_1908_w2.md	imports_37	1	573	2833270	50	0	574	2839346	46	0	-4
139	1908	statcan_nibi_w2_1908	/home/jic823/sessional_papers/statcan_trade/ocr/statcan_nibi_w2/statcan_CS4-4_1908_w2/statcan_CS4-4_1908_w2/statcan_CS4-4_1908_w2.md	imports_37	1	575	2846541	45	0	576	2852440	43	0	-2
140	1908	statcan_nibi_w2_1908	/home/jic823/sessional_papers/statcan_trade/ocr/statcan_nibi_w2/statcan_CS4-4_1908_w2/statcan_CS4-4_1908_w2/statcan_CS4-4_1908_w2.md	imports_37	1	577	2859285	47	0	578	2864860	46	0	-1
141	1908	statcan_nibi_w2_1908	/home/jic823/sessional_papers/statcan_trade/ocr/statcan_nibi_w2/statcan_CS4-4_1908_w2/statcan_CS4-4_1908_w2/statcan_CS4-4_1908_w2.md	imports_37	1	579	2870743	34	0	580	2875112	36	0	2
142	1908	statcan_nibi_w2_1908	/home/jic823/sessional_papers/statcan_trade/ocr/statcan_nibi_w2/statcan_CS4-4_1908_w2/statcan_CS4-4_1908_w2/statcan_CS4-4_1908_w2.md	imports_37	1	581	2880758	53	0	582	2887467	46	0	-7
143	1908	statcan_nibi_w2_1908	/home/jic823/sessional_papers/statcan_trade/ocr/statcan_nibi_w2/statcan_CS4-4_1908_w2/statcan_CS4-4_1908_w2/statcan_CS4-4_1908_w2.md	imports_37	1	583	2894828	42	0	584	2900381	43	0	1
144	1908	statcan_nibi_w2_1908	/home/jic823/sessional_papers/statcan_trade/ocr/statcan_nibi_w2/statcan_CS4-4_1908_w2/statcan_CS4-4_1908_w2/statcan_CS4-4_1908_w2.md	imports_37	1	585	2907184	38	0	586	2912277	37	0	-1
145	1908	statcan_nibi_w2_1908	/home/jic823/sessional_papers/statcan_trade/ocr/statcan_nibi_w2/statcan_CS4-4_1908_w2/statcan_CS4-4_1908_w2/statcan_CS4-4_1908_w2.md	imports_37	1	588	2924249	30	0	589	2928640	35	0	5
146	1908	statcan_nibi_w2_1908	/home/jic823/sessional_papers/statcan_trade/ocr/statcan_nibi_w2/statcan_CS4-4_1908_w2/statcan_CS4-4_1908_w2/statcan_CS4-4_1908_w2.md	imports_37	1	591	2939060	40	0	592	2944315	39	0	-1
147	1908	statcan_nibi_w2_1908	/home/jic823/sessional_papers/statcan_trade/ocr/statcan_nibi_w2/statcan_CS4-4_1908_w2/statcan_CS4-4_1908_w2/statcan_CS4-4_1908_w2.md	imports_37	1	593	2950508	51	0	594	2957026	44	0	-7
148	1908	statcan_nibi_w2_1908	/home/jic823/sessional_papers/statcan_trade/ocr/statcan_nibi_w2/statcan_CS4-4_1908_w2/statcan_CS4-4_1908_w2/statcan_CS4-4_1908_w2.md	imports_37	1	595	2964261	53	0	596	2970476	47	0	-6
149	1908	statcan_nibi_w2_1908	/home/jic823/sessional_papers/statcan_trade/ocr/statcan_nibi_w2/statcan_CS4-4_1908_w2/statcan_CS4-4_1908_w2/statcan_CS4-4_1908_w2.md	imports_37	1	597	2977895	42	0	598	2983701	39	0	-3
150	1908	statcan_nibi_w2_1908	/home/jic823/sessional_papers/statcan_trade/ocr/statcan_nibi_w2/statcan_CS4-4_1908_w2/statcan_CS4-4_1908_w2/statcan_CS4-4_1908_w2.md	imports_37		599	2990196	38	0	600	2995638	35	0	-3
151	1908	statcan_nibi_w2_1908	/home/jic823/sessional_papers/statcan_trade/ocr/statcan_nibi_w2/statcan_CS4-4_1908_w2/statcan_CS4-4_1908_w2/statcan_CS4-4_1908_w2.md	imports_37	1	601	3001432	40	0	602	3006905	39	0	-1
152	1908	statcan_nibi_w2_1908	/home/jic823/sessional_papers/statcan_trade/ocr/statcan_nibi_w2/statcan_CS4-4_1908_w2/statcan_CS4-4_1908_w2/statcan_CS4-4_1908_w2.md	imports_37	1	603	3013175	50	0	604	3019105	43	0	-7
