gold_commodity,unit,total_tier,bycountry_tier,gold_years,benchmark_years,total_ok_years,bycountry_ok_years,gold_peak_total,pipeline_match
Petroleum,Gallons,SOLID,SOLID,3,1886;1891;1896,1886;1891;1896,1886;1891;1896,189953945,PETROLEUM
Gold Leave,Number,SOLID,SOLID,5,1876;1881;1886;1891;1896,1876;1881;1886;1891;1896,1876;1881;1886;1891;1896,89634100,GOLD|Leaves of
Woollen Manufactures Stuffs,Yards,SOLID,SOLID,3,1886;1891;1896,1886;1891;1896,1886;1891;1896,81912246,WOOLLEN MANUFACTURES|Stuffs
Cotton Manufactures Other than Muslins,Pieces,SOLID,SOLID,5,1876;1881;1886;1891;1896,1876;1881;1886;1891;1896,1876;1881;1886;1891;1896,58561796,COTTON MANUFACTURES|Other than Muslins
Leather Dressed,Lbs. (Pounds),SOLID,SOLID,3,1886;1891;1896,1886;1891;1896,1886;1891;1896,39485980,LEATHER|Dressed
Woollen Yarn For Weaving,Lbs. (Pounds),SOLID,SOLID,4,1876;1881;1886;1896,1876;1881;1886;1896,1876;1881;1886;1896,18688650,WOOLLEN YARN|For Weaving
Straw Platting for Hats,Lbs. (Pounds),SOLID,SOLID,3,1886;1891;1896,1886;1891;1896,1886;1891;1896,11669802,"STRAW PLATTING, FOR MAKING HATS OR BONNETS"
Cork Manufactured,Lbs. (Pounds),SOLID,SOLID,5,1876;1881;1886;1891;1896,1876;1881;1886;1891;1896,1876;1881;1886;1891;1896,11358407,COFFEE|Manufactured
Wine Red,Gallons,SOLID,SOLID,3,1876;1881;1886,1876;1881;1886,1876;1881;1886,10853551,WINE|Red
Cotton Yarn,Lbs. (Pounds),SOLID,SOLID,5,1876;1881;1886;1891;1896,1876;1881;1886;1891;1896,1876;1881;1886;1891;1896,9435187,COTTON|Yarn
Sugar Unrefined Beetroot,CWTS (Hundredweights),SOLID,SOLID,3,1886;1891;1896,1886;1891;1896,1886;1891;1896,9103514,SUGAR|Unrefined : Beetroot
Woollen Manufactures Cloths,Yards,SOLID,SOLID,3,1886;1891;1896,1886;1891;1896,1886;1891;1896,5832998,WOOLLEN MANUFACTURES|Cloths
Lemons and Oranges,Bushels,SOLID,SOLID,4,1876;1881;1886;1891,1876;1881;1886;1891,1876;1881;1886;1891,5178676,FRUIT|Oranges and Lemons
Bristles,Lbs. (Pounds),SOLID,SOLID,5,1876;1881;1886;1891;1896,1876;1881;1886;1891;1896,1876;1881;1886;1891;1896,4056279,BRISTLES
Beads of all Sorts,Lbs. (Pounds),SOLID,SOLID,3,1886;1891;1896,1886;1891;1896,1886;1891;1896,2401456,BEADS OF ALL SORTS
Cheese,CWTS (Hundredweights),SOLID,SOLID,5,1876;1881;1886;1891;1896,1876;1881;1886;1891;1896,1876;1881;1886;1891;1896,2244525,CHEESE
Leather Manufactures Gloves,Dozen Pairs,SOLID,SOLID,4,1876;1886;1891;1896,1876;1886;1891;1896,1876;1886;1891;1896,2213583,LEATHER MANUFACTURES|Gloves
Cotton Manufactures Piece Goods of other Countries Muslins,Pieces,SOLID,SOLID,4,1876;1886;1891;1896,1876;1886;1891;1896,1876;1886;1891;1896,2182674,COTTON MANUFACTURES|Muslins
Tallow and Stearine,CWTS (Hundredweights),SOLID,SOLID,5,1876;1881;1886;1891;1896,1876;1881;1886;1891;1896,1876;1881;1886;1891;1896,2049749,TALLOW AND STEARINE
Lard,CWTS (Hundredweights),SOLID,SOLID,5,1876;1881;1886;1891;1896,1876;1881;1886;1891;1896,1876;1881;1886;1891;1896,1739463,LARD
Flax Dressed or Undressed,CWTS (Hundredweights),SOLID,SOLID,3,1886;1891;1896,1886;1891;1896,1886;1891;1896,1473135,"FLAX, DRESSED OR UNDRESSED"
Paper Millboard and Pasteboard,CWTS (Hundredweights),SOLID,SOLID,4,1876;1881;1886;1891,1876;1881;1886;1891,1876;1881;1886;1891,1165893,PAPER|Millboard and Pasteboard
Hats and Bonnets of Straw,Lbs. (Pounds),SOLID,SOLID,5,1876;1881;1886;1891;1896,1876;1881;1886;1891;1896,1876;1881;1886;1891;1896,939848,HATS OR BONNETS|Of Straw
Brimstone,CWTS (Hundredweights),SOLID,SOLID,5,1876;1881;1886;1891;1896,1876;1881;1886;1891;1896,1876;1881;1886;1891;1896,876490,BRIMSTONE
Hats and Bonnets of Felt,Number,SOLID,SOLID,5,1876;1881;1886;1891;1896,1876;1881;1886;1891;1896,1876;1881;1886;1891;1896,835979,HATS OR BONNETS|Of Felt
Molasses,CWTS (Hundredweights),SOLID,SOLID,5,1876;1881;1886;1891;1896,1876;1881;1886;1891;1896,1876;1881;1886;1891;1896,776586,SUGAR|Molasses
Pyrites of Iron or Copper,Tons,SOLID,SOLID,5,1876;1881;1886;1891;1896,1876;1881;1886;1891;1896,1876;1881;1886;1891;1896,616227,PYRITES OF IRON OR COPPER
Turpentine Oil,CWTS (Hundredweights),SOLID,SOLID,4,1881;1886;1891;1896,1881;1886;1891;1896,1881;1886;1891;1896,498791,OIL|Turpentine
Ice,Tons,SOLID,SOLID,5,1876;1881;1886;1891;1896,1876;1881;1886;1891;1896,1876;1881;1886;1891;1896,467333,ICE
Clover and Grass Seeds,CWTS (Hundredweights),SOLID,SOLID,5,1876;1881;1886;1891;1896,1876;1881;1886;1891;1896,1876;1881;1886;1891;1896,405617,SEEDS|Clover and Grass
Pork Salted not Hams,CWTS (Hundredweights),SOLID,SOLID,5,1876;1881;1886;1891;1896,1876;1881;1886;1891;1896,1876;1881;1886;1891;1896,352068,PORK|Salted (not Hams)
Paper for Printing or Writing,CWTS (Hundredweights),SOLID,SOLID,4,1876;1881;1886;1891,1876;1881;1886;1891,1876;1881;1886;1891,321635,PAPER|For Printing or Writing
Oil Seed Cakes,Tons,SOLID,SOLID,4,1876;1881;1886;1891,1876;1881;1886;1891,1876;1881;1886;1891,296480,OIL SEED CAKE
Phosphate of Lime and Rock,Tons,SOLID,SOLID,3,1886;1891;1896,1886;1891;1896,1886;1891;1896,291314,MANURES|Phosphate of Lime and Rock
Beef Salted,CWTS (Hundredweights),SOLID,SOLID,5,1876;1881;1886;1891;1896,1876;1881;1886;1891;1896,1876;1881;1886;1891;1896,251304,PORK|Salted
Rabbits,CWTS (Hundredweights),SOLID,SOLID,3,1886;1891;1896,1886;1891;1896,1886;1891;1896,170873,RABBITS
Gum Unenumerated,CWTS (Hundredweights),SOLID,SOLID,5,1876;1881;1886;1891;1896,1876;1881;1886;1891;1896,1876;1881;1886;1891;1896,170411,GUM|Unenumerated
"Wood and Timber Staves - Sawn or Split, Planed or Dressed",Loads,SOLID,SOLID,5,1876;1881;1886;1891;1896,1876;1881;1886;1891;1896,1876;1881;1886;1891;1896,138393,WOOD AND TIMBER|Staves
Animal Oil,CWTS (Hundredweights),SOLID,SOLID,5,1876;1881;1886;1891;1896,1876;1881;1886;1891;1896,1876;1881;1886;1891;1896,113482,OIL|Animal
Zinc Crude in Cakes,Tons,SOLID,SOLID,4,1876;1881;1886;1896,1876;1881;1886;1896,1876;1881;1886;1896,76635,"ZINC|Crude, in Cakes"
Candles of all Sorts,CWTS (Hundredweights),SOLID,SOLID,3,1886;1891;1896,1886;1891;1896,1886;1891;1896,58242,CANDLES OF ALL SORTS
Pictures and Drawings by hand,Number,SOLID,SOLID,3,1886;1891;1896,1886;1891;1896,1886;1891;1896,46303,"PICTURES AND DRAWINGS, BY HAND"
Horse Hair,CWTS (Hundredweights),SOLID,SOLID,5,1876;1881;1886;1891;1896,1876;1881;1886;1891;1896,1876;1881;1886;1891;1896,31190,HAIR|Horse
Olive Oil,Tuns (whale oil),SOLID,SOLID,5,1876;1881;1886;1891;1896,1876;1881;1886;1891;1896,1876;1881;1886;1891;1896,29864,OIL|Olive
Cork Unmanufactured,Tons,SOLID,SOLID,5,1876;1881;1886;1891;1896,1876;1881;1886;1891;1896,1876;1881;1886;1891;1896,24535,CORK|Unmanufactured
Honey,CWTS (Hundredweights),SOLID,SOLID,3,1886;1891;1896,1886;1891;1896,1886;1891;1896,23544,HONEY
Plumbago,Tons,SOLID,SOLID,5,1876;1881;1886;1891;1896,1876;1881;1886;1891;1896,1876;1881;1886;1891;1896,13643,PLUMBAGO
Paper Hangings,CWTS (Hundredweights),SOLID,SOLID,4,1876;1881;1886;1891,1876;1881;1886;1891,1876;1881;1886;1891,10807,PAPER|Hangings
Horns and Hoofs,Tons,SOLID,SOLID,3,1881;1886;1891,1881;1886;1891,1881;1886;1891,6446,HORNS AND HOOFS
Cocoa,Lbs. (Pounds),SOLID,MIXED,5,1876;1881;1886;1891;1896,1876;1881;1886;1891;1896,1876;1881;1886,38281803,COCOA
Pepper (Spice),Lbs. (Pounds),MOSTLY,MOSTLY,5,1876;1881;1886;1891;1896,1876;1881;1886;1896,1876;1881;1886;1896,34794260,SPICES|Pepper
Barley,CWTS (Hundredweights),MOSTLY,MOSTLY,5,1876;1881;1886;1891;1896,1876;1881;1886;1891,1876;1881;1886;1891,22477322,CORN AND GRAIN|Barley
Cotton Raw,CWTS (Hundredweights),MOSTLY,MOSTLY,5,1876;1881;1886;1891;1896,1876;1881;1886;1896,1876;1881;1886;1896,17811476,COTTON|Raw
Oats,CWTS (Hundredweights),MOSTLY,MOSTLY,5,1876;1881;1886;1891;1896,1876;1881;1886;1891,1876;1881;1886;1891,17586730,CORN AND GRAIN|Oats
Spices Unenumerated,Lbs. (Pounds),MOSTLY,MOSTLY,5,1876;1881;1886;1891;1896,1876;1881;1886;1896,1876;1881;1886;1896,13830979,SPICES|Unenumerated
Eggs,Great Hundreds,MOSTLY,MOSTLY,5,1876;1881;1886;1891;1896,1876;1881;1886;1891,1876;1881;1886;1891,13245011,EGGS
Skins Furs Pelts Goat undressed,Number,MOSTLY,MOSTLY,4,1881;1886;1891;1896,1881;1886;1891,1881;1886;1891,9982054,"SKINS, FURS, AND PELTS|Goat, Undressed"
Wine White,Gallons,MOSTLY,MOSTLY,4,1876;1881;1886;1896,1876;1881;1886,1876;1881;1886,9097172,WINE|White
Rice,CWTS (Hundredweights),MOSTLY,MOSTLY,4,1881;1886;1891;1896,1881;1886;1891,1881;1886;1891,8500062,RICE
Potatoes,CWTS (Hundredweights),MOSTLY,MOSTLY,5,1876;1881;1886;1891;1896,1876;1881;1886;1891,1876;1881;1886;1891,6023936,POTATOES
Sauces or Condiments Unenumerated,Lbs. (Pounds),MOSTLY,MOSTLY,5,1876;1881;1886;1891;1896,1876;1881;1886;1891,1876;1881;1886;1891,5812792,"SAUCES OR CONDIMENTS, UNENUMERATED"
Jute,CWTS (Hundredweights),MOSTLY,MOSTLY,4,1876;1881;1891;1896,1876;1881;1891,1876;1881;1891,4928805,JUTE
Quicksilver,Lbs. (Pounds),MOSTLY,MOSTLY,5,1876;1881;1886;1891;1896,1881;1886;1891;1896,1881;1886;1891;1896,4707804,QUICKSILVER
Beans,CWTS (Hundredweights),MOSTLY,MOSTLY,5,1876;1881;1886;1891;1896,1876;1881;1886;1891,1876;1881;1886;1891,4607555,CORN AND GRAIN|Beans
Bacon,CWTS (Hundredweights),MOSTLY,MOSTLY,5,1876;1881;1886;1891;1896,1876;1881;1886;1891,1876;1881;1886;1891,4549526,BACON AND HAMS|Bacon
Caoutchouc Manufactures of,Lbs. (Pounds),MOSTLY,MOSTLY,5,1876;1881;1886;1891;1896,1876;1881;1891;1896,1876;1881;1891;1896,4365472,CAOUTCHOUC|Manufactures of
"Buttons and Studs, not of Metal",None,MOSTLY,MOSTLY,3,1886;1891;1896,1886;1891,1886;1891,4202700,"BUTTONS AND STUDS, NOT OF METAL"
Butter,CWTS (Hundredweights),MOSTLY,MOSTLY,5,1876;1881;1886;1891;1896,1876;1881;1886;1891,1876;1881;1886;1891,3037718,BUTTER
Pickles and Vegetables Preserved in Salt or Vinegar,Gallons,MOSTLY,MOSTLY,3,1886;1891;1896,1891;1896,1891;1896,2244797,"PICKLES AND VEGETABLES, PRESERVED IN SALT OR VINEGAR"
Chemical Essential or Perfumed Oils,Lbs. (Pounds),MOSTLY,MOSTLY,5,1876;1881;1886;1891;1896,1876;1881;1891;1896,1876;1881;1891;1896,2038324,"OIL|Chemical, Essential, or Perfumed"
Spices Cinnamon,Lbs. (Pounds),MOSTLY,MOSTLY,5,1876;1881;1886;1891;1896,1876;1881;1891;1896,1876;1881;1891;1896,1752283,SPICES|Cinnamon
Rosin,CWTS (Hundredweights),MOSTLY,MOSTLY,5,1876;1881;1886;1891;1896,1881;1886;1891;1896,1881;1886;1891;1896,1655374,ROSIN
Sponge,Lbs. (Pounds),MOSTLY,MOSTLY,3,1886;1891;1896,1886;1891,1886;1891,1545632,SPONGE
Perfumery and Articles used in the Manufacture thereof,Lbs. (Pounds),MOSTLY,MOSTLY,3,1881;1886;1891,1886;1891,1886;1891,1431474,"PERFUMERY, AND ARTICLES USED IN THE MANUFACTURE THEREOF"
Coffee,CWTS (Hundredweights),MOSTLY,MOSTLY,3,1876;1881;1886,1876;1886,1876;1886,1361642,COFFEE
Fish Cured or Salted,CWTS (Hundredweights),MOSTLY,MOSTLY,4,1876;1881;1886;1896,1876;1881;1886,1876;1881;1886,1060813,FISH|Cured or Salted
Rye,CWTS (Hundredweights),MOSTLY,MOSTLY,5,1876;1881;1886;1891;1896,1876;1881;1886;1891,1876;1881;1886;1891,982700,CORN AND GRAIN|Rye
Seeds Tares and Lentils,Bushels,MOSTLY,MOSTLY,5,1876;1881;1886;1891;1896,1876;1881;1886;1891,1876;1881;1886;1891,905563,COTTON|Tares and Lentils
Clocks,Number,MOSTLY,MOSTLY,3,1876;1881;1886,1881;1886,1881;1886,863965,CHEESE|CLOCKS
Fish Fresh Not of British Taking,CWTS (Hundredweights),MOSTLY,MOSTLY,4,1876;1881;1886;1891,1876;1881;1886,1876;1881;1886,853917,FISH|Fresh (not of British taking)
Tin in Blocks Ingots Bars or Slabs,CWTS (Hundredweights),MOSTLY,MOSTLY,4,1881;1886;1891;1896,1881;1886;1896,1881;1886;1896,767495,"TIN|In Blocks, Ingots, Bars, or Slabs"
Silk Thrown dyed or not,Lbs. (Pounds),MOSTLY,MOSTLY,4,1881;1886;1891;1896,1886;1891;1896,1886;1891;1896,581867,"SILK|Thrown, Dyed or not Dyed"
Oatmeal and Groats,CWTS (Hundredweights),MOSTLY,MOSTLY,3,1886;1891;1896,1886;1891,1886;1891,554750,MEAL AND FLOUR|Oatmeal and Groats
Zinc Manufactures Unenumerated,CWTS (Hundredweights),MOSTLY,MOSTLY,3,1876;1881;1886,1876;1881,1876;1881,386067,"ZINC|Manufactures, Unenumerated"
Cotton Seeds,Tons,MOSTLY,MOSTLY,5,1876;1881;1886;1891;1896,1876;1881;1886;1891,1876;1881;1886;1891,368419,COTTON
Saltpetre,CWTS (Hundredweights),MOSTLY,MOSTLY,5,1876;1881;1886;1891;1896,1876;1881;1886;1891,1876;1881;1886;1891,340750,SALTPETRE (NITRATE OF POTASH)
Yeast Dried,CWTS (Hundredweights),MOSTLY,MOSTLY,3,1876;1881;1886,1881;1886,1881;1886,296682,"WOOLLEN MANUFACTURES|YEAST, Dried"
Oil Coco-nut,CWTS (Hundredweights),MOSTLY,MOSTLY,3,1876;1886;1896,1886;1896,1886;1896,219198,OIL|Coco-Nut
Alkali,CWTS (Hundredweights),MOSTLY,MOSTLY,5,1876;1881;1886;1891;1896,1876;1881;1886;1891,1876;1881;1886;1891,176156,ALKALI
Leather Manufactures Boots and Shoes,Dozen Pairs,MOSTLY,MOSTLY,4,1876;1886;1891;1896,1876;1886;1891,1876;1886;1891,172840,JUTE|Boots and Shoes
Tar,Barrels,MOSTLY,MOSTLY,5,1876;1881;1886;1891;1896,1876;1886;1891;1896,1876;1886;1891;1896,170037,TAR
Lead Pig and Sheet,Tons,MOSTLY,MOSTLY,5,1876;1881;1886;1891;1896,1881;1886;1891;1896,1881;1886;1891;1896,169724,LEAD|Pig or Sheet
Almonds,CWTS (Hundredweights),MOSTLY,MOSTLY,5,1876;1881;1886;1891;1896,1876;1881;1886;1891,1876;1881;1886;1891,147918,"FLOWERS, ARTIFICIAL|Almonds"
Pitch,CWTS (Hundredweights),MOSTLY,MOSTLY,5,1876;1881;1886;1891;1896,1881;1886;1891;1896,1881;1886;1891;1896,127386,PITCH
Woollen Yarn Unenumerated,None,MOSTLY,MOSTLY,3,1886;1891;1896,1886;1891,1886;1891,117243,WOOLLEN YARN|Unenumerated
Iron Bars,Tons,MOSTLY,MOSTLY,3,1876;1881;1891,1876;1881,1876;1881,111511,IRON|Bars
Iron Pig and Puddled,Tons,MOSTLY,MOSTLY,4,1876;1886;1891;1896,1876;1886;1891,1876;1886;1891,106449,IRON|Pig and Puddled
Cow Ox Bull or Elk Hair,CWTS (Hundredweights),MOSTLY,MOSTLY,5,1876;1881;1886;1891;1896,1876;1881;1886;1891,1876;1881;1886;1891,98380,"HAIR|Cow, Ox, Bull, or Elk"
Bones for manure,Tons,MOSTLY,MOSTLY,5,1876;1881;1886;1891;1896,1881;1886;1891;1896,1881;1886;1891;1896,85129,MANURES|Bones for Manure
Vegetable Ivory,CWTS (Hundredweights),MOSTLY,MOSTLY,3,1886;1891;1896,1886;1891,1886;1891,57426,IVORY|Vegetable
Wax,CWTS (Hundredweights),MOSTLY,MOSTLY,5,1876;1881;1886;1891;1896,1876;1881;1886;1891,1876;1881;1886;1891,43168,WAX
Liquorice,CWTS (Hundredweights),MOSTLY,MOSTLY,5,1876;1881;1886;1891;1896,1876;1881;1886;1891,1876;1881;1886;1891,35252,LIQUORICE
Asphalt or Bitumen,Tons,MOSTLY,MOSTLY,5,1876;1881;1886;1891;1896,1881;1886;1891;1896,1881;1886;1891;1896,28611,ASPHALT OR BITUMEN
Chloral Hydrate,Lbs. (Pounds),MOSTLY,MOSTLY,5,1876;1881;1886;1891;1896,1876;1881;1891;1896,1876;1881;1891;1896,23589,CHLORAL HYDRATE
Seed Oil,Tuns (whale oil),MOSTLY,MOSTLY,3,1881;1886;1891,1881;1886,1881;1886,23011,OIL|Seed
Iron and Steel Old Broken,Tons,MOSTLY,MOSTLY,3,1876;1881;1891,1876;1881,1876;1881,22956,IRON|Old broken Iron and Steel
Arms and Ammunition Gunpowder,CWTS (Hundredweights),MOSTLY,MOSTLY,3,1881;1886;1891,1886;1891,1886;1891,21982,ARMS AND AMMUNITION|Gunpowder
Iron Steel Unwrought,Tons,MOSTLY,MOSTLY,4,1881;1886;1891;1896,1881;1891;1896,1881;1891;1896,17491,"IRON|Steel, Unwrought"
"Coals, Culm, or Cinders",Tons,MOSTLY,MOSTLY,3,1886;1891;1896,1891;1896,1891;1896,15750,"COALS, CULM, AND CINDERS"
Arms and Ammunition Shot Large and Small,CWTS (Hundredweights),MOSTLY,MOSTLY,3,1886;1891;1896,1886;1891,1886;1891,10407,"ARMS AND AMMUNITION|Shot, Large and Small"
Isinglass,CWTS (Hundredweights),MOSTLY,MOSTLY,5,1876;1881;1886;1891;1896,1876;1881;1886;1891,1876;1881;1886;1891,8856,ISINGLASS
Cocoa Husks and Shells,CWTS (Hundredweights),MOSTLY,MOSTLY,4,1876;1886;1891;1896,1876;1891;1896,1876;1891;1896,7620,COCOA|Husks and Shells
Chloroform,Lbs. (Pounds),MOSTLY,MOSTLY,3,1876;1886;1896,1876;1896,1876;1896,4188,CHLOROFORM
Safflower,CWTS (Hundredweights),MOSTLY,MOSTLY,3,1876;1881;1886,1876;1881,1876;1881,3751,ROSIN|SAFFLOWER
Beer and Ale Mum and Spruce,Barrels,MOSTLY,MOSTLY,4,1881;1886;1891;1896,1881;1891;1896,1881;1891;1896,2061,BEER AND ALE|Mum and Spruce
Wheat,CWTS (Hundredweights),MOSTLY,MIXED,5,1876;1881;1886;1891;1896,1876;1881;1886;1891,1876;1886;1891,70025980,CORN AND GRAIN|Wheat
Flaxseed and Linseed,Qrs. (Quarters),MOSTLY,WEAK,5,1876;1881;1886;1891;1896,1881;1886;1891;1896,1881;1896,2578864,COTTON|Flax or Linseed
Oil Castor,CWTS (Hundredweights),MOSTLY,WEAK,5,1876;1881;1886;1891;1896,1876;1881;1886;1891,1881;1891,175813,OIL|Castor
Tobacco Unmanufactured,Lbs. (Pounds),MIXED,MIXED,5,1876;1881;1886;1891;1896,1886;1891;1896,1886;1891;1896,83558757,TOBACCO|Unmanufactured
Indian Corn or Maize,CWTS (Hundredweights),MIXED,MIXED,5,1876;1881;1886;1891;1896,1876;1881;1891,1876;1881;1891,51772100,CORN AND GRAIN|Maize or Indian Corn
Furs,Number,MIXED,MIXED,2,1886;1891,1886;1891,1886;1891,39158304,"SKINS, FURS, AND PELTS|Furs"
Prints and Engravings,Number,MIXED,MIXED,2,1876;1881,1876;1881,1876;1881,9530229,PRINTS AND ENGRAVINGS
Onions,Bushels,MIXED,MIXED,5,1876;1881;1886;1891;1896,1881;1886;1891,1881;1886;1891,6086905,"ONIONS, RAW"
Silk Raw,Lbs. (Pounds),MIXED,MIXED,5,1876;1881;1886;1891;1896,1876;1881;1891,1876;1881;1891,6016927,SILK|Raw
Naphtha Crude,Gallons,MIXED,MIXED,2,1876;1881,1876;1881,1876;1881,2398401,NAPHTHA (CRUDE)
Wood and Timber Hewn Fir (Other than Pit Wood or Pit Props as of 1901),Loads,MIXED,MIXED,5,1876;1881;1886;1891;1896,1886;1891;1896,1886;1891;1896,2135080,WOOD AND TIMBER|Hewn : Fir
Wool Other kinds and Flocks,Lbs. (Pounds),MIXED,MIXED,5,1876;1881;1886;1891;1896,1881;1891;1896,1881;1891;1896,1935216,"WOOL|Other Kinds, and Flocks"
Beads of Glass,Lbs. (Pounds),MIXED,MIXED,2,1876;1881,1876;1881,1876;1881,1613771,BEADS|Of Glass
Hams,CWTS (Hundredweights),MIXED,MIXED,5,1876;1881;1886;1891;1896,1876;1881;1886,1876;1881;1886,1459412,BACON AND HAMS|Hams
Woollen Yarn For Fancy Purposes,Lbs. (Pounds),MIXED,MIXED,5,1876;1881;1886;1891;1896,1886;1891;1896,1886;1891;1896,1420393,WOOLLEN YARN|For Fancy Purposes
Flax Rough or Undressed,CWTS (Hundredweights),MIXED,MIXED,2,1876;1881,1876;1881,1876;1881,1398332,FLAX|Rough or Undressed
Currants,CWTS (Hundredweights),MIXED,MIXED,5,1876;1881;1886;1891;1896,1876;1886;1891,1876;1886;1891,1366449,FRUIT|Currants
Paper Unenumerated,None,MIXED,MIXED,2,1886;1891,1886;1891,1886;1891,1104228,PAPER|Unenumerated
Woollen Manufactures Cloths and Stuffs,Pieces,MIXED,MIXED,2,1876;1881,1876;1881,1876;1881,824870,WOOLLEN MANUFACTURES|Cloths and Stuffs
"Hides Varnished, Japanned or Enamelled",Lbs. (Pounds),MIXED,MIXED,2,1876;1881,1876;1881,1876;1881,695366,"LACE AND ARTICLES THEREOF|Varnished, Japanned, or Enamelled"
Raisins,CWTS (Hundredweights),MIXED,MIXED,5,1876;1881;1886;1891;1896,1886;1891;1896,1886;1891;1896,619493,FRUIT|Raisins
Leather Varnished Japanned or Enamelled,Lbs. (Pounds),MIXED,MIXED,2,1886;1896,1886;1896,1886;1896,481023,"LACE AND ARTICLES THEREOF|Varnished, Japanned, or Enamelled"
Zinc Manufactured,CWTS (Hundredweights),MIXED,MIXED,2,1891;1896,1891;1896,1891;1896,420068,ZINC|Manufactures
Confectionery,CWTS (Hundredweights),MIXED,MIXED,5,1876;1881;1886;1891;1896,1881;1886;1891,1881;1886;1891,347562,CONFECTIONERY
"Glass Plate, whether Silvered or not",CWTS (Hundredweights),MIXED,MIXED,5,1876;1881;1886;1891;1896,1876;1886;1891,1876;1886;1891,258822,"GLASS|Plate, whether Silvered or not"
Yeast,CWTS (Hundredweights),MIXED,MIXED,2,1891;1896,1891;1896,1891;1896,254930,YEAST
Hops,CWTS (Hundredweights),MIXED,MIXED,5,1876;1881;1886;1891;1896,1881;1886;1891,1881;1886;1891,207041,HOPS
Oatmeal,CWTS (Hundredweights),MIXED,MIXED,2,1876;1881,1876;1881,1876;1881,177897,MEAL AND FLOUR|Oatmeal
Buckwheat,CWTS (Hundredweights),MIXED,MIXED,5,1876;1881;1886;1891;1896,1876;1881;1886,1876;1881;1886,177892,CORN AND GRAIN|Buckwheat
Candles Stearine,CWTS (Hundredweights),MIXED,MIXED,2,1876;1881,1876;1881,1876;1881,144380,CANDLES|Stearine
Cotton Manufactures Piece Goods of India and China,Pieces,MIXED,MIXED,2,1876;1881,1876;1881,1876;1881,117685,COTTON MANUFACTURES|Piece Goods of India and China
Gum Arabic,CWTS (Hundredweights),MIXED,MIXED,5,1876;1881;1886;1891;1896,1881;1891;1896,1881;1891;1896,101130,GUM|Arabic
Dye Woods Logwood,Tons,MIXED,MIXED,5,1876;1881;1886;1891;1896,1876;1881;1886,1876;1881;1886,76075,DYE WOODS|Logwood
"Earthenware, not being China or Porcelain Ware",CWTS (Hundredweights),MIXED,MIXED,2,1876;1881,1876;1881,1876;1881,72516,"COTTON MANUFACTURES|EARTHENWARE, not being China or Porcelain Ware"
Gutta Percha Raw,CWTS (Hundredweights),MIXED,MIXED,2,1876;1881,1876;1881,1876;1881,68445,GUTTA PERCHA|Raw
Ginger Raw,CWTS (Hundredweights),MIXED,MIXED,2,1876;1881,1876;1881,1876;1881,62164,SPICES|Ginger (Raw)
Galls,CWTS (Hundredweights),MIXED,MIXED,5,1876;1881;1886;1891;1896,1876;1881;1891,1876;1881;1891,50006,GALLS
Ore Unenumerated,Tons,MIXED,MIXED,5,1876;1881;1886;1891;1896,1876;1881;1891,1876;1881;1891,47704,"ORE, UNENUMERATED"
Horses,Number,MIXED,MIXED,2,1876;1881,1876;1881,1876;1881,41148,COWS|Horses
Copper Unwrought and part Wrought,Tons,MIXED,MIXED,2,1876;1881,1876;1881,1876;1881,39226,COPPER|Unwrought and Part Wrought
Cochineal,CWTS (Hundredweights),MIXED,MIXED,5,1876;1881;1886;1891;1896,1886;1891;1896,1886;1891;1896,30440,"CHEMICAL MANUFACTURES AND PRODUCTS, UNENUMERATED|Cochineal"
Madder,CWTS (Hundredweights),MIXED,MIXED,2,1876;1881,1876;1881,1876;1881,25570,MADDER
Gambier,Tons,MIXED,MIXED,2,1876;1881,1876;1881,1876;1881,24064,GAMBIER
Prunes,CWTS (Hundredweights),MIXED,MIXED,5,1876;1881;1886;1891;1896,1876;1891;1896,1876;1891;1896,24062,FRUIT|Prunes
Flax Dressed,CWTS (Hundredweights),MIXED,MIXED,2,1876;1881,1876;1881,1876;1881,23487,FLAX|Dressed
Lead Manufactures Unenumerated,CWTS (Hundredweights),MIXED,MIXED,5,1876;1881;1886;1891;1896,1876;1881;1886,1876;1881;1886,17041,"LEAD|Manufactures, Unenumerated"
Books,CWTS (Hundredweights),MIXED,MIXED,2,1876;1881,1876;1881,1876;1881,16740,BOOKS
Mares,Number,MIXED,MIXED,2,1891;1896,1891;1896,1891;1896,14309,"ANIMALS, LIVING|Mares"
Maps and Charts,Number,MIXED,MIXED,2,1876;1881,1876;1881,1876;1881,13262,MAPS AND CHARTS
"Gunstocks in the rough, or Wood",CWTS (Hundredweights),MIXED,MIXED,2,1876;1881,1876;1881,1876;1881,12099,"GUNSTOCKS IN THE ROUGH, OF WOOD"
Candles Other Kinds,CWTS (Hundredweights),MIXED,MIXED,2,1876;1881,1876;1881,1876;1881,11864,CANDLES|Other Kinds
Salt,Tons,MIXED,MIXED,2,1876;1881,1876;1881,1876;1881,10303,SALT
Malt,Qrs. (Quarters),MIXED,MIXED,2,1886;1896,1886;1896,1886;1896,5037,MALT
Copper Old (fit only to be re-manufactured from 1876 onward),Tons,MIXED,MIXED,5,1876;1881;1886;1891;1896,1876;1886;1891,1876;1886;1891,4197,"COPPER|Old, fit only to be re-manufactured"
Copper Part Wrought,Tons,MIXED,MIXED,2,1886;1891,1886;1891,1886;1891,2935,COPPER|Part Wrought
Wool Sheep and Lambs,Lbs. (Pounds),MIXED,WEAK,5,1876;1881;1886;1891;1896,1876;1891;1896,1876;1896,715470708,WOOL|Sheep or Lambs'
Gum Kowrie,CWTS (Hundredweights),MIXED,WEAK,5,1876;1881;1886;1891;1896,1881;1886;1891,1881;1886,74767,GUM|Kowrie
Nuts and Kernels for expressing Oil,Tons,MIXED,WEAK,5,1876;1881;1886;1891;1896,1876;1881;1896,1881,62930,NUTS AND KERNELS|Commonly used for expressing Oil therefrom
Gutta Percha,CWTS (Hundredweights),MIXED,WEAK,2,1886;1891,1886;1891,1886,60911,GUTTA PERCHA
Paraffin,CWTS (Hundredweights),WEAK,SOLID,5,1876;1881;1886;1891;1896,,1876;1881;1886;1891;1896,725398,PARAFFINE
Tea,Lbs. (Pounds),WEAK,WEAK,5,1876;1881;1886;1891;1896,1881;1891,1881;1891,265394122,TEA
Leather Undressed,Lbs. (Pounds),WEAK,WEAK,3,1886;1891;1896,1886,1886,99613224,"LEATHER, UNDRESSED"
Petroleum Refined,Gallons,WEAK,WEAK,2,1876;1881,1876,1876,58371386,PAPER|Refined
Hides Tanned not otherwise Dressed,Lbs. (Pounds),WEAK,WEAK,2,1876;1881,1876,1876,41870353,"HIDES|Tanned, not otherwise Dressed"
Fruit Preserved without Sugar Unenumerated,Lbs. (Pounds),WEAK,WEAK,4,1876;1881;1886;1891,1876,1876,38182759,"FRUIT|Preserved without Sugar, Unenumerated"
Wheat Meal and Flour,CWTS (Hundredweights),WEAK,WEAK,5,1876;1881;1886;1891;1896,1886;1891,1886;1891,21320200,MEAL AND FLOUR|Wheat Meal or Flour
Skins Furs Pelts Furs Unenumerated,Number,WEAK,WEAK,2,1876;1881,1876,,21310488,"SKINS, FURS, AND PELTS|Sheep and Lamb, Undressed"
Linen Yarn,Lbs. (Pounds),WEAK,WEAK,5,1876;1881;1886;1891;1896,1891;1896,1891;1896,20069122,LINEN|Yarn
Wine Total of all Kinds,Gallons,WEAK,WEAK,5,1876;1881;1886;1891;1896,1886;1891,1886;1891,19950723,WINE|Total of all Kinds
Goats Wool or Hair,Lbs. (Pounds),WEAK,WEAK,4,1876;1881;1886;1891,1881;1886,1881;1886,19527200,WOOL|Goats' Wool or Hair
Cotton Waste,Lbs. (Pounds),WEAK,WEAK,5,1876;1881;1886;1891;1896,1876;1881,1876;1881,19503049,COTTON|Waste
Sugar Unrefined Total,CWTS (Hundredweights),WEAK,WEAK,5,1876;1881;1886;1891;1896,1876,1876,18651383,SUGAR|Unrefined of all Kinds
Percussion Caps,Number,WEAK,WEAK,2,1876;1881,1876,1876,14251000,"CANNON AND MORTARS, MOUNTED OR ACCOMPANIED WITH CARRIAGES|Percussion Caps"
Skins Furs Pelts Sheep Undressed,Number,WEAK,WEAK,4,1881;1886;1891;1896,,1886,13364634,WINE|Red
Sugar Refined and Sugar Candy,CWTS (Hundredweights),WEAK,WEAK,5,1876;1881;1886;1891;1896,1876,1876,12131275,"SUGAR|Refined, or Sugar equal in quality thereto, and Sugar Candy"
Wine Red in Casks,Gallons,WEAK,WEAK,2,1891;1896,1891,1891,11019775,"WINE|Red, in Casks"
Spirits Rum,Proof Gallons,WEAK,WEAK,5,1876;1881;1886;1891;1896,1886;1891,1886;1891,10395335,SPIRITS|Rum
"Hides Tawed Curried or in any way Dress, not being Varnished Japanned or Enamelled",Lbs. (Pounds),WEAK,WEAK,2,1876;1881,1876,1876,9648346,"HATS OR BONNETS|Tawed, Curried, or in any way Dressed, not being Varnished, Japanned, or Enamelled"
Sugar Unrefined Cane and Other Sorts,CWTS (Hundredweights),WEAK,WEAK,3,1886;1891;1896,1891,1891,9461866,"SUGAR|Unrefined: Cane, and Other Sorts"
Spirits Brandy,Proof Gallons,WEAK,WEAK,4,1876;1881;1886;1891,1891,1891,7913092,SPIRITS|Brandy
Apples Raw,Bushels,WEAK,WEAK,3,1886;1891;1896,1891,1891,6176956,"FLOWERS, ARTIFICIAL|Apples, Raw"
"Wood and Timber Fir - Sawn or Split, Planed or Dressed",Loads,WEAK,WEAK,5,1876;1881;1886;1891;1896,1876;1881,1876;1881,5877449,"WOOD AND TIMBER|Sawn or Split, Planed or Dressed : Fir"
Iron Ore Including Chrome,Tons,WEAK,WEAK,5,1876;1881;1886;1891;1896,1876;1881,1876;1881,5438307,IRON|Ore (including Chrome)
Wool Alpaca Llama and Vicuna,Lbs. (Pounds),WEAK,WEAK,5,1876;1881;1886;1891;1896,1876,1876,4962080,"WOOL|Alpaca, Llama, and Vicuna"
Fruit Raw unenumerated,Bushels,WEAK,WEAK,4,1881;1886;1891;1896,1886;1891,1886;1891,4045691,FRUIT|Unenumerated : Raw
Jute Yarn,Lbs. (Pounds),WEAK,WEAK,2,1886;1896,1886,1886,3948886,JUTE|Yarn
Cocoa or Chocolate ground prepared or in anyway manufactured,Lbs. (Pounds),WEAK,WEAK,4,1881;1886;1891;1896,1881,1881,3794422,"COCOA OR CHOCOLATE, GROUND, PREPARED OR IN ANYWAY MANUFACTURED"
Iron Manufactures Unenumerated,CWTS (Hundredweights),WEAK,WEAK,2,1886;1896,1886,1886,3741567,IRON MANUFACTURES|Unenumerated
Hats and Bonnets of other Material,Number,WEAK,WEAK,5,1876;1881;1886;1891;1896,1886,1886,3603765,PAPER|Of Other Material
"Iron and Steel, Manufactures of, Unenumerated",CWTS (Hundredweights),WEAK,WEAK,2,1881;1891,1881,1881,3506926,"IRON|Manufactures of Iron and Steel, Unenumerated"
Tobacco Manufactured Cigars,Lbs. (Pounds),WEAK,WEAK,5,1876;1881;1886;1891;1896,1876,1876,3380969,FRUIT|Manufactured : Cigars
Nitre Cubic,CWTS (Hundredweights),WEAK,WEAK,4,1876;1881;1886;1891,1876;1891,1876;1891,3301546,"NITRE, CUBIC"
Wine White in Casks,Gallons,WEAK,WEAK,2,1891;1896,1891,1891,3187945,"WINE|White, in Casks"
Jute Yarn and Waste of Jute,Lbs. (Pounds),WEAK,WEAK,3,1876;1881;1891,1876,1876,3021391,JUTE|Yarn and Waste of
Peas,CWTS (Hundredweights),WEAK,WEAK,5,1876;1881;1886;1891;1896,1896,1896,3018657,CORDAGE|Peas
Mutton Fresh,CWTS (Hundredweights),WEAK,WEAK,3,1886;1891;1896,1886,,2895158,"MUTTON, FRESH"
Seeds Garden unenumerated,Lbs. (Pounds),WEAK,WEAK,5,1876;1881;1886;1891;1896,1891;1896,1891;1896,2675056,"COTTON|Garden, unenumerated"
Beef Fresh,CWTS (Hundredweights),WEAK,WEAK,4,1881;1886;1891;1896,1881,1881,2659700,FISH|Fresh
Sugar Refined In Lumps and Loaves,CWTS (Hundredweights),WEAK,WEAK,3,1886;1891;1896,1896,1896,2645654,"SUGAR|Refined, or rendered by any process equal thereto : In Lumps and Loaves"
Spirits Unenumerated not Sweetened or Mixed,Proof Gallons,WEAK,WEAK,3,1876;1886;1896,1886,1886,2324405,"SPIRITS|Unenumerated, not Sweetened or Mixed"
Tobacco Manufactured Cavendish or Negrohead,Lbs. (Pounds),WEAK,WEAK,5,1876;1881;1886;1891;1896,1876;1881,1876;1881,2065963,SPIRITS|Manufactured : Cavendish or Negrohead
Hemp Dressed or Undressed,CWTS (Hundredweights),WEAK,WEAK,2,1886;1891,1886,1886,1947408,"HEMP, DRESSED OR UNDRESSED"
Spirits Unenumerated not Sweetened,Proof Gallons,WEAK,WEAK,2,1881;1891,1891,1891,1639895,"SPIRITS|Unenumerated, not Sweetened or Mixed"
Glucose,CWTS (Hundredweights),WEAK,WEAK,5,1876;1881;1886;1891;1896,1876;1881,1876;1881,1539127,"SUGAR|Glucose, Solid or Liquid"
"Glass Manufactures, Unenumerated",CWTS (Hundredweights),WEAK,WEAK,5,1876;1881;1886;1891;1896,1876,1876,1333086,"GLASS|Manufactures, Unenumerated"
Hemp Rough or Undressed,CWTS (Hundredweights),WEAK,WEAK,2,1876;1881,1881,1881,1314191,HEMP|Rough or Undressed
Margarine,CWTS (Hundredweights),WEAK,WEAK,2,1891;1896,1891,1891,1235430,MARGARINE
"Window Glass (not being Plate Glass), and German Sheet Glass, including Shades and Cylinders",CWTS (Hundredweights),WEAK,WEAK,5,1876;1881;1886;1891;1896,1876,1876,1184311,"GLASS|Window Glass (not being Plate Glass), and German Sheet Glass, including Shades and Cylinders"
Feathers Ornamental,Lbs. (Pounds),WEAK,WEAK,5,1876;1881;1886;1891;1896,1881,1881,1166512,FEATHERS|Ornamental
Palm Oil,CWTS (Hundredweights),WEAK,WEAK,5,1876;1881;1886;1891;1896,1876;1881,1876;1881,1146241,OIL|Palm
Sheep and Lambs,Number,WEAK,WEAK,5,1876;1881;1886;1891;1896,1876;1881,1876;1881,1041329,COWS|Sheep and Lambs
Seeds Unenumerated Other Sorts,CWTS (Hundredweights),WEAK,WEAK,5,1876;1881;1886;1891;1896,1886;1891,1886;1891,987195,"SEEDS|Unenumerated, other sorts"
Chicory Roasted or Ground,Lbs. (Pounds),WEAK,WEAK,5,1876;1881;1886;1891;1896,1881,1881,886684,CHICORY|Roasted or Ground
Muskets Rifles and Guns of any other Sort and Pistols,Number,WEAK,WEAK,3,1876;1881;1886,1876,1876,870935,"ARMS, AMMUNITION, AND MILITARY STORES|Muskets, Rifles, and Guns of any other Sort, and Pistols"
Skins Furs Pelts Unenumerated Other Sorts Undressed,Number,WEAK,WEAK,4,1881;1886;1891;1896,1881,1881,825829,"SKINS, FURS, AND PELTS|Unenumerated, other sorts, Undressed"
Opium,Lbs. (Pounds),WEAK,WEAK,5,1876;1881;1886;1891;1896,1886;1891,1886;1891,793146,DRUGS|Opium
Fresh Herrings,CWTS (Hundredweights),WEAK,WEAK,2,1891;1896,1896,1896,773591,"CHINA, OR PORCELAIN, AND EARTHENWARE|Fresh (not of British taking) : Herrings"
Coffee Raw,CWTS (Hundredweights),WEAK,WEAK,2,1891;1896,1896,1896,726868,"COFFEE, RAW"
Hides Raw Dry,CWTS (Hundredweights),WEAK,WEAK,3,1876;1886;1896,1886,1886,721752,"HIDES, RAW, OR PIECES THEREOF|Dry"
Skins Furs Pelts Seal,Number,WEAK,WEAK,5,1876;1881;1886;1891;1896,1891,1891,717121,"SKINS, FURS, AND PELTS|Seal"
Bark For Tanners and Dyers Use,CWTS (Hundredweights),WEAK,WEAK,3,1876;1881;1891,1876,1876,672319,BARK|For Tanners' or Dyers' Use
Myrabolans,CWTS (Hundredweights),WEAK,WEAK,5,1876;1881;1886;1891;1896,1876,1876,632265,MYRABOLANS
Milk Condensed,CWTS (Hundredweights),WEAK,WEAK,2,1891;1896,1891,1891,611335,"MILK, CONDENSED"
Hides Raw Wet,CWTS (Hundredweights),WEAK,WEAK,3,1876;1886;1896,1886,1886,604734,"HIDES, RAW, OR PIECES THEREOF|Wet"
Wine Red in Bottles Still,Gallons,WEAK,WEAK,2,1891;1896,1896,1896,603470,"TOBACCO|Red, in Bottles, Still"
Meat Unenumerated Preserved otherwise than by Salting,CWTS (Hundredweights),WEAK,WEAK,2,1881;1886,1881,1881,575482,"MEAT, UNENUMERATED|Preserved, otherwise than by Salting"
Oxen and Bulls,Number,WEAK,WEAK,5,1876;1881;1886;1891;1896,1881;1886,1881;1886,558361,ANIMALS LIVING|Oxen and Bulls
Hides Untanned Wet,CWTS (Hundredweights),WEAK,WEAK,2,1881;1891,1881,1881,555690,"HIDES, NOT TANNED, TAWED, CURRIED, OR IN ANY WAY DRESSED|Wet"
Hides Untanned Dry,CWTS (Hundredweights),WEAK,WEAK,2,1881;1891,1881,1881,554110,"HIDES, NOT TANNED, TAWED, CURRIED, OR IN ANY WAY DRESSED|Dry"
Sago and Sago Flour,CWTS (Hundredweights),WEAK,WEAK,4,1876;1881;1886;1891,1876;1881,1876;1881,548797,SAGO AND SAGO FLOUR
Meal Unenumerated,CWTS (Hundredweights),WEAK,WEAK,4,1876;1886;1891;1896,1876,1876,536647,"MEAL AND FLOUR|Meal, Unenumerated"
Dye Stuffs Bark,CWTS (Hundredweights),WEAK,WEAK,3,1886;1891;1896,1886,1886,489846,"DYE STUFFS, AND SUBSTANCES USED IN TANNING|Bark"
Seeds Rape,Qrs. (Quarters),WEAK,WEAK,4,1876;1886;1891;1896,1891,1891,459973,SEEDS|Rape
Caoutchouc,CWTS (Hundredweights),WEAK,WEAK,5,1876;1881;1886;1891;1896,1876;1881,1876;1881,431148,CAOUTCHOUC
Stones Marble Slate and other Sorts of Stone Rough Hewn or Manufactured,Tons,WEAK,WEAK,4,1876;1881;1886;1891,1876;1881,1876;1881,428072,"STONES, MARBLE, SLATE, AND OTHER SORTS OF STONE, ROUGH, HEWN, OR MANUFACTURED"
Wine White in Bottles Still,Gallons,WEAK,WEAK,2,1891;1896,1891,1891,383647,"WINE|White, in Bottles—Still"
None,CWTS (Hundredweights),WEAK,WEAK,5,1876;1881;1886;1891;1896,,1876;1891,372105,FLAX|Tow or Codilla of
Fruit Dried unenumerated,Bushels,WEAK,WEAK,5,1876;1881;1886;1891;1896,1886;1891,1886;1891,371998,FRUIT|Unenumerated : Dried
Maize or Indian Corn Meal,CWTS (Hundredweights),WEAK,WEAK,5,1876;1881;1886;1891;1896,1886;1891,1886;1891,368100,MEAL AND FLOUR|Maize or Indian Corn Meal
Spirits Geneva,Proof Gallons,WEAK,WEAK,5,1876;1881;1886;1891;1896,1886;1891,1886;1891,359088,SPIRITS|Geneva
"Wood and Timber Sawn or Split, Planed or Dressed Unenumerated",Loads,WEAK,WEAK,5,1876;1881;1886;1891;1896,1876;1881,1876;1881,358417,"SUGAR|Sawn or Split, Planed or Dressed : Unenumerated"
Tobacco Manufactured Other Sorts,Lbs. (Pounds),WEAK,WEAK,4,1876;1881;1886;1891,1886,1886,337392,TOBACCO|.. Other Manufactured Tobacco
Paper Making Materials Pulp of Wood,Tons,WEAK,WEAK,2,1891;1896,1891,1891,327080,"RAGS, AND OTHER MATERIALS FOR MAKING PAPER|Pulp of Wood"
China or Porcelain and Earthenware,CWTS (Hundredweights),WEAK,WEAK,3,1886;1891;1896,1886,1886,323708,CHINA OR PORCELAIN AND EARTHENWARE
Pork Fresh,CWTS (Hundredweights),WEAK,WEAK,5,1876;1881;1886;1891;1896,1876,1876,299411,FISH|Fresh
Dye Stuffs Unenumerated,CWTS (Hundredweights),WEAK,WEAK,5,1876;1881;1886;1891;1896,1876,1876,289064,"COTTON MANUFACTURES|DYE STUFFS, Unenumerated"
Meat Unenumerated Salted or Fresh,CWTS (Hundredweights),WEAK,WEAK,5,1876;1881;1886;1891;1896,1876,1876,279390,"MEAT|Salted or Fresh, not otherwise described"
Manure Unenumerated,Tons,WEAK,WEAK,5,1876;1881;1886;1891;1896,1891,,262109,MANURES|Bones for Manure
Metal Leaf not Gold,Packets of 250 Leaves,WEAK,WEAK,3,1876;1886;1896,1896,1896,250262,"METAL|Leaf, not Gold"
Cocoa-nut Oil,CWTS (Hundredweights),WEAK,WEAK,2,1881;1891,1881,1881,248412,OIL|Coco-nut
Coffee and Chicory mixed,Lbs. (Pounds),WEAK,WEAK,3,1886;1891;1896,1891,1891,232786,"COCOA|COFFEE AND CHICORY, mixed"
Esparto and other Vegetable Fibres for making Paper,Tons,WEAK,WEAK,4,1876;1881;1886;1891,1876,1876,212666,RAGS AND OTHER MATERIALS FOR MAKING PAPER|Esparto and other Vegetable Fibres
Guano,Tons,WEAK,WEAK,5,1876;1881;1886;1891;1896,1876;1891,1876;1891,199291,MANURES|GUANO
Vinegar,Gallons,WEAK,WEAK,4,1876;1886;1891;1896,1891;1896,1891;1896,186237,VINEGAR
Meat unenumerated Preserved otherwise than by Salting Other Sorts,CWTS (Hundredweights),WEAK,WEAK,2,1891;1896,1891,1891,177238,"MEAT, UNENUMERATED|Other Sorts"
Sardines Cured or Salted,CWTS (Hundredweights),WEAK,WEAK,2,1891;1896,1896,1896,175723,"FISH (INCLUDING TURTLE)|Cured, Sardines"
Seeds Unenumerated for expressing Oil therefrom,Qrs. (Quarters),WEAK,WEAK,5,1876;1881;1886;1891;1896,1886,1886,161742,"SEEDS|Unenumerated, for expressing oil   therefrom"
Manganese Ore,Tons,WEAK,WEAK,5,1876;1881;1886;1891;1896,1876;1881,1876;1881,159982,MANGANESE ORE
"Gum Lac, Seed, Shell, Stick, and Dye",CWTS (Hundredweights),WEAK,WEAK,5,1876;1881;1886;1891;1896,1876;1881,1876;1881,157352,"GUM|Lac, Seed, Shell, Stick, and Dye"
Skins Furs Pelts Unenumerated Dressed not Leather,Number,WEAK,WEAK,3,1886;1891;1896,1886,1886,148033,"SKINS, FURS, AND PELTS|In any way Dressed, (not Leather)"
Bark Peruvian,CWTS (Hundredweights),WEAK,WEAK,5,1876;1881;1886;1891;1896,1876;1881,1876;1881,145367,BARK|Peruvian
Wood and Timber Hewn Oak,Loads,WEAK,WEAK,5,1876;1881;1886;1891;1896,1876;1881,1876;1881,145358,"WOOD AND TIMBER|Hewn, Fir : Oak"
Figs and Fig Cake,CWTS (Hundredweights),WEAK,WEAK,4,1881;1886;1891;1896,1886;1896,1886;1896,143339,FRUIT|Figs and Fig Cake
Chicory Raw or Kiln-Dried,CWTS (Hundredweights),WEAK,WEAK,5,1876;1881;1886;1891;1896,1881,1881,137495,CHICORY|Raw or Kiln-dried
Wood and Timber Furniture Woods Hardwoods and Veneers Unenumerated,Tons,WEAK,WEAK,5,1876;1881;1886;1891;1896,1886,,136950,WOOD AND TIMBER|Furniture and Hardwoods
Soap Transparent in the manufacture of which Spirit has been used,Lbs. (Pounds),WEAK,WEAK,4,1881;1886;1891;1896,1886,1886,126863,"PLATE|SOAP, Transparent, in the Manufacture of which Spirit has been used"
Flint Glass,CWTS (Hundredweights),WEAK,WEAK,2,1876;1881,1876,1876,123840,GLASS|Flint Glass
Copper Regulus (and Precipitate from 1886 onward),Tons,WEAK,WEAK,5,1876;1881;1886;1891;1896,1886,1886,123337,COPPER|Regulus and Precipitate
Succades including all Fruits and Vegetables preserved in Sugar,CWTS (Hundredweights),WEAK,WEAK,4,1876;1881;1886;1891,1886,1886,120752,SUCCADES (INCLUDING ALL FRUITS AND VEGETABLES PRESERVED IN SUGAR)
Other Materials and Pulp of Rags and of Wood for Making Paper,Tons,WEAK,WEAK,3,1881;1886;1891,1881,1881,117663,"RAGS, AND OTHER MATERIALS, FOR MAKING PAPER|Other Materials, and Pulp of Rags and of Wood"
Hemp Tow or Codilla of Hemp,CWTS (Hundredweights),WEAK,WEAK,5,1876;1881;1886;1891;1896,1876,1876,115591,HEMP|Tow or Codilla of
Plate of Silver gilt or ungilt,Ozs. Troy. ,WEAK,WEAK,5,1876;1881;1886;1891;1896,1896,1896,112758,"PLATE|Of Silver, gilt or ungilt"
Iron Bar Angle Bolt and Rod,Tons,WEAK,WEAK,2,1886;1896,1896,1896,105466,"IRON|Bar, angle, bolt, and rod"
Copper Ore,Tons,WEAK,WEAK,5,1876;1881;1886;1891;1896,1886;1896,1886;1896,102805,"COPPER, ORE OF"
Moss Litter,Tons,WEAK,WEAK,2,1891;1896,1891,1891,99229,MOSS LITTER
Ginger Spice,CWTS (Hundredweights),WEAK,WEAK,3,1886;1891;1896,1896,1896,96217,SPICES|Ginger
Wood and Timber Hewn Unenumerated,Loads,WEAK,WEAK,5,1876;1881;1886;1891;1896,1881;1891,1881;1891,93289,"WOOD AND TIMBER|Hewn, Teak : Unenumerated"
Indigo,CWTS (Hundredweights),WEAK,WEAK,5,1876;1881;1886;1891;1896,1876;1881,1876;1881,89941,ICE|INDIGO
Hemp Dressed,CWTS (Hundredweights),WEAK,WEAK,2,1876;1881,1881,1881,86322,HEMP|Dressed
Platina Wrought and Unwrought,Ozs. Troy. ,WEAK,WEAK,5,1876;1881;1886;1891;1896,1876;1881,1876;1881,84991,"PLATINA, WROUGHT AND UNWROUGHT"
Vegetable Substances applicable to the same uses as Hemp or Flax,CWTS (Hundredweights),WEAK,WEAK,5,1876;1881;1886;1891;1896,1876;1881,1876;1881,82624,HEMP|Vegetable Substances applicable to the same   uses as Hemp or Flax
Silk Knobs or Husks and Waste,CWTS (Hundredweights),WEAK,WEAK,5,1876;1881;1886;1891;1896,1886,1886,77556,"SILK|Knobs and Husks of Silk, and Waste"
Iron Manufactures Girders Beams and Pillars,Tons,WEAK,WEAK,2,1891;1896,1896,1896,75197,"HORNS, TIPS AND PIECES OF HORNS AND HOOFS|Manufactures of Iron or Steel: Girders, Beams, and Pillars"
Spirits Sweetened or Mixed Tested,Proof Gallons,WEAK,WEAK,3,1881;1886;1891,1891,1891,68647,"SPIRITS|Unenumerated, Sweetened or Mixed (Tested)"
Wood and Timber Hewn Teak,Loads,WEAK,WEAK,5,1876;1881;1886;1891;1896,1881;1891,1881,66367,"WOOD AND TIMBER|Hewn, Teak"
China or Porcelain Ware,CWTS (Hundredweights),WEAK,WEAK,2,1876;1881,1876,1876,61971,"CHEMICAL MANUFACTURES AND PRODUCTS, UNENUMERATED|CHINA or PORCELAIN WARE"
Copper Unwrought,Tons,WEAK,WEAK,3,1886;1891;1896,1886,1886,60430,"COPPER|Unwrought, in bars, blocks, or     slabs, cakes, or ingots"
Cows,Number,WEAK,WEAK,5,1876;1881;1886;1891;1896,1876;1881,1876;1881,58520,COWS
Lead Ore,Tons,WEAK,WEAK,5,1876;1881;1886;1891;1896,1876;1881,1876;1881,56272,LEAD|Ore
Perfumed Spirits and Cologne Water,Gallons,WEAK,WEAK,4,1881;1886;1891;1896,1886,1886,54318,SPIRITS|.. Perfumed
"Mahogany - Furniture, Hardwoods or Veneers",Tons,WEAK,WEAK,5,1876;1881;1886;1891;1896,1881,1881,53772,"WOOD AND TIMBER|Furniture, Hardwoods, and Veneers : Mahogany"
Wine in Bottles Sparkling Hock,Gallons,WEAK,WEAK,2,1891;1896,1896,1896,47516,"TEA|White, in Bottles: Sparkling : Hock"
Imitation Rum,Proof Gallons,WEAK,WEAK,2,1891;1896,1891,1891,45036,"FRUIT|Rum, Imitation"
Calves,Number,WEAK,WEAK,4,1876;1881;1886;1891,1876;1881,1876;1881,44098,COWS|Calves
Books including Maps and Charts,CWTS (Hundredweights),WEAK,WEAK,3,1886;1891;1896,1886,1886,43851,"BOOKS BOUND OR UNBOUND, INCLUDING MAPS AND CHARTS"
Beer and Ale of other Sorts,Barrels,WEAK,WEAK,5,1876;1881;1886;1891;1896,1876;1881,1876;1881,43612,BEER AND ALE|Of other Sorts
Swine,Number,WEAK,WEAK,2,1876;1886,1876,1876,43558,COWS|Swine
Playing Cards,Dozen Packs,WEAK,WEAK,4,1876;1881;1886;1896,1876,1876,42067,"CARDS, PLAYING"
"Brass, Bronze, and Metal, Bronzed or Lacquered",CWTS (Hundredweights),WEAK,WEAK,5,1876;1881;1886;1891;1896,1876,1876,40850,"BRASS, BRONZE, AND METAL, BRONZED AND LACQUERED"
Coffee Kiln Dried Roasted or Ground,Lbs. (Pounds),WEAK,WEAK,2,1891;1896,1896,1896,40205,"COFFEE|Kiln dried, roasted or ground"
Imitation Lard,CWTS (Hundredweights),WEAK,WEAK,2,1891;1896,1891,1891,39663,LARD|Imitation Lard (including all kinds of Artificial or Imitation Lard)
Rags Woollen applicable to other uses than Manure torn up or not,Tons,WEAK,WEAK,5,1876;1881;1886;1891;1896,1881,1881,37037,"RAGS, WOOLLEN, APPLICABLE TO OTHER USES THAN MANURE, TORN UP OR NOT"
Zinc Ore,Tons,WEAK,WEAK,5,1876;1881;1886;1891;1896,1876;1881,1876;1881,36726,ZINC|Ore
Linen and Cotton Rags,Tons,WEAK,WEAK,2,1876;1886,1876,1876,36604,RAGS AND OTHER MATERIALS FOR MAKING PAPER|Linen and Cotton Rags
Feathers for Beds,CWTS (Hundredweights),WEAK,WEAK,5,1876;1881;1886;1891;1896,1886,1886,35601,FEATHERS|For Beds
Valonia,Tons,WEAK,WEAK,5,1876;1881;1886;1891;1896,1886;1891,1886;1891,34923,"DYE STUFFS, AND SUBSTANCES USED IN TANNING|Valonia"
Paper Making Materials Linen and Cotton Rags,Tons,WEAK,WEAK,3,1881;1891;1896,1881,1881,32824,"RAGS, AND OTHER MATERIALS, FOR MAKING PAPER|Linen and Cotton Rags"
Plums French and Prunelloes,CWTS (Hundredweights),WEAK,WEAK,5,1876;1881;1886;1891;1896,1896,1896,32783,BEER AND ALE|Plums (French) and Prunelloes
Cutch and Gambier,Tons,WEAK,WEAK,3,1886;1891;1896,1886,,28352,"DYE STUFFS, AND SUBSTANCES USED IN TANNING|Cutch and Gambier"
Dye Woods Unenumerated,Tons,WEAK,WEAK,5,1876;1881;1886;1891;1896,1886,1886,27272,DYE WOODS|Unenumerated
Plums Dried or Preserved,CWTS (Hundredweights),WEAK,WEAK,4,1876;1886;1891;1896,1891;1896,1891;1896,26197,"FRUIT|Plums, Dried or Preserved"
Geldings,Number,WEAK,WEAK,2,1891;1896,1896,1896,25870,"ANIMALS, LIVING|Geldings"
Pickles preserved in Vinegar,Gallons,WEAK,WEAK,2,1876;1881,1881,1881,22407,PETROLEUM|PICKLES
Madder Madder Root Garancine and Munjeet,CWTS (Hundredweights),WEAK,WEAK,2,1886;1896,1886,1886,21395,"DYE STUFFS, AND SUBSTANCES USED IN TANNING|Madder, Madder Root, Garancine and Munjeet"
Train or Blubber (Whale Oils),Tuns (whale oil),WEAK,WEAK,5,1876;1881;1886;1891;1896,1876;1881,1876;1881,21360,OIL|Train or Blubber
Spirits Unenumerated not tested,Gallons,WEAK,WEAK,2,1886;1891,1891,1891,18639,"SPIRITS|Unenumerated, Sweetened or Mixed (Tested) : Not tested, for ascertaining the strength"
Iron Old,Tons,WEAK,WEAK,2,1886;1896,1886,1886,15333,"IRON|Old Broken, and Old Cast Iron and Steel"
Shumach,Tons,WEAK,WEAK,5,1876;1881;1886;1891;1896,1876;1881,1876;1881,15172,"DYE STUFFS, AND SUBSTANCES USED IN TANNING|SHUMACH"
Ivory (Elephant Sea Cow Sea Horse or Sea Moose Teeth),CWTS (Hundredweights),WEAK,WEAK,4,1881;1886;1891;1896,,1881,12377,CANDLES|Other Kinds
Wine Red in Bottles Sparkling Burgundy,Gallons,WEAK,WEAK,2,1891;1896,1896,1896,12045,"TOBACCO|White, in Bottles, Still : Burgundy"
Bones (except Whalefins),Tons,WEAK,WEAK,3,1876;1881;1886,1886,1886,10519,BONES (EXCEPT WHALEFINS)|Applicable to Manufacturing Pur-     poses
Bones except Whalebone for Manufacturing,Tons,WEAK,WEAK,2,1891;1896,1891,1891,9678,BONES (EXCEPT WHALEFINS)|Applicable to Manufacturing Pur-     poses
Cutch,Tons,WEAK,WEAK,2,1876;1881,,1876,8947,COTTON MANUFACTURES|CUTTH
Horns Tips and Pieces of Horns and Hoofs,Tons,WEAK,WEAK,2,1876;1896,1896,1896,6385,"HORNS, TIPS AND PIECES OF HORN, AND HOOFS"
Whalebone,CWTS (Hundredweights),WEAK,WEAK,3,1886;1891;1896,1891,1891,5518,WHALEBONE (WHALEFINS)
Swords Cutlasses Bayonets and Arms of other Sorts Unenumerated,CWTS (Hundredweights),WEAK,WEAK,2,1876;1881,1876,1876,4737,"CANNON AND MORTARS, MOUNTED OR ACCOMPANIED WITH CARRIAGES|Swords, Cutlasses, Bayonets, and Arms of other     Sorts, Unenumerated"
Metal Old fit only to be re-manufactured,Tons,WEAK,WEAK,2,1886;1896,1886,1886,4735,"METAL, UNENUMERATED|Old, fit only to be re-manufactured"
Ether Sulphuric,Gallons,WEAK,WEAK,4,1876;1886;1891;1896,1891;1896,1891;1896,4505,ETHER|SULPHURIC
Metal Unenumerated unwrought,Tons,WEAK,WEAK,5,1876;1881;1886;1891;1896,1876;1886,1876;1886,4466,"METAL|Unenumerated, Unwrought"
Tobacco Manufactured Snuff,Lbs. (Pounds),WEAK,WEAK,3,1876;1886;1891,1876,1876,4309,SPIRITS|Manufactured : Snuff
Wine Red in Bottles Sparkling Other Sorts,Gallons,WEAK,WEAK,2,1891;1896,,1891,4278,TOBACCO|Other Sorts
Petroleum Unrefined,Tuns (whale oil),WEAK,WEAK,2,1876;1881,1881,1881,3436,SUGAR|Unrefined
Spermaceiti or Head Matter (Whale Oils),Tuns (whale oil),WEAK,WEAK,2,1876;1886,1876,1876,3218,OIL|Spermaceti or Head Matter
Metal Old other than Iron or Copper for re-manufacture,Tons,WEAK,WEAK,3,1876;1881;1891,1876,1876,2517,"METAL|Old (other than Iron or Copper), fit only for     re-manufacture"
Swords Cutlasses Matchets Bayonets,CWTS (Hundredweights),WEAK,WEAK,2,1886;1896,1886,1886,2364,"ARMS AND AMMUNITION|Swords, Cutlasses, Matchets,     Bayonets"
Whale Fins,CWTS (Hundredweights),WEAK,WEAK,2,1876;1881,,1881,2103,VARNISH: NOT CONTAINING ALCOHOL|WHALEFINS
Wine White in Bottles Sparkling Burgundy,Gallons,WEAK,WEAK,2,1891;1896,1896,1896,1663,"TEA|White, in Bottles: Sparkling : Burgundy"
Collodion,Gallons,WEAK,WEAK,2,1891;1896,1891,1891,1319,COCOA|COLLODION
Fruit Preserved without sugar not dried,Lbs. (Pounds),SPARSE,SPARSE,1,1896,1896,1896,62986516,"FRUIT|Preserved without Sugar, other than Dried"
Prints Engravings and Photographs,Number,SPARSE,SPARSE,1,1886,1886,1886,36317438,"PRINTS, ENGRAVINGS AND PHOTO-GRAPHS"
Skins Furs Pelts Rabbit,Number,SPARSE,SPARSE,1,1896,1896,1896,30157616,"COTTON|Furs, Rabbit Skins"
Goats Wool or Hair Mohair,Lbs. (Pounds),SPARSE,SPARSE,1,1896,1896,1896,14986979,"WOOL|Goats' wool, Mohair"
Sugar Refined,CWTS (Hundredweights),SPARSE,SPARSE,1,1896,1896,1896,14776929,"SUGAR|Refined, Total"
Woollen Yarn for Weaving Mixed or not with Silk,Lbs. (Pounds),SPARSE,SPARSE,1,1891,1891,1891,14712167,WOOLLEN YARN|For Weaving
Wine Red Total of,Gallons,SPARSE,SPARSE,1,1896,1896,1896,11638415,TEA|Red: Total of
Skins Furs Pelts Unenumerated Other Sorts,Number,SPARSE,SPARSE,1,1896,1896,1896,9633586,"SKINS, FURS, AND PELTS|Furs, Unenumerated"
Skins Furs Pelts Goat Tanned Tawed or Dressed,Number,SPARSE,SPARSE,1,1881,1881,,8983237,"SKINS AND FURS|Sheep and Lambs', Undressed, without the Wool"
Sheep and Lamb Skins,Number,SPARSE,SPARSE,1,1876,1876,1876,7598967,"SKINS, FURS, AND PELTS|Sheep and Lamb, Undressed"
Oranges,Bushels,SPARSE,SPARSE,1,1896,1896,1896,7230471,FRUIT|Oranges
Skins Furs and Pelts Goat and Kid Tanned Tawed or Dressed,Number,SPARSE,SPARSE,1,1876,1876,1876,6732726,"SKINS, FURS, AND PELTS|Goat and Kid, Tanned, Tawed, or Dressed"
Rice not in the Husk,CWTS (Hundredweights),SPARSE,SPARSE,1,1876,1876,1876,6469181,RICE|Not in the Husk
Sugar Refined Total,CWTS (Hundredweights),SPARSE,SPARSE,1,1886,1886,1886,6372050,SUGAR|Refined. Total of
Skins Furs and Pelts Sheep and Lamb Tanned Tawed or Dressed,Number,SPARSE,SPARSE,1,1876,1876,1876,5566381,"SKINS, FURS, AND PELTS|Sheep and Lamb, Tanned, Tawed, or Dressed"
Precious Stones Diamonds,Carats,SPARSE,SPARSE,1,1896,1896,1896,3527810,DIAMONDS
Brandy,Proof Gallons,SPARSE,SPARSE,1,1896,1896,1896,2749624,FRUIT|Brandy
Paper and Pasteboard Unprinted,CWTS (Hundredweights),SPARSE,SPARSE,1,1896,1896,1896,2571377,PAPER AND PASTEBOARD|Unprinted
Fruit Raw or otherwise not described,Bushels,SPARSE,SPARSE,1,1876,1876,1876,2372779,"FLOWERS, ARTIFICIAL|Raw, not otherwise described"
Wool Goats Wool or Hair Other Sorts,Lbs. (Pounds),SPARSE,SPARSE,1,1896,1896,1896,2156233,WOOL|Other Sorts
Lemons,Bushels,SPARSE,SPARSE,1,1896,1896,1896,1660416,FRUIT|Lemons
Wine White in Bottles Sparkling Champagne,Gallons,SPARSE,SPARSE,1,1896,1896,1896,1612650,"TEA|White, in Bottles: Sparkling : Champagne"
Skins Furs Pelts Unenumerated not being Furs Dressed and Undressed,Number,SPARSE,SPARSE,1,1876,1876,1876,1589640,"SKINS, FURS, AND PEELTS|Unenumerated, not being Furs, Dressed and Undressed"
Wine in Bottles Sparkling Champagne,Gallons,SPARSE,SPARSE,1,1891,1891,1891,1579199,TOBACCO|Champagne
Iron and Steel Wrought or Manufactured,CWTS (Hundredweights),SPARSE,SPARSE,1,1876,1876,1876,1390225,METAL|Wrought or Manufactured
Skins Furs and Pelts Goat and Kid Undressed,Number,SPARSE,SPARSE,1,1876,,1876,1318386,BEADS|Of Glass
Gloves,Dozen Pairs,SPARSE,SPARSE,1,1881,1881,1881,1254842,LEATHER MANUFACTURES|Gloves
Paper Strawboard or Millboard,CWTS (Hundredweights),SPARSE,SPARSE,1,1896,,1896,1208397,COLLODIUM
Perfumery and Articles used in the Manufacture thereof except Perfumed Spirits,Lbs. (Pounds),SPARSE,SPARSE,1,1896,1896,1896,1110561,"PERFUMERY, AND ARTICLES USED IN THE MANUFACTURE THEREOF (EXCEPT PERFUMÉD SPIRITS)"
Butterine,CWTS (Hundredweights),SPARSE,SPARSE,1,1886,,1886,887974,FRUIT|Currants
Grapes,Bushels,SPARSE,SPARSE,1,1896,1896,1896,883244,"FRUIT|Grapes, Raw"
Fish Cured or Salted Unenumerated,CWTS (Hundredweights),SPARSE,SPARSE,1,1891,1891,1891,873340,"FISH|Cured or Salted, unenumerated"
Glass Bottles,Gross,SPARSE,SPARSE,1,1896,1896,1896,853693,GLASS|Bottles
Perfumery Unenumerated,Lbs. (Pounds),SPARSE,SPARSE,1,1876,1876,1876,759529,"PARAFFINE|PERFUMERY, Unenumerated"
Value of Articles Imported by Parcel Post,None,SPARSE,SPARSE,1,1896,1896,1896,727033,ZINC|ARTICLES Imported by PARCEL POST
Stones Marble,Tons,SPARSE,SPARSE,1,1896,1896,1896,673206,"STONES, MARBLE, ROUGH, HEWN OR MANUFACTURED (OTHER THAN WORKS OF ART)"
Tobacco Unenumerated,Lbs. (Pounds),SPARSE,SPARSE,1,1896,1896,1896,657822,TOBACCO|Other Sorts
Sago Sago Meal and Flour,CWTS (Hundredweights),SPARSE,SPARSE,1,1896,1896,1896,626588,"SAGO, AND FLOUR OR MEAL THEREOF"
Plums Raw,Bushels,SPARSE,SPARSE,1,1896,1896,1896,560245,"FLAX|Plums, Raw"
Beef Unenumerated Preserved otherwise than by Salting,CWTS (Hundredweights),SPARSE,SPARSE,1,1891,1891,1891,554235,"MEAT. UNENUMERATED|Preserved, otherwise than by Salting : Beef"
Leather Varnished,Lbs. (Pounds),SPARSE,SPARSE,1,1891,1891,1891,540939,"LEATHER|Varnished, Japanned, or En-   amelled"
Shell fish all sorts,CWTS (Hundredweights),SPARSE,SPARSE,1,1891,1891,1891,488731,"FISH (INCLUDING TURTLE)|Shell fish, all sorts"
Pears Raw,Bushels,SPARSE,SPARSE,1,1896,1896,1896,483823,"FRUIT|Pears, Raw"
Beef Preserved not by Salting,CWTS (Hundredweights),SPARSE,SPARSE,1,1896,,1896,401961,CAOUTCHOUC
Cider and Perry,Gallons,SPARSE,SPARSE,1,1896,1896,1896,321016,CIDER AND PERRY
Tin in Blocks Ingots Bars or Slabs and Regulus,CWTS (Hundredweights),SPARSE,SPARSE,1,1876,1876,1876,304551,"TIN|In Blocks, Ingots, Bars, or Slabs, and Regulus"
Meat Preserved not Salted,CWTS (Hundredweights),SPARSE,SPARSE,1,1876,1876,1876,283066,"MEAT, UNENUMERATED|Preserved, otherwise than by Salting"
Cocoa Butter,Lbs. (Pounds),SPARSE,SPARSE,1,1896,,1896,242940,PORK|Salted
Other Fresh Fish,CWTS (Hundredweights),SPARSE,SPARSE,1,1896,1896,1896,238715,FISH (INCLUDING TURTLE)|Other sorts of Fresh Fish
Oil Turpentine Oil or Spirit of,CWTS (Hundredweights),SPARSE,SPARSE,1,1876,1876,1876,236026,OIL|Turpentine (Oil or Spirit of)
Methylic Alcohol,Gallons,SPARSE,SPARSE,1,1896,1896,1896,228939,"METHYLIC ALCOHOL, NOT POTABLE"
Linen Waste,Lbs. (Pounds),SPARSE,SPARSE,1,1876,1876,1876,227084,LINEN WASTE
Oil Seed Cake Linseed,Tons,SPARSE,SPARSE,1,1896,1896,1896,220602,OIL SEED CAKE|Linseed-Cake
Cherries Raw,Bushels,SPARSE,SPARSE,1,1896,1896,1896,219367,"FRUIT|Cherries, Raw"
Oysters Fresh,CWTS (Hundredweights),SPARSE,SPARSE,1,1896,1896,1896,216052,"FISH (INCLUDING TURTLE)|Fresh (not of British taking) : Shell fish, Oysters"
Paper Making Materials Esparto and other Vegetable Fibres,Tons,SPARSE,SPARSE,1,1896,1896,1896,187278,"PAPER-MAKING MATERIALS|Esparto, and other Vegetable   Fibres"
Confectionery in the Manufacture of which Spirit has been used,Lbs. (Pounds),SPARSE,SPARSE,1,1896,1896,1896,185478,"CONFECTIONERY, IN THE MANUFACTURE OF WHICH SPIRIT HAS BEEN USED"
Paper Wood Pulp Board,CWTS (Hundredweights),SPARSE,SPARSE,1,1896,1896,1896,175352,PAPER|Wood Pulp Boards
Beef Fresh or Slightly Salted,CWTS (Hundredweights),SPARSE,SPARSE,1,1876,1876,1876,172268,BEEF|Fresh or Slightly Salted
Skins Furs Pelts Unenumerated Other Sorts Tanned Tawed or Dressed,Number,SPARSE,SPARSE,1,1881,1881,1881,172193,"SKINS, FURS, AND PELTS|Unenumerated: Other Sorts, Tanned, Tawed,     or Dressed"
Wine in Bottles Sparkling Saumur,Gallons,SPARSE,SPARSE,1,1891,1891,1891,171355,TOBACCO|Saumur
Silk Thrown,Lbs. (Pounds),SPARSE,SPARSE,1,1876,1876,1876,164040,SILK|Thrown
Figs,CWTS (Hundredweights),SPARSE,SPARSE,1,1876,1876,1876,163163,FRUIT|Figs
Naphtha,Gallons,SPARSE,SPARSE,1,1891,1891,1891,157419,"NAPHTHA, WOOD, NOT POTABLE"
Shell Fish Other sorts,CWTS (Hundredweights),SPARSE,SPARSE,1,1896,1896,1896,156638,"FISH (INCLUDING TURTLE)|Fresh (not of British taking) : Shell fish, other sorts"
Fruits and Vegetables Preserved in Sugar,CWTS (Hundredweights),SPARSE,SPARSE,1,1896,1896,1896,148923,FRUITS AND VEGETABLES: PRESERVED IN SUGAR
Wine White in Bottles Sparkling Samur,Gallons,SPARSE,SPARSE,1,1896,1896,1896,137855,"TEA|White, in Bottles: Sparkling : Saumur"
Mutton Preserved not by Salting,CWTS (Hundredweights),SPARSE,SPARSE,1,1896,1896,1896,122551,MEAT|Mutton
Oleo Margarine or Oleo Oil,CWTS (Hundredweights),SPARSE,SPARSE,1,1896,1896,1896,120387,OLEO-MARGARINE
Hay,Tons,SPARSE,SPARSE,1,1896,1896,1896,107987,HAY
Nitrate of Soda,Tons,SPARSE,SPARSE,1,1896,1896,1896,106445,MANURES|Nitrate of Soda (Cubic Nitre)
Cocoa Paste or Chocolate,Lbs. (Pounds),SPARSE,SPARSE,1,1876,1876,1876,100902,COCOA|Paste or Chocolate
Naphtha Wood not potable,Gallons,SPARSE,SPARSE,1,1886,1886,1886,90250,"NAPHTHA WOOD, NOT POTABLE"
Oil Seed Cake Cotton Seed,Tons,SPARSE,SPARSE,1,1896,1896,1896,89727,OIL SEED CAKE|Cotton Cake
Spirits Unenumerated including Shrub,Gallons,SPARSE,SPARSE,1,1876,1876,1876,88928,"SPIRITS|Unenumerated, including Shrub"
Hemp,Tons,SPARSE,SPARSE,1,1896,,1896,86518,"COPPER, ORE OF"
Boots and Shoes,Dozen Pairs,SPARSE,SPARSE,1,1881,1881,1881,86451,JUTE|Boots and Shoes
Paper Printed or Coated,CWTS (Hundredweights),SPARSE,SPARSE,1,1896,1896,1896,85766,PAPER|Printed or Coated
Spirits Unenumerated,Proof Gallons,SPARSE,SPARSE,1,1896,,1896,83920,GUM|Arabic
Straw,Tons,SPARSE,SPARSE,1,1896,1896,1896,73793,SUGAR|STRAW
Mutton Unenumerated Preserved otherwise than by Salting,CWTS (Hundredweights),SPARSE,SPARSE,1,1891,1891,1891,65073,"MEAT, UNENUMERATED|Mutton"
Zinc Crude,Tons,SPARSE,SPARSE,1,1891,1891,1891,58513,"ZINC|Crude, in Cakes"
Iron Pig,Tons,SPARSE,SPARSE,1,1881,1881,1881,55778,IRON|Pig
Glass Plate Fluted Rolled or Rough,CWTS (Hundredweights),SPARSE,SPARSE,1,1896,1896,1896,55072,"GLASS|Plate, Fluted, Rolled, or Rough"
Cocoa Cocoa or Chocolate in the manufacture of which Spirit has been used,Lbs. (Pounds),SPARSE,SPARSE,1,1896,1896,1896,51603,"COCOA OR CHOCOLATE, IN THE MANUFACTURE OF WHICH SPIRIT HAS BEEN USED"
Wine in Bottles Sparkling Moselle,Gallons,SPARSE,SPARSE,1,1891,1891,1891,47922,"TOBACCO|White, in Bottles, Sparkling : Moselle"
Iron Manufacturers of Tyres and Axles,Tons,SPARSE,SPARSE,1,1896,1896,1896,45605,IRON|Tyres and Axles
Spirits Sweetened or Mixed Perfumed Spirits including Water Cologne,Gallons,SPARSE,SPARSE,1,1876,1876,1876,42357,FRUIT|Perfumed Spirits (including Water Cologne)
Wine White in Bottles Sparkling Moselle,Gallons,SPARSE,SPARSE,1,1896,1896,1896,40233,"TOBACCO|White, in Bottles: Sparkling : Moselle"
Mica Talc etc,CWTS (Hundredweights),SPARSE,SPARSE,1,1896,1896,1896,34509,MICA AND TALC
Madder Root,CWTS (Hundredweights),SPARSE,SPARSE,1,1876,1876,1876,33824,MADDER|ROOT
Oil Seed,Tons,SPARSE,SPARSE,1,1896,1896,1896,33616,OIL|Seed
Swine and Hogs,Number,SPARSE,SPARSE,1,1881,1881,1881,24283,COWS|Swine
Paper Making Materials Other Paper Making Materials,Tons,SPARSE,SPARSE,1,1896,1896,1896,24106,PAPER|Other Materials
Confectionery containing not more than 50% Chocolate in the manufacture of which Spirit has been use,Lbs. (Pounds),SPARSE,SPARSE,1,1896,1896,1896,22796,"CONFECTIONERY, IN THE MANUFACTURE OF WHICH SPIRIT HAS BEEN USED|CONFECTIONERY, containing not more than 50 % Chocolate, in the Manufacture of which Spirit has been used"
Fresh Milk,Gallons,SPARSE,SPARSE,1,1896,1896,1896,22776,"MILK AND CREAM, FRESH"
Seed Oil of All Kinds,Tuns (whale oil),SPARSE,SPARSE,1,1876,1876,1876,22759,"OIL|Seed Oil, of all Kinds"
Straw For Agricultural purposes,Tons,SPARSE,SPARSE,1,1891,1891,1891,19556,STRAW|For Agricultural purposes
Rye meal,CWTS (Hundredweights),SPARSE,SPARSE,1,1876,,1876,17115,CORN AND GRAIN|Ryemeal
Pulp of Rags and Wood,Tons,SPARSE,SPARSE,1,1876,1876,1876,16627,RAGS AND OTHER MATERIALS FOR MAKING PAPER|Pulp of Rags and Wood
Madder Garancine,CWTS (Hundredweights),SPARSE,SPARSE,1,1876,1876,1876,15398,MADDER|GARANCINE
Beads Unenumerated,Lbs. (Pounds),SPARSE,SPARSE,1,1876,1876,1876,14646,BEADS|Unenumerated
Liqueurs Cordials &c not tested or ascertaining the strength,Gallons,SPARSE,SPARSE,1,1896,1896,1896,13832,"FRUIT|Liqueurs, Cordials, &c., not tested, for ascertaining the strength"
Teeth Elephants Sea Cow and Sea Horses,CWTS (Hundredweights),SPARSE,SPARSE,1,1876,1876,1876,12538,"TEETH, ELEPHANTS', SEA COW, AND SEA HORSE"
Confectionery containing not more than 50% chocolate,Lbs. (Pounds),SPARSE,SPARSE,1,1896,1896,1896,12095,"CONFECTIONERY, IN THE MANUFACTURE OF WHICH SPIRIT HAS BEEN USED|CONFECTIONERY, containing not more than 50 % Chocolate"
Madder and Madder Root,CWTS (Hundredweights),SPARSE,SPARSE,1,1891,1891,1891,11477,"DYE STUFFS, AND SUBSTANCES USED IN TANNING|Madder, Madder Root, Guaiacine and Munjeet"
Bark Of other sorts,CWTS (Hundredweights),SPARSE,SPARSE,1,1876,1876,1876,11338,BARK|Of other Sorts
Animals Living Horses Mares Geldings Colts and Foals,Number,SPARSE,SPARSE,1,1886,1886,1886,11026,"ANIMALS LIVING|Horses, Mares, Geldings,     Colts and Foals"
Steel Unwrought,Tons,SPARSE,SPARSE,1,1876,1876,1876,9230,"IRON|Steel, Unwrought"
Turpentine,CWTS (Hundredweights),SPARSE,SPARSE,1,1876,1876,1876,9176,TURPENTINE (ROUGH)
Metal Unenumerated Wrought or Manufactured,Tons,SPARSE,SPARSE,1,1896,,1896,3323,GOLD
Beer and Ale Spruce,Barrels,SPARSE,SPARSE,1,1876,1876,1876,2294,BEER AND ALE|Spruce
Metal Manufactured,Tons,SPARSE,SPARSE,1,1891,1891,,2178,"COPPER|Old, fit only to be re-manufactured"
Train Blubber and Spermaceti (Whale Oils),Tuns (whale oil),SPARSE,SPARSE,1,1881,1881,1881,2127,OIL|Spermaceti or Head Matter
Ether Acetic,Lbs. (Pounds),SPARSE,SPARSE,1,1891,1891,1891,1351,ETHER|ACETIC
Stallions,Number,SPARSE,SPARSE,1,1891,1891,1891,1168,"ANIMALS, LIVING|Stallions"
Slates,Number,UNVERIFIED,UNVERIFIED,1,1896,,,37752567,
Skins Furs Pelts Sheep Tanned Tawed or Dressed,Number,UNVERIFIED,UNVERIFIED,1,1881,,,6785751,
Wine White in Bottles Sparkling Other Sorts,Gallons,UNVERIFIED,UNVERIFIED,2,1891;1896,,,7162,
Oil Seed Cake of other sorts,Tons,UNVERIFIED,UNVERIFIED,1,1896,,,5744,
Tin Ore,Tons,UNVERIFIED,UNVERIFIED,2,1891;1896,,,4872,
"Gold Ore of, or Ore of which the greater part in Value is Gold",Tons,UNVERIFIED,UNVERIFIED,1,1896,,,2227,
